episode,reward,steps,duration,epsilon
1,-0.00,1,0.00,0.0000,-0.0006,0.0005,0.0005,0.0000
1,-0.00,2,0.00,0.0000,0.0002,-0.0000,-0.0000,0.0000
1,-0.10,3,0.00,0.0000,-0.0327,0.0264,0.0281,0.0033
1,-0.10,4,0.00,0.0000,-0.0237,0.0196,0.0208,0.0024
1,-0.11,5,0.00,0.0000,-0.0178,0.0153,0.0163,0.0019
1,-0.11,6,0.00,0.0000,-0.0132,0.0123,0.0131,0.0016
1,-0.11,7,0.00,0.0000,-0.0091,0.0099,0.0106,0.0013
1,-0.11,8,0.00,0.0000,-0.0050,0.0079,0.0085,0.0011
1,-0.11,9,0.00,0.0000,-0.0006,0.0060,0.0065,0.0010
1,-0.11,10,0.00,0.0000,0.0046,0.0041,0.0046,0.0009
1,-0.11,11,0.00,0.0000,0.0107,0.0021,0.0025,0.0009
1,-0.11,12,0.00,0.0000,0.0183,-0.0003,0.0003,0.0011
1,-0.11,13,0.00,0.0000,0.0276,-0.0030,-0.0023,0.0015
1,-0.11,14,0.00,0.0000,0.0391,-0.0066,-0.0055,0.0022
1,-0.12,15,0.00,0.0000,0.0533,-0.0104,-0.0086,0.0035
1,-0.12,16,0.00,0.0000,0.0708,-0.0156,-0.0128,0.0056
1,-0.12,17,0.00,0.0000,0.0923,-0.0223,-0.0178,0.0091
1,-0.12,18,0.00,0.0000,0.1181,-0.0298,-0.0226,0.0145
1,-0.12,19,0.00,0.0000,0.1500,-0.0395,-0.0280,0.0230
1,-0.12,20,0.00,0.0000,0.1895,-0.0535,-0.0353,0.0364
1,-0.12,21,0.00,0.0000,0.2360,-0.0728,-0.0447,0.0562
1,-0.12,22,0.00,0.0000,0.2910,-0.1019,-0.0593,0.0852
1,-0.12,23,0.00,0.0000,0.3556,-0.1438,-0.0804,0.1270
1,-0.12,24,0.00,0.0000,0.4309,-0.1947,-0.1016,0.1862
1,-0.13,25,0.00,0.0000,0.5142,-0.2480,-0.1155,0.2650
1,-0.13,26,0.00,0.0000,0.5827,-0.2934,-0.1234,0.3402
1,-0.13,27,0.00,0.0000,0.6090,-0.3180,-0.1323,0.3715
1,-0.13,28,0.00,0.0000,0.6025,-0.3250,-0.1432,0.3636
1,-0.13,29,0.00,0.0000,0.5789,-0.3216,-0.1538,0.3357
1,-0.13,30,0.00,0.0000,0.5516,-0.3148,-0.1624,0.3048
1,-0.13,31,0.00,0.0000,0.5316,-0.3109,-0.1693,0.2831
1,-0.13,32,0.00,0.0000,0.5253,-0.3141,-0.1759,0.2764
1,-0.13,33,0.00,0.0000,0.5344,-0.3261,-0.1830,0.2861
1,-0.13,34,0.00,0.0000,0.5578,-0.3467,-0.1909,0.3116
1,-0.14,35,0.00,0.0000,0.5925,-0.3746,-0.1988,0.3516
1,-0.14,36,0.00,0.0000,0.6342,-0.4073,-0.2060,0.4027
1,-0.14,37,0.00,0.0000,0.6754,-0.4402,-0.2119,0.4567
1,-0.14,38,0.00,0.0000,0.7060,-0.4666,-0.2171,0.4990
1,-0.14,39,0.00,0.0000,0.7185,-0.4811,-0.2227,0.5168
1,-0.14,40,0.00,0.0000,0.7133,-0.4835,-0.2289,0.5093
1,-0.14,41,0.00,0.0000,0.6969,-0.4780,-0.2349,0.4862
1,-0.14,42,0.00,0.0000,0.6782,-0.4703,-0.2401,0.4604
1,-0.14,43,0.00,0.0000,0.6651,-0.4660,-0.2446,0.4428
1,-0.14,44,0.00,0.0000,0.6625,-0.4687,-0.2491,0.4393
1,-0.15,45,0.00,0.0000,0.6719,-0.4797,-0.2538,0.4519
1,-0.15,46,0.00,0.0000,0.6917,-0.4981,-0.2587,0.4788
1,-0.15,47,0.00,0.0000,0.7177,-0.5211,-0.2633,0.5155
1,-0.15,48,0.00,0.0000,0.7439,-0.5443,-0.2674,0.5538
1,-0.15,49,0.00,0.0000,0.7631,-0.5626,-0.2712,0.5828
1,-0.15,50,0.00,0.0000,0.7706,-0.5722,-0.2750,0.5943
1,-0.15,51,0.00,0.0000,0.7664,-0.5729,-0.2790,0.5879
1,-0.15,52,0.00,0.0000,0.7551,-0.5682,-0.2829,0.5706
1,-0.15,53,0.00,0.0000,0.7431,-0.5627,-0.2863,0.5527
1,-0.15,54,0.00,0.0000,0.7364,-0.5609,-0.2896,0.5426
1,-0.16,55,0.00,0.0000,0.7381,-0.5654,-0.2928,0.5451
1,-0.16,56,0.00,0.0000,0.7484,-0.5764,-0.2962,0.5604
1,-0.16,57,0.00,0.0000,0.7648,-0.5921,-0.2995,0.5852
1,-0.16,58,0.00,0.0000,0.7825,-0.6089,-0.3025,0.6127
1,-0.16,59,0.00,0.0000,0.7963,-0.6226,-0.3053,0.6345
1,-0.16,60,0.00,0.0000,0.8023,-0.6301,-0.3082,0.6440
1,-0.16,61,0.00,0.0000,0.8000,-0.6312,-0.3110,0.6404
1,-0.16,62,0.00,0.0000,0.7927,-0.6281,-0.3138,0.6287
1,-0.16,63,0.00,0.0000,0.7851,-0.6248,-0.3164,0.6167
1,-0.16,64,0.00,0.0000,0.7817,-0.6245,-0.3189,0.6114
1,-0.17,65,0.00,0.0000,0.7846,-0.6293,-0.3213,0.6159
1,-0.17,66,0.00,0.0000,0.7935,-0.6388,-0.3238,0.6299
1,-0.17,67,0.00,0.0000,0.8055,-0.6508,-0.3262,0.6492
1,-0.17,68,0.00,0.0000,0.8168,-0.6622,-0.3285,0.6674
1,-0.17,69,0.00,0.0000,0.8235,-0.6700,-0.3307,0.6785
1,-0.17,70,0.00,0.0000,0.8243,-0.6728,-0.3329,0.6798
1,-0.17,71,0.00,0.0000,0.8205,-0.6719,-0.3351,0.6736
1,-0.17,72,0.00,0.0000,0.8155,-0.6698,-0.3371,0.6653
1,-0.17,73,0.00,0.0000,0.8127,-0.6695,-0.3391,0.6607
1,-0.17,74,0.00,0.0000,0.8141,-0.6726,-0.3411,0.6631
1,-0.18,75,0.00,0.0000,0.8202,-0.6795,-0.3430,0.6730
1,-0.18,76,0.00,0.0000,0.8287,-0.6885,-0.3449,0.6871
1,-0.18,77,0.00,0.0000,0.8366,-0.6969,-0.3468,0.7002
1,-0.18,78,0.00,0.0000,0.8411,-0.7024,-0.3485,0.7077
1,-0.18,79,0.00,0.0000,0.8414,-0.7044,-0.3503,0.7082
1,-0.18,80,0.00,0.0000,0.8387,-0.7039,-0.3520,0.7037
1,-0.18,81,0.00,0.0000,0.8357,-0.7030,-0.3537,0.6986
1,-0.18,82,0.00,0.0000,0.8348,-0.7039,-0.3553,0.6972
1,-0.18,83,0.00,0.0000,0.8373,-0.7076,-0.3569,0.7014
1,-0.18,84,0.00,0.0000,0.8426,-0.7136,-0.3585,0.7103
1,-0.19,85,0.00,0.0000,0.8488,-0.7204,-0.3600,0.7207
1,-0.19,86,0.00,0.0000,0.8535,-0.7259,-0.3615,0.7287
1,-0.19,87,0.00,0.0000,0.8553,-0.7289,-0.3630,0.7318
1,-0.19,88,0.00,0.0000,0.8544,-0.7296,-0.3644,0.7303
1,-0.19,89,0.00,0.0000,0.8525,-0.7293,-0.3659,0.7270
1,-0.19,90,0.00,0.0000,0.8515,-0.7299,-0.3672,0.7253
1,-0.19,91,0.00,0.0000,0.8528,-0.7323,-0.3686,0.7274
1,-0.19,92,0.00,0.0000,0.8563,-0.7366,-0.3699,0.7334
1,-0.19,93,0.00,0.0000,0.8608,-0.7418,-0.3712,0.7412
1,-0.19,94,0.00,0.0000,0.8645,-0.7463,-0.3725,0.7477
1,-0.20,95,0.00,0.0000,0.8664,-0.7491,-0.3737,0.7508
1,-0.20,96,0.00,0.0000,0.8662,-0.7502,-0.3750,0.7505
1,-0.20,97,0.00,0.0000,0.8651,-0.7505,-0.3762,0.7486
1,-0.20,98,0.00,0.0000,0.8646,-0.7512,-0.3773,0.7478
1,-0.20,99,0.00,0.0000,0.8657,-0.7534,-0.3785,0.7497
1,-0.20,100,0.00,0.0000,1.7307,-1.6191,36.6788,76.5957
2,-0.00,1,0.00,0.0000,0.7585,-0.7585,-0.4708,0.5753
2,-0.00,2,0.00,0.0000,0.6959,-0.6959,-0.4538,0.4843
2,-0.00,3,0.00,0.0000,0.6709,-0.6709,-0.4459,0.4502
2,-0.00,4,0.00,0.0000,0.6764,-0.6764,-0.4476,0.4575
2,-0.01,5,0.00,0.0000,0.7076,-0.7076,-0.4573,0.5007
2,-0.01,6,0.00,0.0000,0.7616,-0.7616,-0.4716,0.5800
2,-0.01,7,0.00,0.0000,0.8355,-0.8355,-0.4865,0.6980
2,-0.01,8,0.00,0.0000,0.9251,-0.9251,-0.4972,0.8559
2,-0.01,9,0.00,0.0000,1.0225,-1.0225,-0.4997,1.0455
2,-0.01,10,0.00,0.0000,1.1138,-1.1138,-0.4935,1.2406
2,-0.01,11,0.00,0.0000,1.1807,-1.1807,-0.4837,1.3941
2,-0.01,12,0.00,0.0000,1.2084,-1.2084,-0.4783,1.4603
2,-0.01,13,0.00,0.0000,1.1946,-1.1946,-0.4811,1.4270
2,-0.01,14,0.00,0.0000,1.1486,-1.1486,-0.4890,1.3194
2,-0.02,15,0.00,0.0000,1.0853,-1.0853,-0.4964,1.1779
2,-0.02,16,0.00,0.0000,1.0185,-1.0185,-0.4998,1.0374
2,-0.02,17,0.00,0.0000,0.9588,-0.9588,-0.4991,0.9192
2,-0.02,18,0.00,0.0000,0.9122,-0.9122,-0.4961,0.8320
2,-0.02,19,0.00,0.0000,0.8815,-0.8815,-0.4930,0.7771
2,-0.02,20,0.00,0.0000,0.8673,-0.8673,-0.4912,0.7522
2,-0.02,21,0.00,0.0000,0.8685,-0.8685,-0.4914,0.7544
2,-0.02,22,0.00,0.0000,0.8836,-0.8836,-0.4932,0.7808
2,-0.02,23,0.00,0.0000,0.9101,-0.9101,-0.4960,0.8283
2,-0.02,24,0.00,0.0000,0.9450,-0.9450,-0.4985,0.8930
2,-0.03,25,0.00,0.0000,0.9842,-0.9842,-0.4999,0.9686
2,-0.03,26,0.00,0.0000,1.0227,-1.0227,-0.4997,1.0460
2,-0.03,27,0.00,0.0000,1.0554,-1.0554,-0.4985,1.1139
2,-0.03,28,0.00,0.0000,1.0774,-1.0774,-0.4970,1.1607
2,-0.03,29,0.00,0.0000,1.0858,-1.0858,-0.4963,1.1789
2,-0.03,30,0.00,0.0000,1.0804,-1.0804,-0.4968,1.1672
2,-0.03,31,0.00,0.0000,1.0635,-1.0635,-0.4980,1.1310
2,-0.03,32,0.00,0.0000,1.0392,-1.0392,-0.4992,1.0800
2,-0.03,33,0.00,0.0000,1.0123,-1.0123,-0.4999,1.0247
2,-0.03,34,0.00,0.0000,0.9867,-0.9867,-0.4999,0.9736
2,-0.04,35,0.00,0.0000,0.9658,-0.9658,-0.4994,0.9328
2,-0.04,36,0.00,0.0000,0.9516,-0.9516,-0.4988,0.9055
2,-0.04,37,0.00,0.0000,0.9449,-0.9449,-0.4985,0.8928
2,-0.04,38,0.00,0.0000,0.9457,-0.9457,-0.4985,0.8944
2,-0.04,39,0.00,0.0000,0.9532,-0.9532,-0.4989,0.9087
2,-0.04,40,0.00,0.0000,0.9661,-0.9661,-0.4994,0.9333
2,-0.04,41,0.00,0.0000,0.9822,-0.9822,-0.4998,0.9647
2,-0.04,42,0.00,0.0000,0.9994,-0.9994,-0.5000,0.9987
2,-0.04,43,0.00,0.0000,1.0152,-1.0152,-0.4999,1.0306
2,-0.04,44,0.00,0.0000,1.0275,-1.0275,-0.4996,1.0557
2,-0.05,45,0.00,0.0000,1.0346,-1.0346,-0.4994,1.0704
2,-0.05,46,0.00,0.0000,1.0360,-1.0360,-0.4994,1.0733
2,-0.05,47,0.00,0.0000,1.0319,-1.0319,-0.4995,1.0649
2,-0.05,48,0.00,0.0000,1.0236,-1.0236,-0.4997,1.0478
2,-0.05,49,0.00,0.0000,1.0127,-1.0127,-0.4999,1.0255
2,-0.05,50,0.00,0.0000,1.0011,-1.0011,-0.5000,1.0022
2,-0.05,51,0.00,0.0000,0.9906,-0.9906,-0.5000,0.9812
2,-0.05,52,0.00,0.0000,0.9824,-0.9824,-0.4998,0.9652
2,-0.05,53,0.00,0.0000,0.9776,-0.9776,-0.4997,0.9557
2,-0.05,54,0.00,0.0000,0.9763,-0.9763,-0.4997,0.9532
2,-0.06,55,0.00,0.0000,0.9784,-0.9784,-0.4998,0.9573
2,-0.06,56,0.00,0.0000,0.9833,-0.9833,-0.4999,0.9670
2,-0.06,57,0.00,0.0000,0.9902,-0.9902,-0.5000,0.9804
2,-0.06,58,0.00,0.0000,0.9978,-0.9978,-0.5000,0.9955
2,-0.06,59,0.00,0.0000,1.0050,-1.0050,-0.5000,1.0100
2,-0.06,60,0.00,0.0000,1.0108,-1.0108,-0.4999,1.0218
2,-0.06,61,0.00,0.0000,1.0145,-1.0145,-0.4999,1.0292
2,-0.06,62,0.00,0.0000,1.0156,-1.0156,-0.4999,1.0315
2,-0.06,63,0.00,0.0000,1.0143,-1.0143,-0.4999,1.0288
2,-0.06,64,0.00,0.0000,1.0109,-1.0109,-0.4999,1.0220
2,-0.07,65,0.00,0.0000,1.0062,-1.0062,-0.5000,1.0125
2,-0.07,66,0.00,0.0000,1.0011,-1.0011,-0.5000,1.0022
2,-0.07,67,0.00,0.0000,0.9963,-0.9963,-0.5000,0.9926
2,-0.07,68,0.00,0.0000,0.9925,-0.9925,-0.5000,0.9851
2,-0.07,69,0.00,0.0000,0.9903,-0.9903,-0.5000,0.9806
2,-0.07,70,0.00,0.0000,0.9896,-0.9896,-0.4999,0.9794
2,-0.07,71,0.00,0.0000,0.9906,-0.9906,-0.5000,0.9814
2,-0.07,72,0.00,0.0000,0.9929,-0.9929,-0.5000,0.9859
2,-0.07,73,0.00,0.0000,0.9961,-0.9961,-0.5000,0.9922
2,-0.07,74,0.00,0.0000,0.9995,-0.9995,-0.5000,0.9990
2,-0.08,75,0.00,0.0000,1.0027,-1.0027,-0.5000,1.0054
2,-0.08,76,0.00,0.0000,1.0052,-1.0052,-0.5000,1.0104
2,-0.08,77,0.00,0.0000,1.0066,-1.0066,-0.5000,1.0132
2,-0.08,78,0.00,0.0000,1.0069,-1.0069,-0.5000,1.0138
2,-0.08,79,0.00,0.0000,1.0060,-1.0060,-0.5000,1.0121
2,-0.08,80,0.00,0.0000,1.0043,-1.0043,-0.5000,1.0086
2,-0.08,81,0.00,0.0000,1.0021,-1.0021,-0.5000,1.0042
2,-0.08,82,0.00,0.0000,0.9998,-0.9998,-0.5000,0.9995
2,-0.08,83,0.00,0.0000,0.9977,-0.9977,-0.5000,0.9954
2,-0.08,84,0.00,0.0000,0.9962,-0.9962,-0.5000,0.9925
2,-0.09,85,0.00,0.0000,0.9955,-0.9955,-0.5000,0.9909
2,-0.09,86,0.00,0.0000,0.9955,-0.9955,-0.5000,0.9910
2,-0.09,87,0.00,0.0000,0.9962,-0.9962,-0.5000,0.9925
2,-0.09,88,0.00,0.0000,0.9975,-0.9975,-0.5000,0.9950
2,-0.09,89,0.00,0.0000,0.9990,-0.9990,-0.5000,0.9981
2,-0.09,90,0.00,0.0000,1.0006,-1.0006,-0.5000,1.0012
2,-0.09,91,0.00,0.0000,1.0019,-1.0019,-0.5000,1.0038
2,-0.09,92,0.00,0.0000,1.0028,-1.0028,-0.5000,1.0055
2,-0.09,93,0.00,0.0000,1.0031,-1.0031,-0.5000,1.0062
2,-0.09,94,0.00,0.0000,1.0029,-1.0029,-0.5000,1.0058
2,-0.10,95,0.00,0.0000,1.0022,-1.0022,-0.5000,1.0045
2,-0.10,96,0.00,0.0000,1.0013,-1.0013,-0.5000,1.0026
2,-0.10,97,0.00,0.0000,1.0002,-1.0002,-0.5000,1.0004
2,-0.10,98,0.00,0.0000,0.9992,-0.9992,-0.5000,0.9984
2,-0.10,99,0.00,0.0000,0.9984,-0.9984,-0.5000,0.9969
2,-0.10,100,0.00,0.0000,1.9870,-1.9870,48.4043,100.7825
3,-0.00,1,0.00,0.0000,0.9009,-0.9009,-0.4951,0.8117
3,-0.00,2,0.00,0.0000,0.8141,-0.8141,-0.4827,0.6627
3,-0.00,3,0.00,0.0000,0.7575,-0.7575,-0.4706,0.5738
3,-0.00,4,0.00,0.0000,0.7280,-0.7280,-0.4630,0.5300
3,-0.01,5,0.00,0.0000,0.7221,-0.7221,-0.4614,0.5215
3,-0.01,6,0.00,0.0000,0.7371,-0.7371,-0.4654,0.5433
3,-0.01,7,0.00,0.0000,0.7706,-0.7706,-0.4737,0.5938
3,-0.01,8,0.00,0.0000,0.8204,-0.8204,-0.4839,0.6731
3,-0.01,9,0.00,0.0000,0.8837,-0.8837,-0.4932,0.7810
3,-0.01,10,0.00,0.0000,0.9559,-0.9559,-0.4990,0.9137
3,-0.01,11,0.00,0.0000,1.0301,-1.0301,-0.4995,1.0610
3,-0.01,12,0.00,0.0000,1.0968,-1.0968,-0.4953,1.2030
3,-0.01,13,0.00,0.0000,1.1459,-1.1459,-0.4894,1.3130
3,-0.01,14,0.00,0.0000,1.1693,-1.1693,-0.4857,1.3673
3,-0.02,15,0.00,0.0000,1.1648,-1.1648,-0.4864,1.3569
3,-0.02,16,0.00,0.0000,1.1365,-1.1365,-0.4907,1.2915
3,-0.02,17,0.00,0.0000,1.0924,-1.0924,-0.4957,1.1932
3,-0.02,18,0.00,0.0000,1.0418,-1.0418,-0.4991,1.0854
3,-0.02,19,0.00,0.0000,0.9928,-0.9928,-0.5000,0.9857
3,-0.02,20,0.00,0.0000,0.9510,-0.9510,-0.4988,0.9045
3,-0.02,21,0.00,0.0000,0.9198,-0.9198,-0.4968,0.8460
3,-0.02,22,0.00,0.0000,0.9004,-0.9004,-0.4950,0.8107
3,-0.02,23,0.00,0.0000,0.8931,-0.8931,-0.4943,0.7976
3,-0.02,24,0.00,0.0000,0.8970,-0.8970,-0.4947,0.8046
3,-0.03,25,0.00,0.0000,0.9109,-0.9109,-0.4960,0.8296
3,-0.03,26,0.00,0.0000,0.9327,-0.9327,-0.4977,0.8698
3,-0.03,27,0.00,0.0000,0.9599,-0.9599,-0.4992,0.9214
3,-0.03,28,0.00,0.0000,0.9896,-0.9896,-0.4999,0.9792
3,-0.03,29,0.00,0.0000,1.0182,-1.0182,-0.4998,1.0367
3,-0.03,30,0.00,0.0000,1.0423,-1.0423,-0.4991,1.0863
3,-0.03,31,0.00,0.0000,1.0589,-1.0589,-0.4983,1.1213
3,-0.03,32,0.00,0.0000,1.0664,-1.0664,-0.4978,1.1372
3,-0.03,33,0.00,0.0000,1.0644,-1.0644,-0.4979,1.1329
3,-0.03,34,0.00,0.0000,1.0541,-1.0541,-0.4985,1.1112
3,-0.04,35,0.00,0.0000,1.0380,-1.0380,-0.4993,1.0774
3,-0.04,36,0.00,0.0000,1.0188,-1.0188,-0.4998,1.0380
3,-0.04,37,0.00,0.0000,0.9995,-0.9995,-0.5000,0.9991
3,-0.04,38,0.00,0.0000,0.9824,-0.9824,-0.4998,0.9651
3,-0.04,39,0.00,0.0000,0.9692,-0.9692,-0.4995,0.9394
3,-0.04,40,0.00,0.0000,0.9610,-0.9610,-0.4992,0.9234
3,-0.04,41,0.00,0.0000,0.9579,-0.9579,-0.4991,0.9177
3,-0.04,42,0.00,0.0000,0.9600,-0.9600,-0.4992,0.9216
3,-0.04,43,0.00,0.0000,0.9664,-0.9664,-0.4994,0.9340
3,-0.04,44,0.00,0.0000,0.9761,-0.9761,-0.4997,0.9528
3,-0.05,45,0.00,0.0000,0.9878,-0.9878,-0.4999,0.9757
3,-0.05,46,0.00,0.0000,0.9998,-0.9998,-0.5000,0.9997
3,-0.05,47,0.00,0.0000,1.0108,-1.0108,-0.4999,1.0218
3,-0.05,48,0.00,0.0000,1.0195,-1.0195,-0.4998,1.0394
3,-0.05,49,0.00,0.0000,1.0249,-1.0249,-0.4997,1.0503
3,-0.05,50,0.00,0.0000,1.0265,-1.0265,-0.4996,1.0538
3,-0.05,51,0.00,0.0000,1.0246,-1.0246,-0.4997,1.0499
3,-0.05,52,0.00,0.0000,1.0198,-1.0198,-0.4998,1.0399
3,-0.05,53,0.00,0.0000,1.0129,-1.0129,-0.4999,1.0259
3,-0.05,54,0.00,0.0000,1.0051,-1.0051,-0.5000,1.0102
3,-0.06,55,0.00,0.0000,0.9974,-0.9974,-0.5000,0.9949
3,-0.06,56,0.00,0.0000,0.9909,-0.9909,-0.5000,0.9819
3,-0.06,57,0.00,0.0000,0.9862,-0.9862,-0.4999,0.9725
3,-0.06,58,0.00,0.0000,0.9836,-0.9836,-0.4999,0.9675
3,-0.06,59,0.00,0.0000,0.9833,-0.9833,-0.4999,0.9668
3,-0.06,60,0.00,0.0000,0.9850,-0.9850,-0.4999,0.9703
3,-0.06,61,0.00,0.0000,0.9885,-0.9885,-0.4999,0.9771
3,-0.06,62,0.00,0.0000,0.9930,-0.9930,-0.5000,0.9861
3,-0.06,63,0.00,0.0000,0.9980,-0.9980,-0.5000,0.9960
3,-0.06,64,0.00,0.0000,1.0028,-1.0028,-0.5000,1.0055
3,-0.07,65,0.00,0.0000,1.0067,-1.0067,-0.5000,1.0135
3,-0.07,66,0.00,0.0000,1.0094,-1.0094,-0.5000,1.0190
3,-0.07,67,0.00,0.0000,1.0107,-1.0107,-0.4999,1.0215
3,-0.07,68,0.00,0.0000,1.0104,-1.0104,-0.4999,1.0209
3,-0.07,69,0.00,0.0000,1.0088,-1.0088,-0.5000,1.0176
3,-0.07,70,0.00,0.0000,1.0062,-1.0062,-0.5000,1.0124
3,-0.07,71,0.00,0.0000,1.0031,-1.0031,-0.5000,1.0061
3,-0.07,72,0.00,0.0000,0.9998,-0.9998,-0.5000,0.9997
3,-0.07,73,0.00,0.0000,0.9970,-0.9970,-0.5000,0.9940
3,-0.07,74,0.00,0.0000,0.9948,-0.9948,-0.5000,0.9896
3,-0.08,75,0.00,0.0000,0.9935,-0.9935,-0.5000,0.9870
3,-0.08,76,0.00,0.0000,0.9931,-0.9931,-0.5000,0.9863
3,-0.08,77,0.00,0.0000,0.9937,-0.9937,-0.5000,0.9875
3,-0.08,78,0.00,0.0000,0.9951,-0.9951,-0.5000,0.9901
3,-0.08,79,0.00,0.0000,0.9969,-0.9969,-0.5000,0.9938
3,-0.08,80,0.00,0.0000,0.9990,-0.9990,-0.5000,0.9980
3,-0.08,81,0.00,0.0000,1.0010,-1.0010,-0.5000,1.0020
3,-0.08,82,0.00,0.0000,1.0027,-1.0027,-0.5000,1.0053
3,-0.08,83,0.00,0.0000,1.0038,-1.0038,-0.5000,1.0077
3,-0.08,84,0.00,0.0000,1.0044,-1.0044,-0.5000,1.0088
3,-0.09,85,0.00,0.0000,1.0043,-1.0043,-0.5000,1.0086
3,-0.09,86,0.00,0.0000,1.0036,-1.0036,-0.5000,1.0073
3,-0.09,87,0.00,0.0000,1.0025,-1.0025,-0.5000,1.0051
3,-0.09,88,0.00,0.0000,1.0012,-1.0012,-0.5000,1.0025
3,-0.09,89,0.00,0.0000,0.9999,-0.9999,-0.5000,0.9998
3,-0.09,90,0.00,0.0000,0.9987,-0.9987,-0.5000,0.9974
3,-0.09,91,0.00,0.0000,0.9978,-0.9978,-0.5000,0.9956
3,-0.09,92,0.00,0.0000,0.9973,-0.9973,-0.5000,0.9945
3,-0.09,93,0.00,0.0000,0.9972,-0.9972,-0.5000,0.9943
3,-0.09,94,0.00,0.0000,0.9975,-0.9975,-0.5000,0.9949
3,-0.10,95,0.00,0.0000,0.9981,-0.9981,-0.5000,0.9961
3,-0.10,96,0.00,0.0000,0.9989,-0.9989,-0.5000,0.9977
3,-0.10,97,0.00,0.0000,0.9997,-0.9997,-0.5000,0.9995
3,-0.10,98,0.00,0.0000,1.0006,-1.0006,-0.5000,1.0011
3,-0.10,99,0.00,0.0000,1.0012,-1.0012,-0.5000,1.0025
3,-0.10,100,0.00,0.0000,1.9943,-1.9943,48.7698,101.5283
4,-0.00,1,0.00,0.0000,0.8872,-0.8872,-0.4936,0.7871
4,-0.00,2,0.00,0.0000,0.8075,-0.8075,-0.4815,0.6521
4,-0.00,3,0.00,0.0000,0.7557,-0.7557,-0.4702,0.5711
4,-0.00,4,0.00,0.0000,0.7288,-0.7288,-0.4632,0.5311
4,-0.01,5,0.00,0.0000,0.7237,-0.7237,-0.4618,0.5237
4,-0.01,6,0.00,0.0000,0.7380,-0.7380,-0.4657,0.5446
4,-0.01,7,0.00,0.0000,0.7696,-0.7696,-0.4735,0.5923
4,-0.01,8,0.00,0.0000,0.8166,-0.8166,-0.4832,0.6668
4,-0.01,9,0.00,0.0000,0.8763,-0.8763,-0.4924,0.7680
4,-0.01,10,0.00,0.0000,0.9448,-0.9448,-0.4985,0.8927
4,-0.01,11,0.00,0.0000,1.0160,-1.0160,-0.4999,1.0323
4,-0.01,12,0.00,0.0000,1.0818,-1.0818,-0.4967,1.1703
4,-0.01,13,0.00,0.0000,1.1331,-1.1331,-0.4911,1.2838
4,-0.01,14,0.00,0.0000,1.1621,-1.1621,-0.4869,1.3505
4,-0.02,15,0.00,0.0000,1.1655,-1.1655,-0.4863,1.3585
4,-0.02,16,0.00,0.0000,1.1453,-1.1453,-0.4894,1.3117
4,-0.02,17,0.00,0.0000,1.1078,-1.1078,-0.4942,1.2272
4,-0.02,18,0.00,0.0000,1.0613,-1.0613,-0.4981,1.1264
4,-0.02,19,0.00,0.0000,1.0135,-1.0135,-0.4999,1.0273
4,-0.02,20,0.00,0.0000,0.9705,-0.9705,-0.4996,0.9419
4,-0.02,21,0.00,0.0000,0.9360,-0.9360,-0.4980,0.8761
4,-0.02,22,0.00,0.0000,0.9120,-0.9120,-0.4961,0.8318
4,-0.02,23,0.00,0.0000,0.8992,-0.8992,-0.4949,0.8085
4,-0.02,24,0.00,0.0000,0.8971,-0.8971,-0.4947,0.8048
4,-0.03,25,0.00,0.0000,0.9050,-0.9050,-0.4955,0.8190
4,-0.03,26,0.00,0.0000,0.9212,-0.9212,-0.4969,0.8485
4,-0.03,27,0.00,0.0000,0.9438,-0.9438,-0.4984,0.8907
4,-0.03,28,0.00,0.0000,0.9704,-0.9704,-0.4996,0.9416
4,-0.03,29,0.00,0.0000,0.9980,-0.9980,-0.5000,0.9961
4,-0.03,30,0.00,0.0000,1.0238,-1.0238,-0.4997,1.0481
4,-0.03,31,0.00,0.0000,1.0446,-1.0446,-0.4990,1.0911
4,-0.03,32,0.00,0.0000,1.0582,-1.0582,-0.4983,1.1198
4,-0.03,33,0.00,0.0000,1.0634,-1.0634,-0.4980,1.1308
4,-0.03,34,0.00,0.0000,1.0602,-1.0602,-0.4982,1.1241
4,-0.04,35,0.00,0.0000,1.0500,-1.0500,-0.4987,1.1026
4,-0.04,36,0.00,0.0000,1.0349,-1.0349,-0.4994,1.0709
4,-0.04,37,0.00,0.0000,1.0172,-1.0172,-0.4999,1.0348
4,-0.04,38,0.00,0.0000,0.9996,-0.9996,-0.5000,0.9992
4,-0.04,39,0.00,0.0000,0.9839,-0.9839,-0.4999,0.9681
4,-0.04,40,0.00,0.0000,0.9717,-0.9717,-0.4996,0.9443
4,-0.04,41,0.00,0.0000,0.9639,-0.9639,-0.4993,0.9291
4,-0.04,42,0.00,0.0000,0.9607,-0.9607,-0.4992,0.9230
4,-0.04,43,0.00,0.0000,0.9620,-0.9620,-0.4993,0.9255
4,-0.04,44,0.00,0.0000,0.9673,-0.9673,-0.4995,0.9357
4,-0.05,45,0.00,0.0000,0.9757,-0.9757,-0.4997,0.9519
4,-0.05,46,0.00,0.0000,0.9859,-0.9859,-0.4999,0.9720
4,-0.05,47,0.00,0.0000,0.9968,-0.9968,-0.5000,0.9936
4,-0.05,48,0.00,0.0000,1.0071,-1.0071,-0.5000,1.0142
4,-0.05,49,0.00,0.0000,1.0156,-1.0156,-0.4999,1.0314
4,-0.05,50,0.00,0.0000,1.0215,-1.0215,-0.4998,1.0434
4,-0.05,51,0.00,0.0000,1.0242,-1.0242,-0.4997,1.0490
4,-0.05,52,0.00,0.0000,1.0238,-1.0238,-0.4997,1.0482
4,-0.05,53,0.00,0.0000,1.0206,-1.0206,-0.4998,1.0416
4,-0.05,54,0.00,0.0000,1.0152,-1.0152,-0.4999,1.0307
4,-0.06,55,0.00,0.0000,1.0086,-1.0086,-0.5000,1.0173
4,-0.06,56,0.00,0.0000,1.0017,-1.0017,-0.5000,1.0034
4,-0.06,57,0.00,0.0000,0.9953,-0.9953,-0.5000,0.9905
4,-0.06,58,0.00,0.0000,0.9901,-0.9901,-0.5000,0.9802
4,-0.06,59,0.00,0.0000,0.9865,-0.9865,-0.4999,0.9732
4,-0.06,60,0.00,0.0000,0.9849,-0.9849,-0.4999,0.9700
4,-0.06,61,0.00,0.0000,0.9851,-0.9851,-0.4999,0.9705
4,-0.06,62,0.00,0.0000,0.9871,-0.9871,-0.4999,0.9743
4,-0.06,63,0.00,0.0000,0.9903,-0.9903,-0.5000,0.9807
4,-0.06,64,0.00,0.0000,0.9943,-0.9943,-0.5000,0.9887
4,-0.07,65,0.00,0.0000,0.9987,-0.9987,-0.5000,0.9973
4,-0.07,66,0.00,0.0000,1.0027,-1.0027,-0.5000,1.0055
4,-0.07,67,0.00,0.0000,1.0061,-1.0061,-0.5000,1.0122
4,-0.07,68,0.00,0.0000,1.0084,-1.0084,-0.5000,1.0168
4,-0.07,69,0.00,0.0000,1.0095,-1.0095,-0.5000,1.0190
4,-0.07,70,0.00,0.0000,1.0093,-1.0093,-0.5000,1.0187
4,-0.07,71,0.00,0.0000,1.0080,-1.0080,-0.5000,1.0161
4,-0.07,72,0.00,0.0000,1.0059,-1.0059,-0.5000,1.0118
4,-0.07,73,0.00,0.0000,1.0033,-1.0033,-0.5000,1.0066
4,-0.07,74,0.00,0.0000,1.0005,-1.0005,-0.5000,1.0011
4,-0.08,75,0.00,0.0000,0.9980,-0.9980,-0.5000,0.9960
4,-0.08,76,0.00,0.0000,0.9960,-0.9960,-0.5000,0.9920
4,-0.08,77,0.00,0.0000,0.9946,-0.9946,-0.5000,0.9893
4,-0.08,78,0.00,0.0000,0.9940,-0.9940,-0.5000,0.9881
4,-0.08,79,0.00,0.0000,0.9942,-0.9942,-0.5000,0.9885
4,-0.08,80,0.00,0.0000,0.9951,-0.9951,-0.5000,0.9902
4,-0.08,81,0.00,0.0000,0.9965,-0.9965,-0.5000,0.9929
4,-0.08,82,0.00,0.0000,0.9981,-0.9981,-0.5000,0.9962
4,-0.08,83,0.00,0.0000,0.9998,-0.9998,-0.5000,0.9997
4,-0.08,84,0.00,0.0000,1.0014,-1.0014,-0.5000,1.0028
4,-0.09,85,0.00,0.0000,1.0027,-1.0027,-0.5000,1.0053
4,-0.09,86,0.00,0.0000,1.0035,-1.0035,-0.5000,1.0070
4,-0.09,87,0.00,0.0000,1.0038,-1.0038,-0.5000,1.0076
4,-0.09,88,0.00,0.0000,1.0036,-1.0036,-0.5000,1.0072
4,-0.09,89,0.00,0.0000,1.0030,-1.0030,-0.5000,1.0059
4,-0.09,90,0.00,0.0000,1.0020,-1.0020,-0.5000,1.0041
4,-0.09,91,0.00,0.0000,1.0010,-1.0010,-0.5000,1.0019
4,-0.09,92,0.00,0.0000,0.9999,-0.9999,-0.5000,0.9997
4,-0.09,93,0.00,0.0000,0.9989,-0.9989,-0.5000,0.9978
4,-0.09,94,0.00,0.0000,0.9982,-0.9982,-0.5000,0.9963
4,-0.10,95,0.00,0.0000,0.9977,-0.9977,-0.5000,0.9955
4,-0.10,96,0.00,0.0000,0.9976,-0.9976,-0.5000,0.9952
4,-0.10,97,0.00,0.0000,0.9978,-0.9978,-0.5000,0.9956
4,-0.10,98,0.00,0.0000,0.9983,-0.9983,-0.5000,0.9965
4,-0.10,99,0.00,0.0000,0.9989,-0.9989,-0.5000,0.9977
4,-0.10,100,0.00,0.0000,1.9901,-1.9901,48.5596,101.0994
5,-0.00,1,0.00,0.0000,0.8936,-0.8936,-0.4943,0.7985
5,-0.00,2,0.00,0.0000,0.8166,-0.8166,-0.4832,0.6668
5,-0.00,3,0.00,0.0000,0.7658,-0.7658,-0.4726,0.5865
5,-0.00,4,0.00,0.0000,0.7388,-0.7388,-0.4659,0.5458
5,-0.01,5,0.00,0.0000,0.7327,-0.7327,-0.4643,0.5368
5,-0.01,6,0.00,0.0000,0.7451,-0.7451,-0.4675,0.5552
5,-0.01,7,0.00,0.0000,0.7743,-0.7743,-0.4745,0.5996
5,-0.01,8,0.00,0.0000,0.8182,-0.8182,-0.4835,0.6695
5,-0.01,9,0.00,0.0000,0.8744,-0.8744,-0.4921,0.7646
5,-0.01,10,0.00,0.0000,0.9391,-0.9391,-0.4981,0.8820
5,-0.01,11,0.00,0.0000,1.0069,-1.0069,-0.5000,1.0139
5,-0.01,12,0.00,0.0000,1.0705,-1.0705,-0.4975,1.1459
5,-0.01,13,0.00,0.0000,1.1215,-1.1215,-0.4926,1.2578
5,-0.01,14,0.00,0.0000,1.1527,-1.1527,-0.4883,1.3287
5,-0.02,15,0.00,0.0000,1.1603,-1.1603,-0.4872,1.3462
5,-0.02,16,0.00,0.0000,1.1451,-1.1451,-0.4895,1.3114
5,-0.02,17,0.00,0.0000,1.1126,-1.1126,-0.4937,1.2378
5,-0.02,18,0.00,0.0000,1.0698,-1.0698,-0.4976,1.1445
5,-0.02,19,0.00,0.0000,1.0244,-1.0244,-0.4997,1.0493
5,-0.02,20,0.00,0.0000,0.9821,-0.9821,-0.4998,0.9645
5,-0.02,21,0.00,0.0000,0.9470,-0.9470,-0.4986,0.8968
5,-0.02,22,0.00,0.0000,0.9214,-0.9214,-0.4969,0.8490
5,-0.02,23,0.00,0.0000,0.9062,-0.9062,-0.4956,0.8212
5,-0.02,24,0.00,0.0000,0.9013,-0.9013,-0.4951,0.8124
5,-0.03,25,0.00,0.0000,0.9060,-0.9060,-0.4956,0.8209
5,-0.03,26,0.00,0.0000,0.9190,-0.9190,-0.4967,0.8446
5,-0.03,27,0.00,0.0000,0.9387,-0.9387,-0.4981,0.8811
5,-0.03,28,0.00,0.0000,0.9628,-0.9628,-0.4993,0.9269
5,-0.03,29,0.00,0.0000,0.9888,-0.9888,-0.4999,0.9777
5,-0.03,30,0.00,0.0000,1.0139,-1.0139,-0.4999,1.0280
5,-0.03,31,0.00,0.0000,1.0354,-1.0354,-0.4994,1.0721
5,-0.03,32,0.00,0.0000,1.0510,-1.0510,-0.4987,1.1045
5,-0.03,33,0.00,0.0000,1.0591,-1.0591,-0.4983,1.1216
5,-0.03,34,0.00,0.0000,1.0593,-1.0593,-0.4982,1.1221
5,-0.04,35,0.00,0.0000,1.0524,-1.0524,-0.4986,1.1076
5,-0.04,36,0.00,0.0000,1.0401,-1.0401,-0.4992,1.0818
5,-0.04,37,0.00,0.0000,1.0244,-1.0244,-0.4997,1.0495
5,-0.04,38,0.00,0.0000,1.0077,-1.0077,-0.5000,1.0155
5,-0.04,39,0.00,0.0000,0.9920,-0.9920,-0.5000,0.9841
5,-0.04,40,0.00,0.0000,0.9789,-0.9789,-0.4998,0.9583
5,-0.04,41,0.00,0.0000,0.9694,-0.9694,-0.4995,0.9398
5,-0.04,42,0.00,0.0000,0.9641,-0.9641,-0.4994,0.9295
5,-0.04,43,0.00,0.0000,0.9631,-0.9631,-0.4993,0.9276
5,-0.04,44,0.00,0.0000,0.9660,-0.9660,-0.4994,0.9332
5,-0.05,45,0.00,0.0000,0.9722,-0.9722,-0.4996,0.9452
5,-0.05,46,0.00,0.0000,0.9808,-0.9808,-0.4998,0.9620
5,-0.05,47,0.00,0.0000,0.9907,-0.9907,-0.5000,0.9815
5,-0.05,48,0.00,0.0000,1.0007,-1.0007,-0.5000,1.0013
5,-0.05,49,0.00,0.0000,1.0097,-1.0097,-0.5000,1.0194
5,-0.05,50,0.00,0.0000,1.0167,-1.0167,-0.4999,1.0337
5,-0.05,51,0.00,0.0000,1.0212,-1.0212,-0.4998,1.0428
5,-0.05,52,0.00,0.0000,1.0228,-1.0228,-0.4997,1.0461
5,-0.05,53,0.00,0.0000,1.0216,-1.0216,-0.4998,1.0436
5,-0.05,54,0.00,0.0000,1.0180,-1.0180,-0.4998,1.0363
5,-0.06,55,0.00,0.0000,1.0127,-1.0127,-0.4999,1.0256
5,-0.06,56,0.00,0.0000,1.0065,-1.0065,-0.5000,1.0131
5,-0.06,57,0.00,0.0000,1.0002,-1.0002,-0.5000,1.0005
5,-0.06,58,0.00,0.0000,0.9946,-0.9946,-0.5000,0.9891
5,-0.06,59,0.00,0.0000,0.9901,-0.9901,-0.5000,0.9802
5,-0.06,60,0.00,0.0000,0.9871,-0.9871,-0.4999,0.9745
5,-0.06,61,0.00,0.0000,0.9859,-0.9859,-0.4999,0.9721
5,-0.06,62,0.00,0.0000,0.9864,-0.9864,-0.4999,0.9730
5,-0.06,63,0.00,0.0000,0.9883,-0.9883,-0.4999,0.9768
5,-0.06,64,0.00,0.0000,0.9914,-0.9914,-0.5000,0.9828
5,-0.07,65,0.00,0.0000,0.9951,-0.9951,-0.5000,0.9902
5,-0.07,66,0.00,0.0000,0.9990,-0.9990,-0.5000,0.9980
5,-0.07,67,0.00,0.0000,1.0027,-1.0027,-0.5000,1.0053
5,-0.07,68,0.00,0.0000,1.0057,-1.0057,-0.5000,1.0113
5,-0.07,69,0.00,0.0000,1.0077,-1.0077,-0.5000,1.0155
5,-0.07,70,0.00,0.0000,1.0087,-1.0087,-0.5000,1.0174
5,-0.07,71,0.00,0.0000,1.0085,-1.0085,-0.5000,1.0171
5,-0.07,72,0.00,0.0000,1.0074,-1.0074,-0.5000,1.0149
5,-0.07,73,0.00,0.0000,1.0055,-1.0055,-0.5000,1.0111
5,-0.07,74,0.00,0.0000,1.0032,-1.0032,-0.5000,1.0065
5,-0.08,75,0.00,0.0000,1.0008,-1.0008,-0.5000,1.0015
5,-0.08,76,0.00,0.0000,0.9985,-0.9985,-0.5000,0.9969
5,-0.08,77,0.00,0.0000,0.9966,-0.9966,-0.5000,0.9931
5,-0.08,78,0.00,0.0000,0.9953,-0.9953,-0.5000,0.9905
5,-0.08,79,0.00,0.0000,0.9946,-0.9946,-0.5000,0.9893
5,-0.08,80,0.00,0.0000,0.9947,-0.9947,-0.5000,0.9894
5,-0.08,81,0.00,0.0000,0.9953,-0.9953,-0.5000,0.9907
5,-0.08,82,0.00,0.0000,0.9965,-0.9965,-0.5000,0.9929
5,-0.08,83,0.00,0.0000,0.9979,-0.9979,-0.5000,0.9958
5,-0.08,84,0.00,0.0000,0.9994,-0.9994,-0.5000,0.9988
5,-0.09,85,0.00,0.0000,1.0009,-1.0009,-0.5000,1.0017
5,-0.09,86,0.00,0.0000,1.0021,-1.0021,-0.5000,1.0042
5,-0.09,87,0.00,0.0000,1.0029,-1.0029,-0.5000,1.0059
5,-0.09,88,0.00,0.0000,1.0033,-1.0033,-0.5000,1.0067
5,-0.09,89,0.00,0.0000,1.0033,-1.0033,-0.5000,1.0067
5,-0.09,90,0.00,0.0000,1.0029,-1.0029,-0.5000,1.0059
5,-0.09,91,0.00,0.0000,1.0022,-1.0022,-0.5000,1.0044
5,-0.09,92,0.00,0.0000,1.0013,-1.0013,-0.5000,1.0026
5,-0.09,93,0.00,0.0000,1.0003,-1.0003,-0.5000,1.0007
5,-0.09,94,0.00,0.0000,0.9994,-0.9994,-0.5000,0.9989
5,-0.10,95,0.00,0.0000,0.9987,-0.9987,-0.5000,0.9974
5,-0.10,96,0.00,0.0000,0.9982,-0.9982,-0.5000,0.9963
5,-0.10,97,0.00,0.0000,0.9979,-0.9979,-0.5000,0.9958
5,-0.10,98,0.00,0.0000,0.9979,-0.9979,-0.5000,0.9959
5,-0.10,99,0.00,0.0000,0.9982,-0.9982,-0.5000,0.9964
5,-0.10,100,0.00,0.0000,1.9883,-1.9883,48.4685,100.9137
6,-0.00,1,0.00,0.0000,0.8771,-0.8771,-0.4924,0.7693
6,-0.00,2,0.00,0.0000,0.8047,-0.8047,-0.4809,0.6475
6,-0.00,3,0.00,0.0000,0.7576,-0.7576,-0.4706,0.5740
6,-0.00,4,0.00,0.0000,0.7333,-0.7333,-0.4644,0.5378
6,-0.01,5,0.00,0.0000,0.7291,-0.7291,-0.4633,0.5316
6,-0.01,6,0.00,0.0000,0.7427,-0.7427,-0.4669,0.5516
6,-0.01,7,0.00,0.0000,0.7724,-0.7724,-0.4741,0.5965
6,-0.01,8,0.00,0.0000,0.8162,-0.8162,-0.4831,0.6662
6,-0.01,9,0.00,0.0000,0.8719,-0.8719,-0.4918,0.7603
6,-0.01,10,0.00,0.0000,0.9360,-0.9360,-0.4979,0.8760
6,-0.01,11,0.00,0.0000,1.0031,-1.0031,-0.5000,1.0062
6,-0.01,12,0.00,0.0000,1.0665,-1.0665,-0.4978,1.1373
6,-0.01,13,0.00,0.0000,1.1181,-1.1181,-0.4930,1.2502
6,-0.01,14,0.00,0.0000,1.1511,-1.1511,-0.4886,1.3250
6,-0.02,15,0.00,0.0000,1.1612,-1.1612,-0.4870,1.3485
6,-0.02,16,0.00,0.0000,1.1491,-1.1491,-0.4889,1.3203
6,-0.02,17,0.00,0.0000,1.1191,-1.1191,-0.4929,1.2524
6,-0.02,18,0.00,0.0000,1.0782,-1.0782,-0.4969,1.1625
6,-0.02,19,0.00,0.0000,1.0335,-1.0335,-0.4994,1.0681
6,-0.02,20,0.00,0.0000,0.9909,-0.9909,-0.5000,0.9819
6,-0.02,21,0.00,0.0000,0.9547,-0.9547,-0.4990,0.9115
6,-0.02,22,0.00,0.0000,0.9273,-0.9273,-0.4974,0.8599
6,-0.02,23,0.00,0.0000,0.9098,-0.9098,-0.4959,0.8276
6,-0.02,24,0.00,0.0000,0.9022,-0.9022,-0.4952,0.8140
6,-0.03,25,0.00,0.0000,0.9042,-0.9042,-0.4954,0.8175
6,-0.03,26,0.00,0.0000,0.9145,-0.9145,-0.4963,0.8363
6,-0.03,27,0.00,0.0000,0.9317,-0.9317,-0.4977,0.8681
6,-0.03,28,0.00,0.0000,0.9539,-0.9539,-0.4989,0.9100
6,-0.03,29,0.00,0.0000,0.9789,-0.9789,-0.4998,0.9582
6,-0.03,30,0.00,0.0000,1.0039,-1.0039,-0.5000,1.0079
6,-0.03,31,0.00,0.0000,1.0266,-1.0266,-0.4996,1.0538
6,-0.03,32,0.00,0.0000,1.0443,-1.0443,-0.4990,1.0906
6,-0.03,33,0.00,0.0000,1.0555,-1.0555,-0.4985,1.1140
6,-0.03,34,0.00,0.0000,1.0592,-1.0592,-0.4982,1.1220
6,-0.04,35,0.00,0.0000,1.0558,-1.0558,-0.4984,1.1147
6,-0.04,36,0.00,0.0000,1.0463,-1.0463,-0.4989,1.0947
6,-0.04,37,0.00,0.0000,1.0326,-1.0326,-0.4995,1.0663
6,-0.04,38,0.00,0.0000,1.0168,-1.0168,-0.4999,1.0339
6,-0.04,39,0.00,0.0000,1.0010,-1.0010,-0.5000,1.0019
6,-0.04,40,0.00,0.0000,0.9867,-0.9867,-0.4999,0.9737
6,-0.04,41,0.00,0.0000,0.9754,-0.9754,-0.4997,0.9515
6,-0.04,42,0.00,0.0000,0.9678,-0.9678,-0.4995,0.9366
6,-0.04,43,0.00,0.0000,0.9642,-0.9642,-0.4994,0.9297
6,-0.04,44,0.00,0.0000,0.9646,-0.9646,-0.4994,0.9304
6,-0.05,45,0.00,0.0000,0.9684,-0.9684,-0.4995,0.9379
6,-0.05,46,0.00,0.0000,0.9752,-0.9752,-0.4997,0.9509
6,-0.05,47,0.00,0.0000,0.9838,-0.9838,-0.4999,0.9679
6,-0.05,48,0.00,0.0000,0.9933,-0.9933,-0.5000,0.9867
6,-0.05,49,0.00,0.0000,1.0027,-1.0027,-0.5000,1.0054
6,-0.05,50,0.00,0.0000,1.0109,-1.0109,-0.4999,1.0219
6,-0.05,51,0.00,0.0000,1.0171,-1.0171,-0.4999,1.0346
6,-0.05,52,0.00,0.0000,1.0209,-1.0209,-0.4998,1.0422
6,-0.05,53,0.00,0.0000,1.0220,-1.0220,-0.4998,1.0444
6,-0.05,54,0.00,0.0000,1.0205,-1.0205,-0.4998,1.0414
6,-0.06,55,0.00,0.0000,1.0169,-1.0169,-0.4999,1.0341
6,-0.06,56,0.00,0.0000,1.0118,-1.0118,-0.4999,1.0238
6,-0.06,57,0.00,0.0000,1.0060,-1.0060,-0.5000,1.0119
6,-0.06,58,0.00,0.0000,1.0000,-1.0000,-0.5000,1.0001
6,-0.06,59,0.00,0.0000,0.9947,-0.9947,-0.5000,0.9895
6,-0.06,60,0.00,0.0000,0.9905,-0.9905,-0.5000,0.9812
6,-0.06,61,0.00,0.0000,0.9878,-0.9878,-0.4999,0.9757
6,-0.06,62,0.00,0.0000,0.9866,-0.9866,-0.4999,0.9734
6,-0.06,63,0.00,0.0000,0.9869,-0.9869,-0.4999,0.9741
6,-0.06,64,0.00,0.0000,0.9887,-0.9887,-0.4999,0.9774
6,-0.07,65,0.00,0.0000,0.9914,-0.9914,-0.5000,0.9829
6,-0.07,66,0.00,0.0000,0.9948,-0.9948,-0.5000,0.9897
6,-0.07,67,0.00,0.0000,0.9985,-0.9985,-0.5000,0.9969
6,-0.07,68,0.00,0.0000,1.0019,-1.0019,-0.5000,1.0038
6,-0.07,69,0.00,0.0000,1.0048,-1.0048,-0.5000,1.0097
6,-0.07,70,0.00,0.0000,1.0069,-1.0069,-0.5000,1.0139
6,-0.07,71,0.00,0.0000,1.0081,-1.0081,-0.5000,1.0162
6,-0.07,72,0.00,0.0000,1.0082,-1.0082,-0.5000,1.0164
6,-0.07,73,0.00,0.0000,1.0074,-1.0074,-0.5000,1.0148
6,-0.07,74,0.00,0.0000,1.0058,-1.0058,-0.5000,1.0117
6,-0.08,75,0.00,0.0000,1.0038,-1.0038,-0.5000,1.0076
6,-0.08,76,0.00,0.0000,1.0015,-1.0015,-0.5000,1.0031
6,-0.08,77,0.00,0.0000,0.9994,-0.9994,-0.5000,0.9987
6,-0.08,78,0.00,0.0000,0.9975,-0.9975,-0.5000,0.9949
6,-0.08,79,0.00,0.0000,0.9960,-0.9960,-0.5000,0.9921
6,-0.08,80,0.00,0.0000,0.9952,-0.9952,-0.5000,0.9904
6,-0.08,81,0.00,0.0000,0.9949,-0.9949,-0.5000,0.9899
6,-0.08,82,0.00,0.0000,0.9953,-0.9953,-0.5000,0.9906
6,-0.08,83,0.00,0.0000,0.9961,-0.9961,-0.5000,0.9922
6,-0.08,84,0.00,0.0000,0.9973,-0.9973,-0.5000,0.9946
6,-0.09,85,0.00,0.0000,0.9986,-0.9986,-0.5000,0.9973
6,-0.09,86,0.00,0.0000,1.0000,-1.0000,-0.5000,1.0001
6,-0.09,87,0.00,0.0000,1.0013,-1.0013,-0.5000,1.0025
6,-0.09,88,0.00,0.0000,1.0023,-1.0023,-0.5000,1.0045
6,-0.09,89,0.00,0.0000,1.0029,-1.0029,-0.5000,1.0058
6,-0.09,90,0.00,0.0000,1.0031,-1.0031,-0.5000,1.0063
6,-0.09,91,0.00,0.0000,1.0030,-1.0030,-0.5000,1.0060
6,-0.09,92,0.00,0.0000,1.0025,-1.0025,-0.5000,1.0051
6,-0.09,93,0.00,0.0000,1.0018,-1.0018,-0.5000,1.0037
6,-0.09,94,0.00,0.0000,1.0010,-1.0010,-0.5000,1.0020
6,-0.10,95,0.00,0.0000,1.0001,-1.0001,-0.5000,1.0003
6,-0.10,96,0.00,0.0000,0.9993,-0.9993,-0.5000,0.9987
6,-0.10,97,0.00,0.0000,0.9987,-0.9987,-0.5000,0.9974
6,-0.10,98,0.00,0.0000,0.9983,-0.9983,-0.5000,0.9966
6,-0.10,99,0.00,0.0000,0.9981,-0.9981,-0.5000,0.9962
6,-0.10,100,0.00,0.0000,1.9873,-1.9873,48.4172,100.8089
7,-0.00,1,0.00,0.0000,0.9053,-0.9053,-0.4955,0.8196
7,-0.00,2,0.00,0.0000,0.8305,-0.8305,-0.4856,0.6898
7,-0.00,3,0.00,0.0000,0.7801,-0.7801,-0.4758,0.6085
7,-0.00,4,0.00,0.0000,0.7518,-0.7518,-0.4692,0.5652
7,-0.01,5,0.00,0.0000,0.7433,-0.7433,-0.4671,0.5526
7,-0.01,6,0.00,0.0000,0.7526,-0.7526,-0.4694,0.5663
7,-0.01,7,0.00,0.0000,0.7776,-0.7776,-0.4753,0.6047
7,-0.01,8,0.00,0.0000,0.8167,-0.8167,-0.4832,0.6669
7,-0.01,9,0.00,0.0000,0.8675,-0.8675,-0.4912,0.7525
7,-0.01,10,0.00,0.0000,0.9268,-0.9268,-0.4973,0.8589
7,-0.01,11,0.00,0.0000,0.9900,-0.9900,-0.4999,0.9801
7,-0.01,12,0.00,0.0000,1.0509,-1.0509,-0.4987,1.1043
7,-0.01,13,0.00,0.0000,1.1023,-1.1023,-0.4948,1.2150
7,-0.01,14,0.00,0.0000,1.1374,-1.1374,-0.4906,1.2937
7,-0.02,15,0.00,0.0000,1.1519,-1.1519,-0.4885,1.3270
7,-0.02,16,0.00,0.0000,1.1454,-1.1454,-0.4894,1.3118
7,-0.02,17,0.00,0.0000,1.1210,-1.1210,-0.4927,1.2566
7,-0.02,18,0.00,0.0000,1.0847,-1.0847,-0.4964,1.1765
7,-0.02,19,0.00,0.0000,1.0431,-1.0431,-0.4991,1.0881
7,-0.02,20,0.00,0.0000,1.0022,-1.0022,-0.5000,1.0044
7,-0.02,21,0.00,0.0000,0.9662,-0.9662,-0.4994,0.9335
7,-0.02,22,0.00,0.0000,0.9379,-0.9379,-0.4981,0.8797
7,-0.02,23,0.00,0.0000,0.9187,-0.9187,-0.4967,0.8440
7,-0.02,24,0.00,0.0000,0.9090,-0.9090,-0.4959,0.8262
7,-0.03,25,0.00,0.0000,0.9083,-0.9083,-0.4958,0.8251
7,-0.03,26,0.00,0.0000,0.9160,-0.9160,-0.4965,0.8390
7,-0.03,27,0.00,0.0000,0.9306,-0.9306,-0.4976,0.8659
7,-0.03,28,0.00,0.0000,0.9504,-0.9504,-0.4988,0.9032
7,-0.03,29,0.00,0.0000,0.9733,-0.9733,-0.4996,0.9473
7,-0.03,30,0.00,0.0000,0.9971,-0.9971,-0.5000,0.9941
7,-0.03,31,0.00,0.0000,1.0192,-1.0192,-0.4998,1.0387
7,-0.03,32,0.00,0.0000,1.0373,-1.0373,-0.4993,1.0761
7,-0.03,33,0.00,0.0000,1.0497,-1.0497,-0.4988,1.1019
7,-0.03,34,0.00,0.0000,1.0554,-1.0554,-0.4985,1.1138
7,-0.04,35,0.00,0.0000,1.0541,-1.0541,-0.4985,1.1112
7,-0.04,36,0.00,0.0000,1.0469,-1.0469,-0.4989,1.0960
7,-0.04,37,0.00,0.0000,1.0352,-1.0352,-0.4994,1.0716
7,-0.04,38,0.00,0.0000,1.0209,-1.0209,-0.4998,1.0422
7,-0.04,39,0.00,0.0000,1.0059,-1.0059,-0.5000,1.0118
7,-0.04,40,0.00,0.0000,0.9919,-0.9919,-0.5000,0.9839
7,-0.04,41,0.00,0.0000,0.9803,-0.9803,-0.4998,0.9609
7,-0.04,42,0.00,0.0000,0.9719,-0.9719,-0.4996,0.9446
7,-0.04,43,0.00,0.0000,0.9672,-0.9672,-0.4995,0.9354
7,-0.04,44,0.00,0.0000,0.9662,-0.9662,-0.4994,0.9336
7,-0.05,45,0.00,0.0000,0.9688,-0.9688,-0.4995,0.9385
7,-0.05,46,0.00,0.0000,0.9742,-0.9742,-0.4997,0.9490
7,-0.05,47,0.00,0.0000,0.9817,-0.9817,-0.4998,0.9637
7,-0.05,48,0.00,0.0000,0.9904,-0.9904,-0.5000,0.9809
7,-0.05,49,0.00,0.0000,0.9993,-0.9993,-0.5000,0.9986
7,-0.05,50,0.00,0.0000,1.0075,-1.0075,-0.5000,1.0150
7,-0.05,51,0.00,0.0000,1.0140,-1.0140,-0.4999,1.0283
7,-0.05,52,0.00,0.0000,1.0185,-1.0185,-0.4998,1.0373
7,-0.05,53,0.00,0.0000,1.0204,-1.0204,-0.4998,1.0413
7,-0.05,54,0.00,0.0000,1.0200,-1.0200,-0.4998,1.0404
7,-0.06,55,0.00,0.0000,1.0174,-1.0174,-0.4998,1.0351
7,-0.06,56,0.00,0.0000,1.0132,-1.0132,-0.4999,1.0265
7,-0.06,57,0.00,0.0000,1.0079,-1.0079,-0.5000,1.0159
7,-0.06,58,0.00,0.0000,1.0024,-1.0024,-0.5000,1.0048
7,-0.06,59,0.00,0.0000,0.9971,-0.9971,-0.5000,0.9943
7,-0.06,60,0.00,0.0000,0.9928,-0.9928,-0.5000,0.9856
7,-0.06,61,0.00,0.0000,0.9896,-0.9896,-0.4999,0.9793
7,-0.06,62,0.00,0.0000,0.9878,-0.9878,-0.4999,0.9758
7,-0.06,63,0.00,0.0000,0.9875,-0.9875,-0.4999,0.9752
7,-0.06,64,0.00,0.0000,0.9886,-0.9886,-0.4999,0.9772
7,-0.07,65,0.00,0.0000,0.9907,-0.9907,-0.5000,0.9815
7,-0.07,66,0.00,0.0000,0.9936,-0.9936,-0.5000,0.9873
7,-0.07,67,0.00,0.0000,0.9969,-0.9969,-0.5000,0.9939
7,-0.07,68,0.00,0.0000,1.0003,-1.0003,-0.5000,1.0006
7,-0.07,69,0.00,0.0000,1.0033,-1.0033,-0.5000,1.0065
7,-0.07,70,0.00,0.0000,1.0056,-1.0056,-0.5000,1.0112
7,-0.07,71,0.00,0.0000,1.0071,-1.0071,-0.5000,1.0142
7,-0.07,72,0.00,0.0000,1.0077,-1.0077,-0.5000,1.0154
7,-0.07,73,0.00,0.0000,1.0073,-1.0073,-0.5000,1.0147
7,-0.07,74,0.00,0.0000,1.0062,-1.0062,-0.5000,1.0125
7,-0.08,75,0.00,0.0000,1.0046,-1.0046,-0.5000,1.0092
7,-0.08,76,0.00,0.0000,1.0026,-1.0026,-0.5000,1.0051
7,-0.08,77,0.00,0.0000,1.0005,-1.0005,-0.5000,1.0010
7,-0.08,78,0.00,0.0000,0.9986,-0.9986,-0.5000,0.9971
7,-0.08,79,0.00,0.0000,0.9970,-0.9970,-0.5000,0.9940
7,-0.08,80,0.00,0.0000,0.9959,-0.9959,-0.5000,0.9918
7,-0.08,81,0.00,0.0000,0.9954,-0.9954,-0.5000,0.9907
7,-0.08,82,0.00,0.0000,0.9954,-0.9954,-0.5000,0.9908
7,-0.08,83,0.00,0.0000,0.9959,-0.9959,-0.5000,0.9918
7,-0.08,84,0.00,0.0000,0.9968,-0.9968,-0.5000,0.9936
7,-0.09,85,0.00,0.0000,0.9980,-0.9980,-0.5000,0.9960
7,-0.09,86,0.00,0.0000,0.9993,-0.9993,-0.5000,0.9985
7,-0.09,87,0.00,0.0000,1.0005,-1.0005,-0.5000,1.0010
7,-0.09,88,0.00,0.0000,1.0016,-1.0016,-0.5000,1.0031
7,-0.09,89,0.00,0.0000,1.0023,-1.0023,-0.5000,1.0047
7,-0.09,90,0.00,0.0000,1.0028,-1.0028,-0.5000,1.0056
7,-0.09,91,0.00,0.0000,1.0029,-1.0029,-0.5000,1.0058
7,-0.09,92,0.00,0.0000,1.0026,-1.0026,-0.5000,1.0053
7,-0.09,93,0.00,0.0000,1.0021,-1.0021,-0.5000,1.0043
7,-0.09,94,0.00,0.0000,1.0014,-1.0014,-0.5000,1.0029
7,-0.10,95,0.00,0.0000,1.0007,-1.0007,-0.5000,1.0013
7,-0.10,96,0.00,0.0000,0.9999,-0.9999,-0.5000,0.9998
7,-0.10,97,0.00,0.0000,0.9992,-0.9992,-0.5000,0.9984
7,-0.10,98,0.00,0.0000,0.9987,-0.9987,-0.5000,0.9973
7,-0.10,99,0.00,0.0000,0.9983,-0.9983,-0.5000,0.9967
7,-0.10,100,0.00,0.0000,1.9875,-1.9875,48.4272,100.8293
8,-0.00,1,0.00,0.0000,0.9044,-0.9044,-0.4954,0.8180
8,-0.00,2,0.00,0.0000,0.8302,-0.8302,-0.4856,0.6893
8,-0.00,3,0.00,0.0000,0.7802,-0.7802,-0.4758,0.6087
8,-0.00,4,0.00,0.0000,0.7521,-0.7521,-0.4693,0.5656
8,-0.01,5,0.00,0.0000,0.7436,-0.7436,-0.4671,0.5530
8,-0.01,6,0.00,0.0000,0.7527,-0.7527,-0.4694,0.5666
8,-0.01,7,0.00,0.0000,0.7775,-0.7775,-0.4752,0.6045
8,-0.01,8,0.00,0.0000,0.8162,-0.8162,-0.4831,0.6662
8,-0.01,9,0.00,0.0000,0.8665,-0.8665,-0.4911,0.7509
8,-0.01,10,0.00,0.0000,0.9254,-0.9254,-0.4972,0.8564
8,-0.01,11,0.00,0.0000,0.9882,-0.9882,-0.4999,0.9765
8,-0.01,12,0.00,0.0000,1.0489,-1.0489,-0.4988,1.1001
8,-0.01,13,0.00,0.0000,1.1003,-1.1003,-0.4950,1.2107
8,-0.01,14,0.00,0.0000,1.1359,-1.1359,-0.4908,1.2903
8,-0.02,15,0.00,0.0000,1.1512,-1.1512,-0.4886,1.3254
8,-0.02,16,0.00,0.0000,1.1456,-1.1456,-0.4894,1.3124
8,-0.02,17,0.00,0.0000,1.1222,-1.1222,-0.4925,1.2592
8,-0.02,18,0.00,0.0000,1.0866,-1.0866,-0.4962,1.1808
8,-0.02,19,0.00,0.0000,1.0455,-1.0455,-0.4990,1.0931
8,-0.02,20,0.00,0.0000,1.0047,-1.0047,-0.5000,1.0095
8,-0.02,21,0.00,0.0000,0.9686,-0.9686,-0.4995,0.9382
8,-0.02,22,0.00,0.0000,0.9400,-0.9400,-0.4982,0.8835
8,-0.02,23,0.00,0.0000,0.9202,-0.9202,-0.4968,0.8468
8,-0.02,24,0.00,0.0000,0.9099,-0.9099,-0.4959,0.8279
8,-0.03,25,0.00,0.0000,0.9086,-0.9086,-0.4958,0.8255
8,-0.03,26,0.00,0.0000,0.9155,-0.9155,-0.4964,0.8381
8,-0.03,27,0.00,0.0000,0.9294,-0.9294,-0.4975,0.8638
8,-0.03,28,0.00,0.0000,0.9486,-0.9486,-0.4987,0.8999
8,-0.03,29,0.00,0.0000,0.9711,-0.9711,-0.4996,0.9431
8,-0.03,30,0.00,0.0000,0.9947,-0.9947,-0.5000,0.9894
8,-0.03,31,0.00,0.0000,1.0168,-1.0168,-0.4999,1.0339
8,-0.03,32,0.00,0.0000,1.0353,-1.0353,-0.4994,1.0718
8,-0.03,33,0.00,0.0000,1.0483,-1.0483,-0.4988,1.0989
8,-0.03,34,0.00,0.0000,1.0546,-1.0546,-0.4985,1.1122
8,-0.04,35,0.00,0.0000,1.0542,-1.0542,-0.4985,1.1114
8,-0.04,36,0.00,0.0000,1.0478,-1.0478,-0.4989,1.0978
8,-0.04,37,0.00,0.0000,1.0367,-1.0367,-0.4993,1.0747
8,-0.04,38,0.00,0.0000,1.0228,-1.0228,-0.4997,1.0461
8,-0.04,39,0.00,0.0000,1.0079,-1.0079,-0.5000,1.0160
8,-0.04,40,0.00,0.0000,0.9939,-0.9939,-0.5000,0.9879
8,-0.04,41,0.00,0.0000,0.9820,-0.9820,-0.4998,0.9644
8,-0.04,42,0.00,0.0000,0.9732,-0.9732,-0.4996,0.9472
8,-0.04,43,0.00,0.0000,0.9680,-0.9680,-0.4995,0.9371
8,-0.04,44,0.00,0.0000,0.9665,-0.9665,-0.4994,0.9341
8,-0.05,45,0.00,0.0000,0.9684,-0.9684,-0.4995,0.9379
8,-0.05,46,0.00,0.0000,0.9733,-0.9733,-0.4996,0.9474
8,-0.05,47,0.00,0.0000,0.9804,-0.9804,-0.4998,0.9612
8,-0.05,48,0.00,0.0000,0.9889,-0.9889,-0.4999,0.9778
8,-0.05,49,0.00,0.0000,0.9977,-0.9977,-0.5000,0.9953
8,-0.05,50,0.00,0.0000,1.0059,-1.0059,-0.5000,1.0118
8,-0.05,51,0.00,0.0000,1.0127,-1.0127,-0.4999,1.0256
8,-0.05,52,0.00,0.0000,1.0175,-1.0175,-0.4998,1.0354
8,-0.05,53,0.00,0.0000,1.0200,-1.0200,-0.4998,1.0404
8,-0.05,54,0.00,0.0000,1.0200,-1.0200,-0.4998,1.0405
8,-0.06,55,0.00,0.0000,1.0179,-1.0179,-0.4998,1.0361
8,-0.06,56,0.00,0.0000,1.0140,-1.0140,-0.4999,1.0283
8,-0.06,57,0.00,0.0000,1.0091,-1.0091,-0.5000,1.0182
8,-0.06,58,0.00,0.0000,1.0036,-1.0036,-0.5000,1.0073
8,-0.06,59,0.00,0.0000,0.9984,-0.9984,-0.5000,0.9968
8,-0.06,60,0.00,0.0000,0.9938,-0.9938,-0.5000,0.9877
8,-0.06,61,0.00,0.0000,0.9904,-0.9904,-0.5000,0.9809
8,-0.06,62,0.00,0.0000,0.9883,-0.9883,-0.4999,0.9768
8,-0.06,63,0.00,0.0000,0.9876,-0.9876,-0.4999,0.9754
8,-0.06,64,0.00,0.0000,0.9883,-0.9883,-0.4999,0.9768
8,-0.07,65,0.00,0.0000,0.9902,-0.9902,-0.5000,0.9804
8,-0.07,66,0.00,0.0000,0.9929,-0.9929,-0.5000,0.9858
8,-0.07,67,0.00,0.0000,0.9960,-0.9960,-0.5000,0.9921
8,-0.07,68,0.00,0.0000,0.9993,-0.9993,-0.5000,0.9987
8,-0.07,69,0.00,0.0000,1.0024,-1.0024,-0.5000,1.0048
8,-0.07,70,0.00,0.0000,1.0049,-1.0049,-0.5000,1.0098
8,-0.07,71,0.00,0.0000,1.0066,-1.0066,-0.5000,1.0132
8,-0.07,72,0.00,0.0000,1.0074,-1.0074,-0.5000,1.0149
8,-0.07,73,0.00,0.0000,1.0074,-1.0074,-0.5000,1.0148
8,-0.07,74,0.00,0.0000,1.0065,-1.0065,-0.5000,1.0131
8,-0.08,75,0.00,0.0000,1.0051,-1.0051,-0.5000,1.0102
8,-0.08,76,0.00,0.0000,1.0032,-1.0032,-0.5000,1.0064
8,-0.08,77,0.00,0.0000,1.0012,-1.0012,-0.5000,1.0024
8,-0.08,78,0.00,0.0000,0.9992,-0.9992,-0.5000,0.9985
8,-0.08,79,0.00,0.0000,0.9976,-0.9976,-0.5000,0.9951
8,-0.08,80,0.00,0.0000,0.9963,-0.9963,-0.5000,0.9926
8,-0.08,81,0.00,0.0000,0.9956,-0.9956,-0.5000,0.9912
8,-0.08,82,0.00,0.0000,0.9954,-0.9954,-0.5000,0.9909
8,-0.08,83,0.00,0.0000,0.9957,-0.9957,-0.5000,0.9915
8,-0.08,84,0.00,0.0000,0.9965,-0.9965,-0.5000,0.9930
8,-0.09,85,0.00,0.0000,0.9976,-0.9976,-0.5000,0.9951
8,-0.09,86,0.00,0.0000,0.9988,-0.9988,-0.5000,0.9975
8,-0.09,87,0.00,0.0000,1.0000,-1.0000,-0.5000,1.0000
8,-0.09,88,0.00,0.0000,1.0011,-1.0011,-0.5000,1.0022
8,-0.09,89,0.00,0.0000,1.0020,-1.0020,-0.5000,1.0040
8,-0.09,90,0.00,0.0000,1.0026,-1.0026,-0.5000,1.0051
8,-0.09,91,0.00,0.0000,1.0028,-1.0028,-0.5000,1.0056
8,-0.09,92,0.00,0.0000,1.0027,-1.0027,-0.5000,1.0054
8,-0.09,93,0.00,0.0000,1.0023,-1.0023,-0.5000,1.0047
8,-0.09,94,0.00,0.0000,1.0017,-1.0017,-0.5000,1.0035
8,-0.10,95,0.00,0.0000,1.0010,-1.0010,-0.5000,1.0020
8,-0.10,96,0.00,0.0000,1.0002,-1.0002,-0.5000,1.0005
8,-0.10,97,0.00,0.0000,0.9995,-0.9995,-0.5000,0.9991
8,-0.10,98,0.00,0.0000,0.9989,-0.9989,-0.5000,0.9979
8,-0.10,99,0.00,0.0000,0.9985,-0.9985,-0.5000,0.9970
8,-0.10,100,0.00,0.0000,1.9876,-1.9876,48.4353,100.8458
9,-0.00,1,0.00,0.0000,0.8841,-0.8841,-0.4933,0.7816
9,-0.00,2,0.00,0.0000,0.8137,-0.8137,-0.4826,0.6621
9,-0.00,3,0.00,0.0000,0.7672,-0.7672,-0.4729,0.5886
9,-0.00,4,0.00,0.0000,0.7422,-0.7422,-0.4668,0.5509
9,-0.01,5,0.00,0.0000,0.7364,-0.7364,-0.4653,0.5422
9,-0.01,6,0.00,0.0000,0.7476,-0.7476,-0.4681,0.5589
9,-0.01,7,0.00,0.0000,0.7741,-0.7741,-0.4745,0.5992
9,-0.01,8,0.00,0.0000,0.8142,-0.8142,-0.4827,0.6629
9,-0.01,9,0.00,0.0000,0.8657,-0.8657,-0.4910,0.7494
9,-0.01,10,0.00,0.0000,0.9255,-0.9255,-0.4972,0.8565
9,-0.01,11,0.00,0.0000,0.9890,-0.9890,-0.4999,0.9782
9,-0.01,12,0.00,0.0000,1.0503,-1.0503,-0.4987,1.1032
9,-0.01,13,0.00,0.0000,1.1024,-1.1024,-0.4948,1.2152
9,-0.01,14,0.00,0.0000,1.1385,-1.1385,-0.4904,1.2962
9,-0.02,15,0.00,0.0000,1.1544,-1.1544,-0.4881,1.3326
9,-0.02,16,0.00,0.0000,1.1492,-1.1492,-0.4889,1.3207
9,-0.02,17,0.00,0.0000,1.1261,-1.1261,-0.4921,1.2680
9,-0.02,18,0.00,0.0000,1.0906,-1.0906,-0.4959,1.1894
9,-0.02,19,0.00,0.0000,1.0493,-1.0493,-0.4988,1.1010
9,-0.02,20,0.00,0.0000,1.0080,-1.0080,-0.5000,1.0161
9,-0.02,21,0.00,0.0000,0.9712,-0.9712,-0.4996,0.9432
9,-0.02,22,0.00,0.0000,0.9416,-0.9416,-0.4983,0.8866
9,-0.02,23,0.00,0.0000,0.9208,-0.9208,-0.4969,0.8479
9,-0.02,24,0.00,0.0000,0.9093,-0.9093,-0.4959,0.8269
9,-0.03,25,0.00,0.0000,0.9068,-0.9068,-0.4957,0.8224
9,-0.03,26,0.00,0.0000,0.9126,-0.9126,-0.4962,0.8329
9,-0.03,27,0.00,0.0000,0.9255,-0.9255,-0.4972,0.8566
9,-0.03,28,0.00,0.0000,0.9439,-0.9439,-0.4984,0.8910
9,-0.03,29,0.00,0.0000,0.9660,-0.9660,-0.4994,0.9331
9,-0.03,30,0.00,0.0000,0.9895,-0.9895,-0.4999,0.9791
9,-0.03,31,0.00,0.0000,1.0121,-1.0121,-0.4999,1.0244
9,-0.03,32,0.00,0.0000,1.0316,-1.0316,-0.4995,1.0642
9,-0.03,33,0.00,0.0000,1.0460,-1.0460,-0.4989,1.0941
9,-0.03,34,0.00,0.0000,1.0541,-1.0541,-0.4985,1.1110
9,-0.04,35,0.00,0.0000,1.0554,-1.0554,-0.4985,1.1139
9,-0.04,36,0.00,0.0000,1.0506,-1.0506,-0.4987,1.1037
9,-0.04,37,0.00,0.0000,1.0407,-1.0407,-0.4992,1.0830
9,-0.04,38,0.00,0.0000,1.0275,-1.0275,-0.4996,1.0558
9,-0.04,39,0.00,0.0000,1.0129,-1.0129,-0.4999,1.0260
9,-0.04,40,0.00,0.0000,0.9986,-0.9986,-0.5000,0.9971
9,-0.04,41,0.00,0.0000,0.9859,-0.9859,-0.4999,0.9720
9,-0.04,42,0.00,0.0000,0.9760,-0.9760,-0.4997,0.9526
9,-0.04,43,0.00,0.0000,0.9695,-0.9695,-0.4995,0.9400
9,-0.04,44,0.00,0.0000,0.9666,-0.9666,-0.4994,0.9343
9,-0.05,45,0.00,0.0000,0.9672,-0.9672,-0.4995,0.9355
9,-0.05,46,0.00,0.0000,0.9709,-0.9709,-0.4996,0.9427
9,-0.05,47,0.00,0.0000,0.9771,-0.9771,-0.4997,0.9548
9,-0.05,48,0.00,0.0000,0.9850,-0.9850,-0.4999,0.9702
9,-0.05,49,0.00,0.0000,0.9936,-0.9936,-0.5000,0.9872
9,-0.05,50,0.00,0.0000,1.0021,-1.0021,-0.5000,1.0042
9,-0.05,51,0.00,0.0000,1.0095,-1.0095,-0.5000,1.0192
9,-0.05,52,0.00,0.0000,1.0153,-1.0153,-0.4999,1.0309
9,-0.05,53,0.00,0.0000,1.0189,-1.0189,-0.4998,1.0382
9,-0.05,54,0.00,0.0000,1.0202,-1.0202,-0.4998,1.0408
9,-0.06,55,0.00,0.0000,1.0192,-1.0192,-0.4998,1.0387
9,-0.06,56,0.00,0.0000,1.0163,-1.0163,-0.4999,1.0328
9,-0.06,57,0.00,0.0000,1.0119,-1.0119,-0.4999,1.0240
9,-0.06,58,0.00,0.0000,1.0068,-1.0068,-0.5000,1.0136
9,-0.06,59,0.00,0.0000,1.0015,-1.0015,-0.5000,1.0029
9,-0.06,60,0.00,0.0000,0.9966,-0.9966,-0.5000,0.9931
9,-0.06,61,0.00,0.0000,0.9925,-0.9925,-0.5000,0.9851
9,-0.06,62,0.00,0.0000,0.9896,-0.9896,-0.4999,0.9793
9,-0.06,63,0.00,0.0000,0.9881,-0.9881,-0.4999,0.9763
9,-0.06,64,0.00,0.0000,0.9879,-0.9879,-0.4999,0.9759
9,-0.07,65,0.00,0.0000,0.9890,-0.9890,-0.4999,0.9780
9,-0.07,66,0.00,0.0000,0.9910,-0.9910,-0.5000,0.9822
9,-0.07,67,0.00,0.0000,0.9938,-0.9938,-0.5000,0.9877
9,-0.07,68,0.00,0.0000,0.9970,-0.9970,-0.5000,0.9940
9,-0.07,69,0.00,0.0000,1.0002,-1.0002,-0.5000,1.0003
9,-0.07,70,0.00,0.0000,1.0030,-1.0030,-0.5000,1.0060
9,-0.07,71,0.00,0.0000,1.0052,-1.0052,-0.5000,1.0105
9,-0.07,72,0.00,0.0000,1.0067,-1.0067,-0.5000,1.0135
9,-0.07,73,0.00,0.0000,1.0073,-1.0073,-0.5000,1.0147
9,-0.07,74,0.00,0.0000,1.0071,-1.0071,-0.5000,1.0143
9,-0.08,75,0.00,0.0000,1.0062,-1.0062,-0.5000,1.0124
9,-0.08,76,0.00,0.0000,1.0047,-1.0047,-0.5000,1.0094
9,-0.08,77,0.00,0.0000,1.0029,-1.0029,-0.5000,1.0057
9,-0.08,78,0.00,0.0000,1.0009,-1.0009,-0.5000,1.0018
9,-0.08,79,0.00,0.0000,0.9990,-0.9990,-0.5000,0.9981
9,-0.08,80,0.00,0.0000,0.9975,-0.9975,-0.5000,0.9950
9,-0.08,81,0.00,0.0000,0.9963,-0.9963,-0.5000,0.9927
9,-0.08,82,0.00,0.0000,0.9957,-0.9957,-0.5000,0.9914
9,-0.08,83,0.00,0.0000,0.9955,-0.9955,-0.5000,0.9911
9,-0.08,84,0.00,0.0000,0.9959,-0.9959,-0.5000,0.9918
9,-0.09,85,0.00,0.0000,0.9966,-0.9966,-0.5000,0.9933
9,-0.09,86,0.00,0.0000,0.9976,-0.9976,-0.5000,0.9953
9,-0.09,87,0.00,0.0000,0.9988,-0.9988,-0.5000,0.9976
9,-0.09,88,0.00,0.0000,1.0000,-1.0000,-0.5000,1.0000
9,-0.09,89,0.00,0.0000,1.0010,-1.0010,-0.5000,1.0021
9,-0.09,90,0.00,0.0000,1.0019,-1.0019,-0.5000,1.0038
9,-0.09,91,0.00,0.0000,1.0025,-1.0025,-0.5000,1.0049
9,-0.09,92,0.00,0.0000,1.0027,-1.0027,-0.5000,1.0054
9,-0.09,93,0.00,0.0000,1.0026,-1.0026,-0.5000,1.0053
9,-0.09,94,0.00,0.0000,1.0023,-1.0023,-0.5000,1.0046
9,-0.10,95,0.00,0.0000,1.0017,-1.0017,-0.5000,1.0035
9,-0.10,96,0.00,0.0000,1.0011,-1.0011,-0.5000,1.0021
9,-0.10,97,0.00,0.0000,1.0003,-1.0003,-0.5000,1.0007
9,-0.10,98,0.00,0.0000,0.9996,-0.9996,-0.5000,0.9993
9,-0.10,99,0.00,0.0000,0.9991,-0.9991,-0.5000,0.9981
9,-0.10,100,0.00,0.0000,1.9883,-1.9883,48.4683,100.9133
10,-0.00,1,0.00,0.0000,0.9164,-0.9164,-0.4965,0.8399
10,-0.00,2,0.00,0.0000,0.8424,-0.8424,-0.4876,0.7097
10,-0.00,3,0.00,0.0000,0.7915,-0.7915,-0.4783,0.6265
10,-0.00,4,0.00,0.0000,0.7619,-0.7619,-0.4716,0.5804
10,-0.01,5,0.00,0.0000,0.7513,-0.7513,-0.4691,0.5644
10,-0.01,6,0.00,0.0000,0.7578,-0.7578,-0.4707,0.5742
10,-0.01,7,0.00,0.0000,0.7795,-0.7795,-0.4757,0.6076
10,-0.01,8,0.00,0.0000,0.8148,-0.8148,-0.4829,0.6639
10,-0.01,9,0.00,0.0000,0.8616,-0.8616,-0.4904,0.7423
10,-0.01,10,0.00,0.0000,0.9169,-0.9169,-0.4965,0.8407
10,-0.01,11,0.00,0.0000,0.9767,-0.9767,-0.4997,0.9540
10,-0.01,12,0.00,0.0000,1.0356,-1.0356,-0.4994,1.0724
10,-0.01,13,0.00,0.0000,1.0870,-1.0870,-0.4962,1.1816
10,-0.01,14,0.00,0.0000,1.1247,-1.1247,-0.4922,1.2650
10,-0.02,15,0.00,0.0000,1.1441,-1.1441,-0.4896,1.3090
10,-0.02,16,0.00,0.0000,1.1437,-1.1437,-0.4897,1.3081
10,-0.02,17,0.00,0.0000,1.1256,-1.1256,-0.4921,1.2670
10,-0.02,18,0.00,0.0000,1.0945,-1.0945,-0.4955,1.1980
10,-0.02,19,0.00,0.0000,1.0565,-1.0565,-0.4984,1.1162
10,-0.02,20,0.00,0.0000,1.0172,-1.0172,-0.4999,1.0346
10,-0.02,21,0.00,0.0000,0.9810,-0.9810,-0.4998,0.9624
10,-0.02,22,0.00,0.0000,0.9512,-0.9512,-0.4988,0.9047
10,-0.02,23,0.00,0.0000,0.9294,-0.9294,-0.4975,0.8637
10,-0.02,24,0.00,0.0000,0.9163,-0.9163,-0.4965,0.8396
10,-0.03,25,0.00,0.0000,0.9119,-0.9119,-0.4961,0.8315
10,-0.03,26,0.00,0.0000,0.9156,-0.9156,-0.4964,0.8383
10,-0.03,27,0.00,0.0000,0.9263,-0.9263,-0.4973,0.8581
10,-0.03,28,0.00,0.0000,0.9427,-0.9427,-0.4984,0.8887
10,-0.03,29,0.00,0.0000,0.9630,-0.9630,-0.4993,0.9273
10,-0.03,30,0.00,0.0000,0.9851,-0.9851,-0.4999,0.9704
10,-0.03,31,0.00,0.0000,1.0069,-1.0069,-0.5000,1.0138
10,-0.03,32,0.00,0.0000,1.0261,-1.0261,-0.4997,1.0528
10,-0.03,33,0.00,0.0000,1.0408,-1.0408,-0.4992,1.0833
10,-0.03,34,0.00,0.0000,1.0499,-1.0499,-0.4988,1.1022
10,-0.04,35,0.00,0.0000,1.0526,-1.0526,-0.4986,1.1079
10,-0.04,36,0.00,0.0000,1.0493,-1.0493,-0.4988,1.1010
10,-0.04,37,0.00,0.0000,1.0409,-1.0409,-0.4992,1.0836
10,-0.04,38,0.00,0.0000,1.0291,-1.0291,-0.4996,1.0591
10,-0.04,39,0.00,0.0000,1.0155,-1.0155,-0.4999,1.0312
10,-0.04,40,0.00,0.0000,1.0018,-1.0018,-0.5000,1.0035
10,-0.04,41,0.00,0.0000,0.9894,-0.9894,-0.4999,0.9788
10,-0.04,42,0.00,0.0000,0.9793,-0.9793,-0.4998,0.9591
10,-0.04,43,0.00,0.0000,0.9724,-0.9724,-0.4996,0.9455
10,-0.04,44,0.00,0.0000,0.9688,-0.9688,-0.4995,0.9386
10,-0.05,45,0.00,0.0000,0.9686,-0.9686,-0.4995,0.9383
10,-0.05,46,0.00,0.0000,0.9715,-0.9715,-0.4996,0.9438
10,-0.05,47,0.00,0.0000,0.9769,-0.9769,-0.4997,0.9543
10,-0.05,48,0.00,0.0000,0.9840,-0.9840,-0.4999,0.9683
10,-0.05,49,0.00,0.0000,0.9921,-0.9921,-0.5000,0.9842
10,-0.05,50,0.00,0.0000,1.0002,-1.0002,-0.5000,1.0003
10,-0.05,51,0.00,0.0000,1.0075,-1.0075,-0.5000,1.0150
10,-0.05,52,0.00,0.0000,1.0133,-1.0133,-0.4999,1.0269
10,-0.05,53,0.00,0.0000,1.0172,-1.0172,-0.4999,1.0348
10,-0.05,54,0.00,0.0000,1.0190,-1.0190,-0.4998,1.0383
10,-0.06,55,0.00,0.0000,1.0185,-1.0185,-0.4998,1.0373
10,-0.06,56,0.00,0.0000,1.0161,-1.0161,-0.4999,1.0325
10,-0.06,57,0.00,0.0000,1.0123,-1.0123,-0.4999,1.0248
10,-0.06,58,0.00,0.0000,1.0076,-1.0076,-0.5000,1.0153
10,-0.06,59,0.00,0.0000,1.0026,-1.0026,-0.5000,1.0052
10,-0.06,60,0.00,0.0000,0.9978,-0.9978,-0.5000,0.9957
10,-0.06,61,0.00,0.0000,0.9938,-0.9938,-0.5000,0.9876
10,-0.06,62,0.00,0.0000,0.9908,-0.9908,-0.5000,0.9816
10,-0.06,63,0.00,0.0000,0.9890,-0.9890,-0.4999,0.9781
10,-0.06,64,0.00,0.0000,0.9885,-0.9885,-0.4999,0.9772
10,-0.07,65,0.00,0.0000,0.9893,-0.9893,-0.4999,0.9786
10,-0.07,66,0.00,0.0000,0.9910,-0.9910,-0.5000,0.9821
10,-0.07,67,0.00,0.0000,0.9935,-0.9935,-0.5000,0.9870
10,-0.07,68,0.00,0.0000,0.9964,-0.9964,-0.5000,0.9929
10,-0.07,69,0.00,0.0000,0.9994,-0.9994,-0.5000,0.9989
10,-0.07,70,0.00,0.0000,1.0022,-1.0022,-0.5000,1.0044
10,-0.07,71,0.00,0.0000,1.0045,-1.0045,-0.5000,1.0090
10,-0.07,72,0.00,0.0000,1.0061,-1.0061,-0.5000,1.0122
10,-0.07,73,0.00,0.0000,1.0069,-1.0069,-0.5000,1.0137
10,-0.07,74,0.00,0.0000,1.0068,-1.0068,-0.5000,1.0137
10,-0.08,75,0.00,0.0000,1.0061,-1.0061,-0.5000,1.0123
10,-0.08,76,0.00,0.0000,1.0048,-1.0048,-0.5000,1.0097
10,-0.08,77,0.00,0.0000,1.0032,-1.0032,-0.5000,1.0063
10,-0.08,78,0.00,0.0000,1.0013,-1.0013,-0.5000,1.0027
10,-0.08,79,0.00,0.0000,0.9995,-0.9995,-0.5000,0.9991
10,-0.08,80,0.00,0.0000,0.9980,-0.9980,-0.5000,0.9960
10,-0.08,81,0.00,0.0000,0.9968,-0.9968,-0.5000,0.9936
10,-0.08,82,0.00,0.0000,0.9960,-0.9960,-0.5000,0.9921
10,-0.08,83,0.00,0.0000,0.9958,-0.9958,-0.5000,0.9916
10,-0.08,84,0.00,0.0000,0.9960,-0.9960,-0.5000,0.9920
10,-0.09,85,0.00,0.0000,0.9966,-0.9966,-0.5000,0.9932
10,-0.09,86,0.00,0.0000,0.9975,-0.9975,-0.5000,0.9950
10,-0.09,87,0.00,0.0000,0.9986,-0.9986,-0.5000,0.9971
10,-0.09,88,0.00,0.0000,0.9997,-0.9997,-0.5000,0.9994
10,-0.09,89,0.00,0.0000,1.0007,-1.0007,-0.5000,1.0015
10,-0.09,90,0.00,0.0000,1.0016,-1.0016,-0.5000,1.0032
10,-0.09,91,0.00,0.0000,1.0022,-1.0022,-0.5000,1.0044
10,-0.09,92,0.00,0.0000,1.0025,-1.0025,-0.5000,1.0050
10,-0.09,93,0.00,0.0000,1.0025,-1.0025,-0.5000,1.0051
10,-0.09,94,0.00,0.0000,1.0023,-1.0023,-0.5000,1.0046
10,-0.10,95,0.00,0.0000,1.0018,-1.0018,-0.5000,1.0036
10,-0.10,96,0.00,0.0000,1.0012,-1.0012,-0.5000,1.0024
10,-0.10,97,0.00,0.0000,1.0005,-1.0005,-0.5000,1.0010
10,-0.10,98,0.00,0.0000,0.9998,-0.9998,-0.5000,0.9997
10,-0.10,99,0.00,0.0000,0.9993,-0.9993,-0.5000,0.9985
10,-0.10,100,0.00,0.0000,1.9886,-1.9886,48.4863,100.9499
11,-0.00,1,0.00,0.0000,0.8916,-0.8916,-0.4941,0.7949
11,-0.00,2,0.00,0.0000,0.8215,-0.8215,-0.4841,0.6748
11,-0.00,3,0.00,0.0000,0.7746,-0.7746,-0.4746,0.6000
11,-0.00,4,0.00,0.0000,0.7487,-0.7487,-0.4684,0.5605
11,-0.01,5,0.00,0.0000,0.7415,-0.7415,-0.4666,0.5498
11,-0.01,6,0.00,0.0000,0.7510,-0.7510,-0.4690,0.5640
11,-0.01,7,0.00,0.0000,0.7756,-0.7756,-0.4748,0.6015
11,-0.01,8,0.00,0.0000,0.8134,-0.8134,-0.4826,0.6616
11,-0.01,9,0.00,0.0000,0.8624,-0.8624,-0.4905,0.7438
11,-0.01,10,0.00,0.0000,0.9198,-0.9198,-0.4968,0.8460
11,-0.01,11,0.00,0.0000,0.9813,-0.9813,-0.4998,0.9629
11,-0.01,12,0.00,0.0000,1.0413,-1.0413,-0.4991,1.0842
11,-0.01,13,0.00,0.0000,1.0932,-1.0932,-0.4957,1.1951
11,-0.01,14,0.00,0.0000,1.1308,-1.1308,-0.4914,1.2787
11,-0.02,15,0.00,0.0000,1.1494,-1.1494,-0.4888,1.3211
11,-0.02,16,0.00,0.0000,1.1478,-1.1478,-0.4891,1.3175
11,-0.02,17,0.00,0.0000,1.1284,-1.1284,-0.4918,1.2733
11,-0.02,18,0.00,0.0000,1.0961,-1.0961,-0.4954,1.2013
11,-0.02,19,0.00,0.0000,1.0569,-1.0569,-0.4984,1.1171
11,-0.02,20,0.00,0.0000,1.0167,-1.0167,-0.4999,1.0337
11,-0.02,21,0.00,0.0000,0.9799,-0.9799,-0.4998,0.9602
11,-0.02,22,0.00,0.0000,0.9496,-0.9496,-0.4987,0.9017
11,-0.02,23,0.00,0.0000,0.9274,-0.9274,-0.4974,0.8601
11,-0.02,24,0.00,0.0000,0.9140,-0.9140,-0.4963,0.8355
11,-0.03,25,0.00,0.0000,0.9094,-0.9094,-0.4959,0.8271
11,-0.03,26,0.00,0.0000,0.9130,-0.9130,-0.4962,0.8335
11,-0.03,27,0.00,0.0000,0.9236,-0.9236,-0.4971,0.8531
11,-0.03,28,0.00,0.0000,0.9400,-0.9400,-0.4982,0.8836
11,-0.03,29,0.00,0.0000,0.9604,-0.9604,-0.4992,0.9224
11,-0.03,30,0.00,0.0000,0.9828,-0.9828,-0.4999,0.9659
11,-0.03,31,0.00,0.0000,1.0050,-1.0050,-0.5000,1.0100
11,-0.03,32,0.00,0.0000,1.0248,-1.0248,-0.4997,1.0503
11,-0.03,33,0.00,0.0000,1.0404,-1.0404,-0.4992,1.0824
11,-0.03,34,0.00,0.0000,1.0502,-1.0502,-0.4987,1.1030
11,-0.04,35,0.00,0.0000,1.0538,-1.0538,-0.4986,1.1104
11,-0.04,36,0.00,0.0000,1.0512,-1.0512,-0.4987,1.1049
11,-0.04,37,0.00,0.0000,1.0433,-1.0433,-0.4991,1.0886
11,-0.04,38,0.00,0.0000,1.0318,-1.0318,-0.4995,1.0646
11,-0.04,39,0.00,0.0000,1.0182,-1.0182,-0.4998,1.0367
11,-0.04,40,0.00,0.0000,1.0042,-1.0042,-0.5000,1.0084
11,-0.04,41,0.00,0.0000,0.9913,-0.9913,-0.5000,0.9827
11,-0.04,42,0.00,0.0000,0.9807,-0.9807,-0.4998,0.9618
11,-0.04,43,0.00,0.0000,0.9730,-0.9730,-0.4996,0.9468
11,-0.04,44,0.00,0.0000,0.9688,-0.9688,-0.4995,0.9385
11,-0.05,45,0.00,0.0000,0.9679,-0.9679,-0.4995,0.9367
11,-0.05,46,0.00,0.0000,0.9701,-0.9701,-0.4996,0.9411
11,-0.05,47,0.00,0.0000,0.9750,-0.9750,-0.4997,0.9505
11,-0.05,48,0.00,0.0000,0.9818,-0.9818,-0.4998,0.9639
11,-0.05,49,0.00,0.0000,0.9897,-0.9897,-0.4999,0.9795
11,-0.05,50,0.00,0.0000,0.9979,-0.9979,-0.5000,0.9959
11,-0.05,51,0.00,0.0000,1.0056,-1.0056,-0.5000,1.0112
11,-0.05,52,0.00,0.0000,1.0119,-1.0119,-0.4999,1.0240
11,-0.05,53,0.00,0.0000,1.0165,-1.0165,-0.4999,1.0332
11,-0.05,54,0.00,0.0000,1.0189,-1.0189,-0.4998,1.0381
11,-0.06,55,0.00,0.0000,1.0191,-1.0191,-0.4998,1.0386
11,-0.06,56,0.00,0.0000,1.0173,-1.0173,-0.4999,1.0349
11,-0.06,57,0.00,0.0000,1.0139,-1.0139,-0.4999,1.0280
11,-0.06,58,0.00,0.0000,1.0094,-1.0094,-0.5000,1.0190
11,-0.06,59,0.00,0.0000,1.0045,-1.0045,-0.5000,1.0090
11,-0.06,60,0.00,0.0000,0.9996,-0.9996,-0.5000,0.9991
11,-0.06,61,0.00,0.0000,0.9952,-0.9952,-0.5000,0.9904
11,-0.06,62,0.00,0.0000,0.9917,-0.9917,-0.5000,0.9836
11,-0.06,63,0.00,0.0000,0.9895,-0.9895,-0.4999,0.9791
11,-0.06,64,0.00,0.0000,0.9885,-0.9885,-0.4999,0.9771
11,-0.07,65,0.00,0.0000,0.9887,-0.9887,-0.4999,0.9776
11,-0.07,66,0.00,0.0000,0.9901,-0.9901,-0.5000,0.9802
11,-0.07,67,0.00,0.0000,0.9923,-0.9923,-0.5000,0.9846
11,-0.07,68,0.00,0.0000,0.9950,-0.9950,-0.5000,0.9901
11,-0.07,69,0.00,0.0000,0.9980,-0.9980,-0.5000,0.9960
11,-0.07,70,0.00,0.0000,1.0009,-1.0009,-0.5000,1.0018
11,-0.07,71,0.00,0.0000,1.0034,-1.0034,-0.5000,1.0069
11,-0.07,72,0.00,0.0000,1.0054,-1.0054,-0.5000,1.0108
11,-0.07,73,0.00,0.0000,1.0066,-1.0066,-0.5000,1.0132
11,-0.07,74,0.00,0.0000,1.0070,-1.0070,-0.5000,1.0140
11,-0.08,75,0.00,0.0000,1.0066,-1.0066,-0.5000,1.0132
11,-0.08,76,0.00,0.0000,1.0056,-1.0056,-0.5000,1.0112
11,-0.08,77,0.00,0.0000,1.0041,-1.0041,-0.5000,1.0082
11,-0.08,78,0.00,0.0000,1.0024,-1.0024,-0.5000,1.0047
11,-0.08,79,0.00,0.0000,1.0005,-1.0005,-0.5000,1.0011
11,-0.08,80,0.00,0.0000,0.9989,-0.9989,-0.5000,0.9977
11,-0.08,81,0.00,0.0000,0.9975,-0.9975,-0.5000,0.9949
11,-0.08,82,0.00,0.0000,0.9964,-0.9964,-0.5000,0.9929
11,-0.08,83,0.00,0.0000,0.9959,-0.9959,-0.5000,0.9918
11,-0.08,84,0.00,0.0000,0.9958,-0.9958,-0.5000,0.9917
11,-0.09,85,0.00,0.0000,0.9962,-0.9962,-0.5000,0.9924
11,-0.09,86,0.00,0.0000,0.9969,-0.9969,-0.5000,0.9938
11,-0.09,87,0.00,0.0000,0.9979,-0.9979,-0.5000,0.9957
11,-0.09,88,0.00,0.0000,0.9990,-0.9990,-0.5000,0.9979
11,-0.09,89,0.00,0.0000,1.0000,-1.0000,-0.5000,1.0001
11,-0.09,90,0.00,0.0000,1.0010,-1.0010,-0.5000,1.0020
11,-0.09,91,0.00,0.0000,1.0018,-1.0018,-0.5000,1.0036
11,-0.09,92,0.00,0.0000,1.0023,-1.0023,-0.5000,1.0046
11,-0.09,93,0.00,0.0000,1.0025,-1.0025,-0.5000,1.0050
11,-0.09,94,0.00,0.0000,1.0025,-1.0025,-0.5000,1.0049
11,-0.10,95,0.00,0.0000,1.0021,-1.0021,-0.5000,1.0043
11,-0.10,96,0.00,0.0000,1.0016,-1.0016,-0.5000,1.0033
11,-0.10,97,0.00,0.0000,1.0010,-1.0010,-0.5000,1.0020
11,-0.10,98,0.00,0.0000,1.0004,-1.0004,-0.5000,1.0007
11,-0.10,99,0.00,0.0000,0.9997,-0.9997,-0.5000,0.9995
11,-0.10,100,0.00,0.0000,1.9894,-1.9894,48.5216,101.0219
12,-0.00,1,0.00,0.0000,0.9082,-0.9082,-0.4958,0.8248
12,-0.00,2,0.00,0.0000,0.8366,-0.8366,-0.4867,0.6999
12,-0.00,3,0.00,0.0000,0.7877,-0.7877,-0.4775,0.6204
12,-0.00,4,0.00,0.0000,0.7594,-0.7594,-0.4711,0.5767
12,-0.01,5,0.00,0.0000,0.7497,-0.7497,-0.4687,0.5621
12,-0.01,6,0.00,0.0000,0.7566,-0.7566,-0.4704,0.5724
12,-0.01,7,0.00,0.0000,0.7783,-0.7783,-0.4754,0.6058
12,-0.01,8,0.00,0.0000,0.8133,-0.8133,-0.4826,0.6614
12,-0.01,9,0.00,0.0000,0.8594,-0.8594,-0.4901,0.7386
12,-0.01,10,0.00,0.0000,0.9140,-0.9140,-0.4963,0.8353
12,-0.01,11,0.00,0.0000,0.9731,-0.9731,-0.4996,0.9469
12,-0.01,12,0.00,0.0000,1.0316,-1.0316,-0.4995,1.0642
12,-0.01,13,0.00,0.0000,1.0832,-1.0832,-0.4965,1.1734
12,-0.01,14,0.00,0.0000,1.1218,-1.1218,-0.4926,1.2584
12,-0.02,15,0.00,0.0000,1.1427,-1.1427,-0.4898,1.3059
12,-0.02,16,0.00,0.0000,1.1444,-1.1444,-0.4896,1.3096
12,-0.02,17,0.00,0.0000,1.1284,-1.1284,-0.4918,1.2734
12,-0.02,18,0.00,0.0000,1.0992,-1.0992,-0.4951,1.2083
12,-0.02,19,0.00,0.0000,1.0625,-1.0625,-0.4980,1.1289
12,-0.02,20,0.00,0.0000,1.0237,-1.0237,-0.4997,1.0480
12,-0.02,21,0.00,0.0000,0.9875,-0.9875,-0.4999,0.9751
12,-0.02,22,0.00,0.0000,0.9569,-0.9569,-0.4991,0.9156
12,-0.02,23,0.00,0.0000,0.9338,-0.9338,-0.4978,0.8721
12,-0.02,24,0.00,0.0000,0.9192,-0.9192,-0.4967,0.8449
12,-0.03,25,0.00,0.0000,0.9130,-0.9130,-0.4962,0.8336
12,-0.03,26,0.00,0.0000,0.9148,-0.9148,-0.4964,0.8369
12,-0.03,27,0.00,0.0000,0.9237,-0.9237,-0.4971,0.8532
12,-0.03,28,0.00,0.0000,0.9384,-0.9384,-0.4981,0.8806
12,-0.03,29,0.00,0.0000,0.9573,-0.9573,-0.4991,0.9164
12,-0.03,30,0.00,0.0000,0.9786,-0.9786,-0.4998,0.9576
12,-0.03,31,0.00,0.0000,1.0001,-1.0001,-0.5000,1.0002
12,-0.03,32,0.00,0.0000,1.0198,-1.0198,-0.4998,1.0399
12,-0.03,33,0.00,0.0000,1.0357,-1.0357,-0.4994,1.0728
12,-0.03,34,0.00,0.0000,1.0465,-1.0465,-0.4989,1.0953
12,-0.04,35,0.00,0.0000,1.0514,-1.0514,-0.4987,1.1055
12,-0.04,36,0.00,0.0000,1.0503,-1.0503,-0.4987,1.1032
12,-0.04,37,0.00,0.0000,1.0440,-1.0440,-0.4990,1.0899
12,-0.04,38,0.00,0.0000,1.0337,-1.0337,-0.4994,1.0686
12,-0.04,39,0.00,0.0000,1.0211,-1.0211,-0.4998,1.0426
12,-0.04,40,0.00,0.0000,1.0077,-1.0077,-0.5000,1.0154
12,-0.04,41,0.00,0.0000,0.9950,-0.9950,-0.5000,0.9900
12,-0.04,42,0.00,0.0000,0.9841,-0.9841,-0.4999,0.9685
12,-0.04,43,0.00,0.0000,0.9759,-0.9759,-0.4997,0.9525
12,-0.04,44,0.00,0.0000,0.9709,-0.9709,-0.4996,0.9426
12,-0.05,45,0.00,0.0000,0.9691,-0.9691,-0.4995,0.9392
12,-0.05,46,0.00,0.0000,0.9704,-0.9704,-0.4996,0.9417
12,-0.05,47,0.00,0.0000,0.9744,-0.9744,-0.4997,0.9494
12,-0.05,48,0.00,0.0000,0.9804,-0.9804,-0.4998,0.9612
12,-0.05,49,0.00,0.0000,0.9877,-0.9877,-0.4999,0.9756
12,-0.05,50,0.00,0.0000,0.9956,-0.9956,-0.5000,0.9912
12,-0.05,51,0.00,0.0000,1.0031,-1.0031,-0.5000,1.0063
12,-0.05,52,0.00,0.0000,1.0097,-1.0097,-0.5000,1.0194
12,-0.05,53,0.00,0.0000,1.0146,-1.0146,-0.4999,1.0294
12,-0.05,54,0.00,0.0000,1.0175,-1.0175,-0.4998,1.0354
12,-0.06,55,0.00,0.0000,1.0184,-1.0184,-0.4998,1.0372
12,-0.06,56,0.00,0.0000,1.0173,-1.0173,-0.4998,1.0350
12,-0.06,57,0.00,0.0000,1.0146,-1.0146,-0.4999,1.0294
12,-0.06,58,0.00,0.0000,1.0106,-1.0106,-0.4999,1.0214
12,-0.06,59,0.00,0.0000,1.0060,-1.0060,-0.5000,1.0120
12,-0.06,60,0.00,0.0000,1.0012,-1.0012,-0.5000,1.0025
12,-0.06,61,0.00,0.0000,0.9968,-0.9968,-0.5000,0.9937
12,-0.06,62,0.00,0.0000,0.9932,-0.9932,-0.5000,0.9865
12,-0.06,63,0.00,0.0000,0.9906,-0.9906,-0.5000,0.9814
12,-0.06,64,0.00,0.0000,0.9892,-0.9892,-0.4999,0.9786
12,-0.07,65,0.00,0.0000,0.9890,-0.9890,-0.4999,0.9781
12,-0.07,66,0.00,0.0000,0.9899,-0.9899,-0.4999,0.9799
12,-0.07,67,0.00,0.0000,0.9917,-0.9917,-0.5000,0.9835
12,-0.07,68,0.00,0.0000,0.9942,-0.9942,-0.5000,0.9884
12,-0.07,69,0.00,0.0000,0.9970,-0.9970,-0.5000,0.9939
12,-0.07,70,0.00,0.0000,0.9998,-0.9998,-0.5000,0.9996
12,-0.07,71,0.00,0.0000,1.0024,-1.0024,-0.5000,1.0047
12,-0.07,72,0.00,0.0000,1.0044,-1.0044,-0.5000,1.0089
12,-0.07,73,0.00,0.0000,1.0059,-1.0059,-0.5000,1.0118
12,-0.07,74,0.00,0.0000,1.0066,-1.0066,-0.5000,1.0132
12,-0.08,75,0.00,0.0000,1.0065,-1.0065,-0.5000,1.0131
12,-0.08,76,0.00,0.0000,1.0058,-1.0058,-0.5000,1.0116
12,-0.08,77,0.00,0.0000,1.0046,-1.0046,-0.5000,1.0092
12,-0.08,78,0.00,0.0000,1.0030,-1.0030,-0.5000,1.0060
12,-0.08,79,0.00,0.0000,1.0013,-1.0013,-0.5000,1.0026
12,-0.08,80,0.00,0.0000,0.9996,-0.9996,-0.5000,0.9992
12,-0.08,81,0.00,0.0000,0.9981,-0.9981,-0.5000,0.9963
12,-0.08,82,0.00,0.0000,0.9970,-0.9970,-0.5000,0.9940
12,-0.08,83,0.00,0.0000,0.9963,-0.9963,-0.5000,0.9926
12,-0.08,84,0.00,0.0000,0.9960,-0.9960,-0.5000,0.9921
12,-0.09,85,0.00,0.0000,0.9962,-0.9962,-0.5000,0.9924
12,-0.09,86,0.00,0.0000,0.9967,-0.9967,-0.5000,0.9934
12,-0.09,87,0.00,0.0000,0.9975,-0.9975,-0.5000,0.9950
12,-0.09,88,0.00,0.0000,0.9985,-0.9985,-0.5000,0.9970
12,-0.09,89,0.00,0.0000,0.9995,-0.9995,-0.5000,0.9991
12,-0.09,90,0.00,0.0000,1.0005,-1.0005,-0.5000,1.0010
12,-0.09,91,0.00,0.0000,1.0013,-1.0013,-0.5000,1.0027
12,-0.09,92,0.00,0.0000,1.0020,-1.0020,-0.5000,1.0039
12,-0.09,93,0.00,0.0000,1.0023,-1.0023,-0.5000,1.0046
12,-0.09,94,0.00,0.0000,1.0024,-1.0024,-0.5000,1.0048
12,-0.10,95,0.00,0.0000,1.0022,-1.0022,-0.5000,1.0044
12,-0.10,96,0.00,0.0000,1.0018,-1.0018,-0.5000,1.0037
12,-0.10,97,0.00,0.0000,1.0013,-1.0013,-0.5000,1.0026
12,-0.10,98,0.00,0.0000,1.0007,-1.0007,-0.5000,1.0014
12,-0.10,99,0.00,0.0000,1.0001,-1.0001,-0.5000,1.0001
12,-0.10,100,0.00,0.0000,1.9900,-1.9900,48.5530,101.0860
13,-0.00,1,0.00,0.0000,0.9156,-0.9156,-0.4964,0.8383
13,-0.00,2,0.00,0.0000,0.8434,-0.8434,-0.4877,0.7113
13,-0.00,3,0.00,0.0000,0.7935,-0.7935,-0.4787,0.6297
13,-0.00,4,0.00,0.0000,0.7643,-0.7643,-0.4722,0.5841
13,-0.01,5,0.00,0.0000,0.7535,-0.7535,-0.4696,0.5677
13,-0.01,6,0.00,0.0000,0.7593,-0.7593,-0.4710,0.5765
13,-0.01,7,0.00,0.0000,0.7799,-0.7799,-0.4758,0.6082
13,-0.01,8,0.00,0.0000,0.8136,-0.8136,-0.4826,0.6620
13,-0.01,9,0.00,0.0000,0.8586,-0.8586,-0.4900,0.7372
13,-0.01,10,0.00,0.0000,0.9120,-0.9120,-0.4961,0.8318
13,-0.01,11,0.00,0.0000,0.9701,-0.9701,-0.4996,0.9412
13,-0.01,12,0.00,0.0000,1.0279,-1.0279,-0.4996,1.0566
13,-0.01,13,0.00,0.0000,1.0793,-1.0793,-0.4969,1.1648
13,-0.01,14,0.00,0.0000,1.1182,-1.1182,-0.4930,1.2503
13,-0.02,15,0.00,0.0000,1.1400,-1.1400,-0.4902,1.2996
13,-0.02,16,0.00,0.0000,1.1429,-1.1429,-0.4898,1.3061
13,-0.02,17,0.00,0.0000,1.1282,-1.1282,-0.4918,1.2729
13,-0.02,18,0.00,0.0000,1.1002,-1.1002,-0.4950,1.2104
13,-0.02,19,0.00,0.0000,1.0643,-1.0643,-0.4979,1.1328
13,-0.02,20,0.00,0.0000,1.0261,-1.0261,-0.4997,1.0528
13,-0.02,21,0.00,0.0000,0.9900,-0.9900,-0.4999,0.9801
13,-0.02,22,0.00,0.0000,0.9594,-0.9594,-0.4992,0.9204
13,-0.02,23,0.00,0.0000,0.9361,-0.9361,-0.4980,0.8762
13,-0.02,24,0.00,0.0000,0.9210,-0.9210,-0.4969,0.8482
13,-0.03,25,0.00,0.0000,0.9143,-0.9143,-0.4963,0.8360
13,-0.03,26,0.00,0.0000,0.9156,-0.9156,-0.4964,0.8383
13,-0.03,27,0.00,0.0000,0.9239,-0.9239,-0.4971,0.8536
13,-0.03,28,0.00,0.0000,0.9381,-0.9381,-0.4981,0.8800
13,-0.03,29,0.00,0.0000,0.9565,-0.9565,-0.4991,0.9150
13,-0.03,30,0.00,0.0000,0.9774,-0.9774,-0.4997,0.9553
13,-0.03,31,0.00,0.0000,0.9987,-0.9987,-0.5000,0.9974
13,-0.03,32,0.00,0.0000,1.0183,-1.0183,-0.4998,1.0370
13,-0.03,33,0.00,0.0000,1.0344,-1.0344,-0.4994,1.0699
13,-0.03,34,0.00,0.0000,1.0454,-1.0454,-0.4990,1.0928
13,-0.04,35,0.00,0.0000,1.0506,-1.0506,-0.4987,1.1037
13,-0.04,36,0.00,0.0000,1.0499,-1.0499,-0.4988,1.1023
13,-0.04,37,0.00,0.0000,1.0440,-1.0440,-0.4990,1.0899
13,-0.04,38,0.00,0.0000,1.0341,-1.0341,-0.4994,1.0694
13,-0.04,39,0.00,0.0000,1.0217,-1.0217,-0.4998,1.0439
13,-0.04,40,0.00,0.0000,1.0085,-1.0085,-0.5000,1.0171
13,-0.04,41,0.00,0.0000,0.9959,-0.9959,-0.5000,0.9918
13,-0.04,42,0.00,0.0000,0.9850,-0.9850,-0.4999,0.9703
13,-0.04,43,0.00,0.0000,0.9767,-0.9767,-0.4997,0.9540
13,-0.04,44,0.00,0.0000,0.9715,-0.9715,-0.4996,0.9439
13,-0.05,45,0.00,0.0000,0.9695,-0.9695,-0.4995,0.9400
13,-0.05,46,0.00,0.0000,0.9706,-0.9706,-0.4996,0.9421
13,-0.05,47,0.00,0.0000,0.9743,-0.9743,-0.4997,0.9494
13,-0.05,48,0.00,0.0000,0.9802,-0.9802,-0.4998,0.9607
13,-0.05,49,0.00,0.0000,0.9873,-0.9873,-0.4999,0.9748
13,-0.05,50,0.00,0.0000,0.9951,-0.9951,-0.5000,0.9902
13,-0.05,51,0.00,0.0000,1.0026,-1.0026,-0.5000,1.0051
13,-0.05,52,0.00,0.0000,1.0091,-1.0091,-0.5000,1.0183
13,-0.05,53,0.00,0.0000,1.0141,-1.0141,-0.4999,1.0284
13,-0.05,54,0.00,0.0000,1.0172,-1.0172,-0.4999,1.0346
13,-0.06,55,0.00,0.0000,1.0182,-1.0182,-0.4998,1.0367
13,-0.06,56,0.00,0.0000,1.0172,-1.0172,-0.4999,1.0348
13,-0.06,57,0.00,0.0000,1.0146,-1.0146,-0.4999,1.0295
13,-0.06,58,0.00,0.0000,1.0108,-1.0108,-0.4999,1.0217
13,-0.06,59,0.00,0.0000,1.0063,-1.0063,-0.5000,1.0126
13,-0.06,60,0.00,0.0000,1.0016,-1.0016,-0.5000,1.0032
13,-0.06,61,0.00,0.0000,0.9972,-0.9972,-0.5000,0.9944
13,-0.06,62,0.00,0.0000,0.9936,-0.9936,-0.5000,0.9872
13,-0.06,63,0.00,0.0000,0.9909,-0.9909,-0.5000,0.9819
13,-0.06,64,0.00,0.0000,0.9894,-0.9894,-0.4999,0.9790
13,-0.07,65,0.00,0.0000,0.9892,-0.9892,-0.4999,0.9784
13,-0.07,66,0.00,0.0000,0.9900,-0.9900,-0.4999,0.9800
13,-0.07,67,0.00,0.0000,0.9917,-0.9917,-0.5000,0.9834
13,-0.07,68,0.00,0.0000,0.9940,-0.9940,-0.5000,0.9881
13,-0.07,69,0.00,0.0000,0.9968,-0.9968,-0.5000,0.9935
13,-0.07,70,0.00,0.0000,0.9996,-0.9996,-0.5000,0.9991
13,-0.07,71,0.00,0.0000,1.0021,-1.0021,-0.5000,1.0042
13,-0.07,72,0.00,0.0000,1.0042,-1.0042,-0.5000,1.0085
13,-0.07,73,0.00,0.0000,1.0057,-1.0057,-0.5000,1.0114
13,-0.07,74,0.00,0.0000,1.0064,-1.0064,-0.5000,1.0129
13,-0.08,75,0.00,0.0000,1.0064,-1.0064,-0.5000,1.0129
13,-0.08,76,0.00,0.0000,1.0058,-1.0058,-0.5000,1.0116
13,-0.08,77,0.00,0.0000,1.0046,-1.0046,-0.5000,1.0093
13,-0.08,78,0.00,0.0000,1.0031,-1.0031,-0.5000,1.0062
13,-0.08,79,0.00,0.0000,1.0014,-1.0014,-0.5000,1.0029
13,-0.08,80,0.00,0.0000,0.9998,-0.9998,-0.5000,0.9995
13,-0.08,81,0.00,0.0000,0.9983,-0.9983,-0.5000,0.9966
13,-0.08,82,0.00,0.0000,0.9972,-0.9972,-0.5000,0.9943
13,-0.08,83,0.00,0.0000,0.9964,-0.9964,-0.5000,0.9928
13,-0.08,84,0.00,0.0000,0.9961,-0.9961,-0.5000,0.9922
13,-0.09,85,0.00,0.0000,0.9962,-0.9962,-0.5000,0.9924
13,-0.09,86,0.00,0.0000,0.9967,-0.9967,-0.5000,0.9934
13,-0.09,87,0.00,0.0000,0.9975,-0.9975,-0.5000,0.9949
13,-0.09,88,0.00,0.0000,0.9984,-0.9984,-0.5000,0.9968
13,-0.09,89,0.00,0.0000,0.9994,-0.9994,-0.5000,0.9989
13,-0.09,90,0.00,0.0000,1.0004,-1.0004,-0.5000,1.0008
13,-0.09,91,0.00,0.0000,1.0012,-1.0012,-0.5000,1.0025
13,-0.09,92,0.00,0.0000,1.0019,-1.0019,-0.5000,1.0038
13,-0.09,93,0.00,0.0000,1.0023,-1.0023,-0.5000,1.0045
13,-0.09,94,0.00,0.0000,1.0024,-1.0024,-0.5000,1.0047
13,-0.10,95,0.00,0.0000,1.0022,-1.0022,-0.5000,1.0044
13,-0.10,96,0.00,0.0000,1.0019,-1.0019,-0.5000,1.0037
13,-0.10,97,0.00,0.0000,1.0013,-1.0013,-0.5000,1.0027
13,-0.10,98,0.00,0.0000,1.0007,-1.0007,-0.5000,1.0015
13,-0.10,99,0.00,0.0000,1.0001,-1.0001,-0.5000,1.0003
13,-0.10,100,0.00,0.0000,1.9901,-1.9901,48.5595,101.0992
14,-0.00,1,0.00,0.0000,0.8986,-0.8986,-0.4949,0.8074
14,-0.00,2,0.00,0.0000,0.8291,-0.8291,-0.4854,0.6873
14,-0.00,3,0.00,0.0000,0.7820,-0.7820,-0.4762,0.6115
14,-0.00,4,0.00,0.0000,0.7553,-0.7553,-0.4701,0.5705
14,-0.01,5,0.00,0.0000,0.7468,-0.7468,-0.4679,0.5577
14,-0.01,6,0.00,0.0000,0.7546,-0.7546,-0.4699,0.5695
14,-0.01,7,0.00,0.0000,0.7770,-0.7770,-0.4751,0.6038
14,-0.01,8,0.00,0.0000,0.8124,-0.8124,-0.4824,0.6600
14,-0.01,9,0.00,0.0000,0.8588,-0.8588,-0.4900,0.7376
14,-0.01,10,0.00,0.0000,0.9135,-0.9135,-0.4963,0.8345
14,-0.01,11,0.00,0.0000,0.9726,-0.9726,-0.4996,0.9460
14,-0.01,12,0.00,0.0000,1.0311,-1.0311,-0.4995,1.0632
14,-0.01,13,0.00,0.0000,1.0829,-1.0829,-0.4966,1.1726
14,-0.01,14,0.00,0.0000,1.1218,-1.1218,-0.4926,1.2585
14,-0.02,15,0.00,0.0000,1.1434,-1.1434,-0.4897,1.3073
14,-0.02,16,0.00,0.0000,1.1457,-1.1457,-0.4894,1.3127
14,-0.02,17,0.00,0.0000,1.1305,-1.1305,-0.4915,1.2779
14,-0.02,18,0.00,0.0000,1.1018,-1.1018,-0.4948,1.2139
14,-0.02,19,0.00,0.0000,1.0653,-1.0653,-0.4979,1.1349
14,-0.02,20,0.00,0.0000,1.0265,-1.0265,-0.4996,1.0538
14,-0.02,21,0.00,0.0000,0.9900,-0.9900,-0.4999,0.9801
14,-0.02,22,0.00,0.0000,0.9590,-0.9590,-0.4992,0.9196
14,-0.02,23,0.00,0.0000,0.9353,-0.9353,-0.4979,0.8748
14,-0.02,24,0.00,0.0000,0.9199,-0.9199,-0.4968,0.8463
14,-0.03,25,0.00,0.0000,0.9129,-0.9129,-0.4962,0.8334
14,-0.03,26,0.00,0.0000,0.9139,-0.9139,-0.4963,0.8352
14,-0.03,27,0.00,0.0000,0.9220,-0.9220,-0.4970,0.8501
14,-0.03,28,0.00,0.0000,0.9360,-0.9360,-0.4979,0.8760
14,-0.03,29,0.00,0.0000,0.9543,-0.9543,-0.4990,0.9107
14,-0.03,30,0.00,0.0000,0.9753,-0.9753,-0.4997,0.9511
14,-0.03,31,0.00,0.0000,0.9967,-0.9967,-0.5000,0.9935
14,-0.03,32,0.00,0.0000,1.0167,-1.0167,-0.4999,1.0338
14,-0.03,33,0.00,0.0000,1.0333,-1.0333,-0.4994,1.0678
14,-0.03,34,0.00,0.0000,1.0450,-1.0450,-0.4990,1.0921
14,-0.04,35,0.00,0.0000,1.0509,-1.0509,-0.4987,1.1045
14,-0.04,36,0.00,0.0000,1.0509,-1.0509,-0.4987,1.1045
14,-0.04,37,0.00,0.0000,1.0456,-1.0456,-0.4990,1.0933
14,-0.04,38,0.00,0.0000,1.0361,-1.0361,-0.4993,1.0735
14,-0.04,39,0.00,0.0000,1.0239,-1.0239,-0.4997,1.0485
14,-0.04,40,0.00,0.0000,1.0107,-1.0107,-0.4999,1.0215
14,-0.04,41,0.00,0.0000,0.9978,-0.9978,-0.5000,0.9957
14,-0.04,42,0.00,0.0000,0.9866,-0.9866,-0.4999,0.9734
14,-0.04,43,0.00,0.0000,0.9778,-0.9778,-0.4998,0.9561
14,-0.04,44,0.00,0.0000,0.9720,-0.9720,-0.4996,0.9448
14,-0.05,45,0.00,0.0000,0.9694,-0.9694,-0.4995,0.9397
14,-0.05,46,0.00,0.0000,0.9699,-0.9699,-0.4995,0.9407
14,-0.05,47,0.00,0.0000,0.9731,-0.9731,-0.4996,0.9470
14,-0.05,48,0.00,0.0000,0.9786,-0.9786,-0.4998,0.9576
14,-0.05,49,0.00,0.0000,0.9855,-0.9855,-0.4999,0.9712
14,-0.05,50,0.00,0.0000,0.9932,-0.9932,-0.5000,0.9864
14,-0.05,51,0.00,0.0000,1.0008,-1.0008,-0.5000,1.0016
14,-0.05,52,0.00,0.0000,1.0076,-1.0076,-0.5000,1.0153
14,-0.05,53,0.00,0.0000,1.0130,-1.0130,-0.4999,1.0262
14,-0.05,54,0.00,0.0000,1.0166,-1.0166,-0.4999,1.0335
14,-0.06,55,0.00,0.0000,1.0182,-1.0182,-0.4998,1.0367
14,-0.06,56,0.00,0.0000,1.0178,-1.0178,-0.4998,1.0359
14,-0.06,57,0.00,0.0000,1.0156,-1.0156,-0.4999,1.0315
14,-0.06,58,0.00,0.0000,1.0121,-1.0121,-0.4999,1.0243
14,-0.06,59,0.00,0.0000,1.0077,-1.0077,-0.5000,1.0155
14,-0.06,60,0.00,0.0000,1.0031,-1.0031,-0.5000,1.0061
14,-0.06,61,0.00,0.0000,0.9986,-0.9986,-0.5000,0.9971
14,-0.06,62,0.00,0.0000,0.9947,-0.9947,-0.5000,0.9893
14,-0.06,63,0.00,0.0000,0.9917,-0.9917,-0.5000,0.9834
14,-0.06,64,0.00,0.0000,0.9898,-0.9898,-0.4999,0.9797
14,-0.07,65,0.00,0.0000,0.9891,-0.9891,-0.4999,0.9783
14,-0.07,66,0.00,0.0000,0.9895,-0.9895,-0.4999,0.9792
14,-0.07,67,0.00,0.0000,0.9909,-0.9909,-0.5000,0.9820
14,-0.07,68,0.00,0.0000,0.9931,-0.9931,-0.5000,0.9862
14,-0.07,69,0.00,0.0000,0.9957,-0.9957,-0.5000,0.9914
14,-0.07,70,0.00,0.0000,0.9985,-0.9985,-0.5000,0.9969
14,-0.07,71,0.00,0.0000,1.0011,-1.0011,-0.5000,1.0023
14,-0.07,72,0.00,0.0000,1.0034,-1.0034,-0.5000,1.0068
14,-0.07,73,0.00,0.0000,1.0051,-1.0051,-0.5000,1.0103
14,-0.07,74,0.00,0.0000,1.0062,-1.0062,-0.5000,1.0124
14,-0.08,75,0.00,0.0000,1.0065,-1.0065,-0.5000,1.0130
14,-0.08,76,0.00,0.0000,1.0061,-1.0061,-0.5000,1.0123
14,-0.08,77,0.00,0.0000,1.0052,-1.0052,-0.5000,1.0104
14,-0.08,78,0.00,0.0000,1.0038,-1.0038,-0.5000,1.0077
14,-0.08,79,0.00,0.0000,1.0022,-1.0022,-0.5000,1.0044
14,-0.08,80,0.00,0.0000,1.0005,-1.0005,-0.5000,1.0011
14,-0.08,81,0.00,0.0000,0.9990,-0.9990,-0.5000,0.9980
14,-0.08,82,0.00,0.0000,0.9977,-0.9977,-0.5000,0.9954
14,-0.08,83,0.00,0.0000,0.9967,-0.9967,-0.5000,0.9935
14,-0.08,84,0.00,0.0000,0.9962,-0.9962,-0.5000,0.9925
14,-0.09,85,0.00,0.0000,0.9961,-0.9961,-0.5000,0.9923
14,-0.09,86,0.00,0.0000,0.9964,-0.9964,-0.5000,0.9929
14,-0.09,87,0.00,0.0000,0.9970,-0.9970,-0.5000,0.9941
14,-0.09,88,0.00,0.0000,0.9979,-0.9979,-0.5000,0.9958
14,-0.09,89,0.00,0.0000,0.9989,-0.9989,-0.5000,0.9978
14,-0.09,90,0.00,0.0000,0.9999,-0.9999,-0.5000,0.9998
14,-0.09,91,0.00,0.0000,1.0008,-1.0008,-0.5000,1.0016
14,-0.09,92,0.00,0.0000,1.0015,-1.0015,-0.5000,1.0031
14,-0.09,93,0.00,0.0000,1.0020,-1.0020,-0.5000,1.0041
14,-0.09,94,0.00,0.0000,1.0023,-1.0023,-0.5000,1.0046
14,-0.10,95,0.00,0.0000,1.0023,-1.0023,-0.5000,1.0046
14,-0.10,96,0.00,0.0000,1.0021,-1.0021,-0.5000,1.0041
14,-0.10,97,0.00,0.0000,1.0016,-1.0016,-0.5000,1.0033
14,-0.10,98,0.00,0.0000,1.0011,-1.0011,-0.5000,1.0022
14,-0.10,99,0.00,0.0000,1.0005,-1.0005,-0.5000,1.0010
14,-0.10,100,0.00,0.0000,1.9908,-1.9908,48.5951,101.1718
15,-0.00,1,0.00,0.0000,0.9009,-0.9009,-0.4951,0.8116
15,-0.00,2,0.00,0.0000,0.8320,-0.8320,-0.4859,0.6922
15,-0.00,3,0.00,0.0000,0.7851,-0.7851,-0.4769,0.6164
15,-0.00,4,0.00,0.0000,0.7582,-0.7582,-0.4708,0.5749
15,-0.01,5,0.00,0.0000,0.7492,-0.7492,-0.4686,0.5613
15,-0.01,6,0.00,0.0000,0.7563,-0.7563,-0.4703,0.5719
15,-0.01,7,0.00,0.0000,0.7777,-0.7777,-0.4753,0.6047
15,-0.01,8,0.00,0.0000,0.8118,-0.8118,-0.4823,0.6590
15,-0.01,9,0.00,0.0000,0.8568,-0.8568,-0.4897,0.7341
15,-0.01,10,0.00,0.0000,0.9100,-0.9100,-0.4960,0.8282
15,-0.01,11,0.00,0.0000,0.9679,-0.9679,-0.4995,0.9368
15,-0.01,12,0.00,0.0000,1.0255,-1.0255,-0.4997,1.0517
15,-0.01,13,0.00,0.0000,1.0771,-1.0771,-0.4970,1.1601
15,-0.01,14,0.00,0.0000,1.1167,-1.1167,-0.4932,1.2471
15,-0.02,15,0.00,0.0000,1.1399,-1.1399,-0.4902,1.2993
15,-0.02,16,0.00,0.0000,1.1444,-1.1444,-0.4896,1.3097
15,-0.02,17,0.00,0.0000,1.1316,-1.1316,-0.4913,1.2805
15,-0.02,18,0.00,0.0000,1.1051,-1.1051,-0.4945,1.2213
15,-0.02,19,0.00,0.0000,1.0703,-1.0703,-0.4975,1.1455
15,-0.02,20,0.00,0.0000,1.0324,-1.0324,-0.4995,1.0659
15,-0.02,21,0.00,0.0000,0.9962,-0.9962,-0.5000,0.9924
15,-0.02,22,0.00,0.0000,0.9648,-0.9648,-0.4994,0.9308
15,-0.02,23,0.00,0.0000,0.9403,-0.9403,-0.4982,0.8841
15,-0.02,24,0.00,0.0000,0.9237,-0.9237,-0.4971,0.8532
15,-0.03,25,0.00,0.0000,0.9152,-0.9152,-0.4964,0.8377
15,-0.03,26,0.00,0.0000,0.9147,-0.9147,-0.4964,0.8366
15,-0.03,27,0.00,0.0000,0.9212,-0.9212,-0.4969,0.8485
15,-0.03,28,0.00,0.0000,0.9337,-0.9337,-0.4978,0.8717
15,-0.03,29,0.00,0.0000,0.9507,-0.9507,-0.4988,0.9039
15,-0.03,30,0.00,0.0000,0.9707,-0.9707,-0.4996,0.9422
15,-0.03,31,0.00,0.0000,0.9916,-0.9916,-0.5000,0.9833
15,-0.03,32,0.00,0.0000,1.0116,-1.0116,-0.4999,1.0234
15,-0.03,33,0.00,0.0000,1.0287,-1.0287,-0.4996,1.0583
15,-0.03,34,0.00,0.0000,1.0415,-1.0415,-0.4991,1.0846
15,-0.04,35,0.00,0.0000,1.0488,-1.0488,-0.4988,1.0999
15,-0.04,36,0.00,0.0000,1.0504,-1.0504,-0.4987,1.1033
15,-0.04,37,0.00,0.0000,1.0466,-1.0466,-0.4989,1.0954
15,-0.04,38,0.00,0.0000,1.0385,-1.0385,-0.4993,1.0785
15,-0.04,39,0.00,0.0000,1.0274,-1.0274,-0.4996,1.0555
15,-0.04,40,0.00,0.0000,1.0147,-1.0147,-0.4999,1.0296
15,-0.04,41,0.00,0.0000,1.0020,-1.0020,-0.5000,1.0040
15,-0.04,42,0.00,0.0000,0.9905,-0.9905,-0.5000,0.9810
15,-0.04,43,0.00,0.0000,0.9811,-0.9811,-0.4998,0.9625
15,-0.04,44,0.00,0.0000,0.9744,-0.9744,-0.4997,0.9495
15,-0.05,45,0.00,0.0000,0.9708,-0.9708,-0.4996,0.9424
15,-0.05,46,0.00,0.0000,0.9702,-0.9702,-0.4996,0.9413
15,-0.05,47,0.00,0.0000,0.9724,-0.9724,-0.4996,0.9455
15,-0.05,48,0.00,0.0000,0.9769,-0.9769,-0.4997,0.9543
15,-0.05,49,0.00,0.0000,0.9831,-0.9831,-0.4999,0.9665
15,-0.05,50,0.00,0.0000,0.9903,-0.9903,-0.5000,0.9807
15,-0.05,51,0.00,0.0000,0.9978,-0.9978,-0.5000,0.9955
15,-0.05,52,0.00,0.0000,1.0047,-1.0047,-0.5000,1.0095
15,-0.05,53,0.00,0.0000,1.0106,-1.0106,-0.4999,1.0213
15,-0.05,54,0.00,0.0000,1.0148,-1.0148,-0.4999,1.0299
15,-0.06,55,0.00,0.0000,1.0172,-1.0172,-0.4999,1.0347
15,-0.06,56,0.00,0.0000,1.0176,-1.0176,-0.4998,1.0356
15,-0.06,57,0.00,0.0000,1.0163,-1.0163,-0.4999,1.0328
15,-0.06,58,0.00,0.0000,1.0135,-1.0135,-0.4999,1.0271
15,-0.06,59,0.00,0.0000,1.0096,-1.0096,-0.5000,1.0193
15,-0.06,60,0.00,0.0000,1.0052,-1.0052,-0.5000,1.0104
15,-0.06,61,0.00,0.0000,1.0007,-1.0007,-0.5000,1.0015
15,-0.06,62,0.00,0.0000,0.9967,-0.9967,-0.5000,0.9933
15,-0.06,63,0.00,0.0000,0.9933,-0.9933,-0.5000,0.9867
15,-0.06,64,0.00,0.0000,0.9910,-0.9910,-0.5000,0.9820
15,-0.07,65,0.00,0.0000,0.9897,-0.9897,-0.4999,0.9795
15,-0.07,66,0.00,0.0000,0.9896,-0.9896,-0.4999,0.9792
15,-0.07,67,0.00,0.0000,0.9904,-0.9904,-0.5000,0.9809
15,-0.07,68,0.00,0.0000,0.9921,-0.9921,-0.5000,0.9843
15,-0.07,69,0.00,0.0000,0.9944,-0.9944,-0.5000,0.9888
15,-0.07,70,0.00,0.0000,0.9970,-0.9970,-0.5000,0.9940
15,-0.07,71,0.00,0.0000,0.9996,-0.9996,-0.5000,0.9993
15,-0.07,72,0.00,0.0000,1.0020,-1.0020,-0.5000,1.0041
15,-0.07,73,0.00,0.0000,1.0040,-1.0040,-0.5000,1.0081
15,-0.07,74,0.00,0.0000,1.0054,-1.0054,-0.5000,1.0109
15,-0.08,75,0.00,0.0000,1.0061,-1.0061,-0.5000,1.0123
15,-0.08,76,0.00,0.0000,1.0062,-1.0062,-0.5000,1.0124
15,-0.08,77,0.00,0.0000,1.0056,-1.0056,-0.5000,1.0113
15,-0.08,78,0.00,0.0000,1.0046,-1.0046,-0.5000,1.0091
15,-0.08,79,0.00,0.0000,1.0031,-1.0031,-0.5000,1.0063
15,-0.08,80,0.00,0.0000,1.0016,-1.0016,-0.5000,1.0031
15,-0.08,81,0.00,0.0000,1.0000,-1.0000,-0.5000,1.0000
15,-0.08,82,0.00,0.0000,0.9986,-0.9986,-0.5000,0.9972
15,-0.08,83,0.00,0.0000,0.9975,-0.9975,-0.5000,0.9949
15,-0.08,84,0.00,0.0000,0.9967,-0.9967,-0.5000,0.9934
15,-0.09,85,0.00,0.0000,0.9963,-0.9963,-0.5000,0.9927
15,-0.09,86,0.00,0.0000,0.9963,-0.9963,-0.5000,0.9927
15,-0.09,87,0.00,0.0000,0.9967,-0.9967,-0.5000,0.9935
15,-0.09,88,0.00,0.0000,0.9974,-0.9974,-0.5000,0.9948
15,-0.09,89,0.00,0.0000,0.9982,-0.9982,-0.5000,0.9965
15,-0.09,90,0.00,0.0000,0.9992,-0.9992,-0.5000,0.9984
15,-0.09,91,0.00,0.0000,1.0001,-1.0001,-0.5000,1.0002
15,-0.09,92,0.00,0.0000,1.0009,-1.0009,-0.5000,1.0019
15,-0.09,93,0.00,0.0000,1.0016,-1.0016,-0.5000,1.0032
15,-0.09,94,0.00,0.0000,1.0020,-1.0020,-0.5000,1.0040
15,-0.10,95,0.00,0.0000,1.0022,-1.0022,-0.5000,1.0044
15,-0.10,96,0.00,0.0000,1.0022,-1.0022,-0.5000,1.0043
15,-0.10,97,0.00,0.0000,1.0019,-1.0019,-0.5000,1.0038
15,-0.10,98,0.00,0.0000,1.0015,-1.0015,-0.5000,1.0030
15,-0.10,99,0.00,0.0000,1.0010,-1.0010,-0.5000,1.0019
15,-0.10,100,0.00,0.0000,1.9918,-1.9918,48.6413,101.2662
16,-0.00,1,0.00,0.0000,0.9037,-0.9037,-0.4954,0.8167
16,-0.00,2,0.00,0.0000,0.8353,-0.8353,-0.4864,0.6978
16,-0.00,3,0.00,0.0000,0.7885,-0.7885,-0.4776,0.6217
16,-0.00,4,0.00,0.0000,0.7614,-0.7614,-0.4715,0.5797
16,-0.01,5,0.00,0.0000,0.7519,-0.7519,-0.4692,0.5653
16,-0.01,6,0.00,0.0000,0.7582,-0.7582,-0.4708,0.5749
16,-0.01,7,0.00,0.0000,0.7787,-0.7787,-0.4755,0.6064
16,-0.01,8,0.00,0.0000,0.8118,-0.8118,-0.4823,0.6590
16,-0.01,9,0.00,0.0000,0.8556,-0.8556,-0.4896,0.7320
16,-0.01,10,0.00,0.0000,0.9076,-0.9076,-0.4957,0.8238
16,-0.01,11,0.00,0.0000,0.9644,-0.9644,-0.4994,0.9300
16,-0.01,12,0.00,0.0000,1.0212,-1.0212,-0.4998,1.0428
16,-0.01,13,0.00,0.0000,1.0724,-1.0724,-0.4974,1.1501
16,-0.01,14,0.00,0.0000,1.1124,-1.1124,-0.4937,1.2375
16,-0.02,15,0.00,0.0000,1.1367,-1.1366,-0.4907,1.2920
16,-0.02,16,0.00,0.0000,1.1429,-1.1429,-0.4898,1.3061
16,-0.02,17,0.00,0.0000,1.1319,-1.1319,-0.4913,1.2811
16,-0.02,18,0.00,0.0000,1.1071,-1.1071,-0.4943,1.2258
16,-0.02,19,0.00,0.0000,1.0737,-1.0737,-0.4973,1.1528
16,-0.02,20,0.00,0.0000,1.0367,-1.0367,-0.4993,1.0748
16,-0.02,21,0.00,0.0000,1.0008,-1.0008,-0.5000,1.0015
16,-0.02,22,0.00,0.0000,0.9692,-0.9692,-0.4995,0.9394
16,-0.02,23,0.00,0.0000,0.9442,-0.9442,-0.4984,0.8915
16,-0.02,24,0.00,0.0000,0.9268,-0.9268,-0.4973,0.8589
16,-0.03,25,0.00,0.0000,0.9174,-0.9174,-0.4966,0.8415
16,-0.03,26,0.00,0.0000,0.9157,-0.9157,-0.4964,0.8384
16,-0.03,27,0.00,0.0000,0.9210,-0.9210,-0.4969,0.8482
16,-0.03,28,0.00,0.0000,0.9324,-0.9324,-0.4977,0.8693
16,-0.03,29,0.00,0.0000,0.9484,-0.9484,-0.4987,0.8995
16,-0.03,30,0.00,0.0000,0.9676,-0.9676,-0.4995,0.9363
16,-0.03,31,0.00,0.0000,0.9881,-0.9881,-0.4999,0.9763
16,-0.03,32,0.00,0.0000,1.0079,-1.0079,-0.5000,1.0158
16,-0.03,33,0.00,0.0000,1.0253,-1.0253,-0.4997,1.0512
16,-0.03,34,0.00,0.0000,1.0386,-1.0386,-0.4993,1.0787
16,-0.04,35,0.00,0.0000,1.0468,-1.0468,-0.4989,1.0959
16,-0.04,36,0.00,0.0000,1.0495,-1.0495,-0.4988,1.1015
16,-0.04,37,0.00,0.0000,1.0469,-1.0469,-0.4989,1.0961
16,-0.04,38,0.00,0.0000,1.0398,-1.0398,-0.4992,1.0813
16,-0.04,39,0.00,0.0000,1.0295,-1.0295,-0.4996,1.0599
16,-0.04,40,0.00,0.0000,1.0174,-1.0174,-0.4998,1.0351
16,-0.04,41,0.00,0.0000,1.0049,-1.0049,-0.5000,1.0098
16,-0.04,42,0.00,0.0000,0.9933,-0.9933,-0.5000,0.9866
16,-0.04,43,0.00,0.0000,0.9836,-0.9836,-0.4999,0.9674
16,-0.04,44,0.00,0.0000,0.9764,-0.9764,-0.4997,0.9533
16,-0.05,45,0.00,0.0000,0.9721,-0.9721,-0.4996,0.9449
16,-0.05,46,0.00,0.0000,0.9707,-0.9707,-0.4996,0.9423
16,-0.05,47,0.00,0.0000,0.9722,-0.9722,-0.4996,0.9451
16,-0.05,48,0.00,0.0000,0.9760,-0.9760,-0.4997,0.9525
16,-0.05,49,0.00,0.0000,0.9816,-0.9816,-0.4998,0.9636
16,-0.05,50,0.00,0.0000,0.9884,-0.9884,-0.4999,0.9770
16,-0.05,51,0.00,0.0000,0.9957,-0.9957,-0.5000,0.9914
16,-0.05,52,0.00,0.0000,1.0027,-1.0027,-0.5000,1.0053
16,-0.05,53,0.00,0.0000,1.0087,-1.0087,-0.5000,1.0175
16,-0.05,54,0.00,0.0000,1.0134,-1.0134,-0.4999,1.0269
16,-0.06,55,0.00,0.0000,1.0162,-1.0162,-0.4999,1.0327
16,-0.06,56,0.00,0.0000,1.0173,-1.0173,-0.4999,1.0348
16,-0.06,57,0.00,0.0000,1.0165,-1.0165,-0.4999,1.0332
16,-0.06,58,0.00,0.0000,1.0142,-1.0142,-0.4999,1.0286
16,-0.06,59,0.00,0.0000,1.0107,-1.0107,-0.4999,1.0216
16,-0.06,60,0.00,0.0000,1.0066,-1.0066,-0.5000,1.0132
16,-0.06,61,0.00,0.0000,1.0022,-1.0022,-0.5000,1.0045
16,-0.06,62,0.00,0.0000,0.9981,-0.9981,-0.5000,0.9962
16,-0.06,63,0.00,0.0000,0.9946,-0.9946,-0.5000,0.9892
16,-0.06,64,0.00,0.0000,0.9920,-0.9920,-0.5000,0.9840
16,-0.07,65,0.00,0.0000,0.9903,-0.9903,-0.5000,0.9807
16,-0.07,66,0.00,0.0000,0.9898,-0.9898,-0.4999,0.9797
16,-0.07,67,0.00,0.0000,0.9902,-0.9902,-0.5000,0.9806
16,-0.07,68,0.00,0.0000,0.9916,-0.9916,-0.5000,0.9833
16,-0.07,69,0.00,0.0000,0.9936,-0.9936,-0.5000,0.9873
16,-0.07,70,0.00,0.0000,0.9960,-0.9960,-0.5000,0.9921
16,-0.07,71,0.00,0.0000,0.9986,-0.9986,-0.5000,0.9972
16,-0.07,72,0.00,0.0000,1.0010,-1.0010,-0.5000,1.0021
16,-0.07,73,0.00,0.0000,1.0032,-1.0032,-0.5000,1.0063
16,-0.07,74,0.00,0.0000,1.0047,-1.0047,-0.5000,1.0095
16,-0.08,75,0.00,0.0000,1.0057,-1.0057,-0.5000,1.0115
16,-0.08,76,0.00,0.0000,1.0061,-1.0060,-0.5000,1.0121
16,-0.08,77,0.00,0.0000,1.0058,-1.0058,-0.5000,1.0115
16,-0.08,78,0.00,0.0000,1.0049,-1.0049,-0.5000,1.0099
16,-0.08,79,0.00,0.0000,1.0037,-1.0037,-0.5000,1.0074
16,-0.08,80,0.00,0.0000,1.0022,-1.0022,-0.5000,1.0045
16,-0.08,81,0.00,0.0000,1.0007,-1.0007,-0.5000,1.0014
16,-0.08,82,0.00,0.0000,0.9993,-0.9993,-0.5000,0.9985
16,-0.08,83,0.00,0.0000,0.9980,-0.9980,-0.5000,0.9961
16,-0.08,84,0.00,0.0000,0.9971,-0.9971,-0.5000,0.9942
16,-0.09,85,0.00,0.0000,0.9966,-0.9966,-0.5000,0.9931
16,-0.09,86,0.00,0.0000,0.9964,-0.9964,-0.5000,0.9928
16,-0.09,87,0.00,0.0000,0.9966,-0.9966,-0.5000,0.9932
16,-0.09,88,0.00,0.0000,0.9971,-0.9971,-0.5000,0.9942
16,-0.09,89,0.00,0.0000,0.9979,-0.9979,-0.5000,0.9957
16,-0.09,90,0.00,0.0000,0.9987,-0.9987,-0.5000,0.9975
16,-0.09,91,0.00,0.0000,0.9996,-0.9996,-0.5000,0.9993
16,-0.09,92,0.00,0.0000,1.0005,-1.0005,-0.5000,1.0010
16,-0.09,93,0.00,0.0000,1.0012,-1.0012,-0.5000,1.0024
16,-0.09,94,0.00,0.0000,1.0017,-1.0017,-0.5000,1.0035
16,-0.10,95,0.00,0.0000,1.0021,-1.0021,-0.5000,1.0041
16,-0.10,96,0.00,0.0000,1.0021,-1.0021,-0.5000,1.0043
16,-0.10,97,0.00,0.0000,1.0020,-1.0020,-0.5000,1.0040
16,-0.10,98,0.00,0.0000,1.0017,-1.0017,-0.5000,1.0033
16,-0.10,99,0.00,0.0000,1.0012,-1.0012,-0.5000,1.0024
16,-0.10,100,0.00,0.0000,1.9924,-1.9924,48.6714,101.3276
17,-0.00,1,0.00,0.0000,0.9175,-0.9175,-0.4966,0.8418
17,-0.00,2,0.00,0.0000,0.8478,-0.8478,-0.4884,0.7187
17,-0.00,3,0.00,0.0000,0.7992,-0.7992,-0.4798,0.6387
17,-0.00,4,0.00,0.0000,0.7702,-0.7702,-0.4736,0.5932
17,-0.01,5,0.00,0.0000,0.7589,-0.7589,-0.4709,0.5759
17,-0.01,6,0.00,0.0000,0.7636,-0.7636,-0.4721,0.5831
17,-0.01,7,0.00,0.0000,0.7831,-0.7831,-0.4765,0.6133
17,-0.01,8,0.00,0.0000,0.8164,-0.8164,-0.4831,0.6665
17,-0.01,9,0.00,0.0000,0.8614,-0.8614,-0.4904,0.7421
17,-0.01,10,0.00,0.0000,0.9160,-0.9160,-0.4965,0.8390
17,-0.01,11,0.00,0.0000,0.9764,-0.9764,-0.4997,0.9534
17,-0.01,12,0.00,0.0000,1.0373,-1.0373,-0.4993,1.0760
17,-0.01,13,0.00,0.0000,1.0899,-1.0899,-0.4960,1.1879
17,-0.01,14,0.00,0.0000,1.1248,-1.1248,-0.4922,1.2651
17,-0.02,15,0.00,0.0000,1.1387,-1.1387,-0.4904,1.2967
17,-0.02,16,0.00,0.0000,1.1330,-1.1330,-0.4912,1.2837
17,-0.02,17,0.00,0.0000,1.1115,-1.1115,-0.4938,1.2353
17,-0.02,18,0.00,0.0000,1.0797,-1.0797,-0.4968,1.1657
17,-0.02,19,0.00,0.0000,1.0434,-1.0434,-0.4991,1.0887
17,-0.02,20,0.00,0.0000,1.0077,-1.0077,-0.5000,1.0154
17,-0.02,21,0.00,0.0000,0.9761,-0.9761,-0.4997,0.9528
17,-0.02,22,0.00,0.0000,0.9510,-0.9510,-0.4988,0.9044
17,-0.02,23,0.00,0.0000,0.9334,-0.9334,-0.4978,0.8712
17,-0.02,24,0.00,0.0000,0.9236,-0.9236,-0.4971,0.8530
17,-0.03,25,0.00,0.0000,0.9213,-0.9213,-0.4969,0.8489
17,-0.03,26,0.00,0.0000,0.9259,-0.9259,-0.4973,0.8573
17,-0.03,27,0.00,0.0000,0.9364,-0.9364,-0.4980,0.8768
17,-0.03,28,0.00,0.0000,0.9513,-0.9513,-0.4988,0.9050
17,-0.03,29,0.00,0.0000,0.9692,-0.9692,-0.4995,0.9394
17,-0.03,30,0.00,0.0000,0.9884,-0.9884,-0.4999,0.9770
17,-0.03,31,0.00,0.0000,1.0070,-1.0070,-0.5000,1.0141
17,-0.03,32,0.00,0.0000,1.0234,-1.0234,-0.4997,1.0473
17,-0.03,33,0.00,0.0000,1.0360,-1.0360,-0.4994,1.0733
17,-0.03,34,0.00,0.0000,1.0439,-1.0439,-0.4990,1.0896
17,-0.04,35,0.00,0.0000,1.0465,-1.0465,-0.4989,1.0952
17,-0.04,36,0.00,0.0000,1.0443,-1.0443,-0.4990,1.0905
17,-0.04,37,0.00,0.0000,1.0378,-1.0378,-0.4993,1.0770
17,-0.04,38,0.00,0.0000,1.0282,-1.0282,-0.4996,1.0572
17,-0.04,39,0.00,0.0000,1.0169,-1.0169,-0.4999,1.0341
17,-0.04,40,0.00,0.0000,1.0052,-1.0052,-0.5000,1.0104
17,-0.04,41,0.00,0.0000,0.9943,-0.9943,-0.5000,0.9885
17,-0.04,42,0.00,0.0000,0.9850,-0.9850,-0.4999,0.9703
17,-0.04,43,0.00,0.0000,0.9781,-0.9781,-0.4998,0.9567
17,-0.04,44,0.00,0.0000,0.9739,-0.9739,-0.4997,0.9486
17,-0.05,45,0.00,0.0000,0.9725,-0.9725,-0.4996,0.9458
17,-0.05,46,0.00,0.0000,0.9738,-0.9738,-0.4997,0.9482
17,-0.05,47,0.00,0.0000,0.9772,-0.9772,-0.4997,0.9550
17,-0.05,48,0.00,0.0000,0.9825,-0.9825,-0.4998,0.9652
17,-0.05,49,0.00,0.0000,0.9888,-0.9888,-0.4999,0.9777
17,-0.05,50,0.00,0.0000,0.9956,-0.9956,-0.5000,0.9912
17,-0.05,51,0.00,0.0000,1.0021,-1.0021,-0.5000,1.0043
17,-0.05,52,0.00,0.0000,1.0079,-1.0079,-0.5000,1.0158
17,-0.05,53,0.00,0.0000,1.0123,-1.0123,-0.4999,1.0247
17,-0.05,54,0.00,0.0000,1.0151,-1.0151,-0.4999,1.0304
17,-0.06,55,0.00,0.0000,1.0162,-1.0162,-0.4999,1.0326
17,-0.06,56,0.00,0.0000,1.0155,-1.0155,-0.4999,1.0313
17,-0.06,57,0.00,0.0000,1.0135,-1.0135,-0.4999,1.0271
17,-0.06,58,0.00,0.0000,1.0103,-1.0103,-0.4999,1.0207
17,-0.06,59,0.00,0.0000,1.0065,-1.0065,-0.5000,1.0130
17,-0.06,60,0.00,0.0000,1.0024,-1.0024,-0.5000,1.0048
17,-0.06,61,0.00,0.0000,0.9985,-0.9985,-0.5000,0.9970
17,-0.06,62,0.00,0.0000,0.9952,-0.9952,-0.5000,0.9904
17,-0.06,63,0.00,0.0000,0.9926,-0.9926,-0.5000,0.9853
17,-0.06,64,0.00,0.0000,0.9910,-0.9910,-0.5000,0.9821
17,-0.07,65,0.00,0.0000,0.9904,-0.9904,-0.5000,0.9810
17,-0.07,66,0.00,0.0000,0.9908,-0.9908,-0.5000,0.9817
17,-0.07,67,0.00,0.0000,0.9920,-0.9920,-0.5000,0.9841
17,-0.07,68,0.00,0.0000,0.9938,-0.9938,-0.5000,0.9877
17,-0.07,69,0.00,0.0000,0.9961,-0.9961,-0.5000,0.9922
17,-0.07,70,0.00,0.0000,0.9985,-0.9985,-0.5000,0.9970
17,-0.07,71,0.00,0.0000,1.0008,-1.0008,-0.5000,1.0016
17,-0.07,72,0.00,0.0000,1.0028,-1.0028,-0.5000,1.0056
17,-0.07,73,0.00,0.0000,1.0043,-1.0043,-0.5000,1.0087
17,-0.07,74,0.00,0.0000,1.0053,-1.0053,-0.5000,1.0106
17,-0.08,75,0.00,0.0000,1.0057,-1.0057,-0.5000,1.0114
17,-0.08,76,0.00,0.0000,1.0054,-1.0054,-0.5000,1.0109
17,-0.08,77,0.00,0.0000,1.0047,-1.0047,-0.5000,1.0094
17,-0.08,78,0.00,0.0000,1.0036,-1.0036,-0.5000,1.0072
17,-0.08,79,0.00,0.0000,1.0023,-1.0023,-0.5000,1.0045
17,-0.08,80,0.00,0.0000,1.0008,-1.0008,-0.5000,1.0016
17,-0.08,81,0.00,0.0000,0.9995,-0.9995,-0.5000,0.9989
17,-0.08,82,0.00,0.0000,0.9983,-0.9983,-0.5000,0.9966
17,-0.08,83,0.00,0.0000,0.9974,-0.9974,-0.5000,0.9948
17,-0.08,84,0.00,0.0000,0.9968,-0.9968,-0.5000,0.9937
17,-0.09,85,0.00,0.0000,0.9966,-0.9966,-0.5000,0.9933
17,-0.09,86,0.00,0.0000,0.9968,-0.9968,-0.5000,0.9936
17,-0.09,87,0.00,0.0000,0.9972,-0.9972,-0.5000,0.9945
17,-0.09,88,0.00,0.0000,0.9979,-0.9979,-0.5000,0.9958
17,-0.09,89,0.00,0.0000,0.9987,-0.9987,-0.5000,0.9974
17,-0.09,90,0.00,0.0000,0.9996,-0.9996,-0.5000,0.9991
17,-0.09,91,0.00,0.0000,1.0004,-1.0004,-0.5000,1.0007
17,-0.09,92,0.00,0.0000,1.0011,-1.0011,-0.5000,1.0021
17,-0.09,93,0.00,0.0000,1.0016,-1.0016,-0.5000,1.0032
17,-0.09,94,0.00,0.0000,1.0019,-1.0019,-0.5000,1.0038
17,-0.10,95,0.00,0.0000,1.0020,-1.0020,-0.5000,1.0040
17,-0.10,96,0.00,0.0000,1.0019,-1.0019,-0.5000,1.0038
17,-0.10,97,0.00,0.0000,1.0016,-1.0016,-0.5000,1.0032
17,-0.10,98,0.00,0.0000,1.0012,-1.0012,-0.5000,1.0024
17,-0.10,99,0.00,0.0000,1.0007,-1.0007,-0.5000,1.0014
17,-0.10,100,0.00,0.0000,1.9914,-1.9914,48.6240,101.2308
18,-0.00,1,0.00,0.0000,0.9252,-0.9252,-0.4972,0.8560
18,-0.00,2,0.00,0.0000,0.8545,-0.8545,-0.4894,0.7302
18,-0.00,3,0.00,0.0000,0.8048,-0.8048,-0.4809,0.6477
18,-0.00,4,0.00,0.0000,0.7747,-0.7747,-0.4746,0.6001
18,-0.01,5,0.00,0.0000,0.7622,-0.7622,-0.4717,0.5809
18,-0.01,6,0.00,0.0000,0.7655,-0.7655,-0.4725,0.5860
18,-0.01,7,0.00,0.0000,0.7830,-0.7830,-0.4765,0.6131
18,-0.01,8,0.00,0.0000,0.8131,-0.8131,-0.4825,0.6612
18,-0.01,9,0.00,0.0000,0.8540,-0.8540,-0.4893,0.7294
18,-0.01,10,0.00,0.0000,0.9033,-0.9033,-0.4953,0.8159
18,-0.01,11,0.00,0.0000,0.9576,-0.9576,-0.4991,0.9171
18,-0.01,12,0.00,0.0000,1.0127,-1.0127,-0.4999,1.0255
18,-0.01,13,0.00,0.0000,1.0631,-1.0631,-0.4980,1.1303
18,-0.01,14,0.00,0.0000,1.1035,-1.1035,-0.4946,1.2177
18,-0.02,15,0.00,0.0000,1.1291,-1.1291,-0.4917,1.2750
18,-0.02,16,0.00,0.0000,1.1377,-1.1377,-0.4905,1.2943
18,-0.02,17,0.00,0.0000,1.1294,-1.1294,-0.4916,1.2756
18,-0.02,18,0.00,0.0000,1.1074,-1.1074,-0.4942,1.2263
18,-0.02,19,0.00,0.0000,1.0762,-1.0762,-0.4971,1.1582
18,-0.02,20,0.00,0.0000,1.0409,-1.0409,-0.4992,1.0834
18,-0.02,21,0.00,0.0000,1.0059,-1.0059,-0.5000,1.0118
18,-0.02,22,0.00,0.0000,0.9747,-0.9747,-0.4997,0.9500
18,-0.02,23,0.00,0.0000,0.9495,-0.9495,-0.4987,0.9015
18,-0.02,24,0.00,0.0000,0.9315,-0.9315,-0.4977,0.8677
18,-0.03,25,0.00,0.0000,0.9213,-0.9213,-0.4969,0.8488
18,-0.03,26,0.00,0.0000,0.9186,-0.9186,-0.4967,0.8438
18,-0.03,27,0.00,0.0000,0.9229,-0.9229,-0.4970,0.8517
18,-0.03,28,0.00,0.0000,0.9331,-0.9331,-0.4978,0.8707
18,-0.03,29,0.00,0.0000,0.9481,-0.9481,-0.4987,0.8989
18,-0.03,30,0.00,0.0000,0.9663,-0.9663,-0.4994,0.9338
18,-0.03,31,0.00,0.0000,0.9860,-0.9860,-0.4999,0.9722
18,-0.03,32,0.00,0.0000,1.0053,-1.0053,-0.5000,1.0107
18,-0.03,33,0.00,0.0000,1.0224,-1.0224,-0.4997,1.0454
18,-0.03,34,0.00,0.0000,1.0359,-1.0359,-0.4994,1.0730
18,-0.04,35,0.00,0.0000,1.0444,-1.0444,-0.4990,1.0909
18,-0.04,36,0.00,0.0000,1.0477,-1.0477,-0.4989,1.0977
18,-0.04,37,0.00,0.0000,1.0458,-1.0458,-0.4990,1.0937
18,-0.04,38,0.00,0.0000,1.0394,-1.0394,-0.4992,1.0804
18,-0.04,39,0.00,0.0000,1.0298,-1.0298,-0.4996,1.0605
18,-0.04,40,0.00,0.0000,1.0182,-1.0182,-0.4998,1.0368
18,-0.04,41,0.00,0.0000,1.0062,-1.0062,-0.5000,1.0124
18,-0.04,42,0.00,0.0000,0.9948,-0.9948,-0.5000,0.9897
18,-0.04,43,0.00,0.0000,0.9852,-0.9852,-0.4999,0.9706
18,-0.04,44,0.00,0.0000,0.9779,-0.9779,-0.4998,0.9563
18,-0.05,45,0.00,0.0000,0.9734,-0.9734,-0.4996,0.9475
18,-0.05,46,0.00,0.0000,0.9718,-0.9718,-0.4996,0.9444
18,-0.05,47,0.00,0.0000,0.9729,-0.9729,-0.4996,0.9465
18,-0.05,48,0.00,0.0000,0.9763,-0.9763,-0.4997,0.9532
18,-0.05,49,0.00,0.0000,0.9816,-0.9816,-0.4998,0.9636
18,-0.05,50,0.00,0.0000,0.9881,-0.9881,-0.4999,0.9764
18,-0.05,51,0.00,0.0000,0.9951,-0.9951,-0.5000,0.9902
18,-0.05,52,0.00,0.0000,1.0019,-1.0019,-0.5000,1.0037
18,-0.05,53,0.00,0.0000,1.0078,-1.0078,-0.5000,1.0157
18,-0.05,54,0.00,0.0000,1.0125,-1.0125,-0.4999,1.0251
18,-0.06,55,0.00,0.0000,1.0154,-1.0154,-0.4999,1.0311
18,-0.06,56,0.00,0.0000,1.0166,-1.0166,-0.4999,1.0335
18,-0.06,57,0.00,0.0000,1.0160,-1.0160,-0.4999,1.0323
18,-0.06,58,0.00,0.0000,1.0140,-1.0140,-0.4999,1.0281
18,-0.06,59,0.00,0.0000,1.0107,-1.0107,-0.4999,1.0216
18,-0.06,60,0.00,0.0000,1.0068,-1.0068,-0.5000,1.0136
18,-0.06,61,0.00,0.0000,1.0026,-1.0026,-0.5000,1.0052
18,-0.06,62,0.00,0.0000,0.9986,-0.9986,-0.5000,0.9971
18,-0.06,63,0.00,0.0000,0.9951,-0.9951,-0.5000,0.9902
18,-0.06,64,0.00,0.0000,0.9925,-0.9925,-0.5000,0.9850
18,-0.07,65,0.00,0.0000,0.9908,-0.9908,-0.5000,0.9817
18,-0.07,66,0.00,0.0000,0.9902,-0.9902,-0.5000,0.9804
18,-0.07,67,0.00,0.0000,0.9905,-0.9905,-0.5000,0.9811
18,-0.07,68,0.00,0.0000,0.9917,-0.9917,-0.5000,0.9835
18,-0.07,69,0.00,0.0000,0.9936,-0.9936,-0.5000,0.9873
18,-0.07,70,0.00,0.0000,0.9959,-0.9959,-0.5000,0.9919
18,-0.07,71,0.00,0.0000,0.9984,-0.9984,-0.5000,0.9968
18,-0.07,72,0.00,0.0000,1.0008,-1.0008,-0.5000,1.0016
18,-0.07,73,0.00,0.0000,1.0029,-1.0029,-0.5000,1.0057
18,-0.07,74,0.00,0.0000,1.0045,-1.0045,-0.5000,1.0089
18,-0.08,75,0.00,0.0000,1.0055,-1.0055,-0.5000,1.0110
18,-0.08,76,0.00,0.0000,1.0058,-1.0058,-0.5000,1.0117
18,-0.08,77,0.00,0.0000,1.0056,-1.0056,-0.5000,1.0112
18,-0.08,78,0.00,0.0000,1.0049,-1.0049,-0.5000,1.0097
18,-0.08,79,0.00,0.0000,1.0037,-1.0037,-0.5000,1.0074
18,-0.08,80,0.00,0.0000,1.0023,-1.0023,-0.5000,1.0046
18,-0.08,81,0.00,0.0000,1.0008,-1.0008,-0.5000,1.0016
18,-0.08,82,0.00,0.0000,0.9994,-0.9994,-0.5000,0.9988
18,-0.08,83,0.00,0.0000,0.9982,-0.9982,-0.5000,0.9964
18,-0.08,84,0.00,0.0000,0.9973,-0.9973,-0.5000,0.9946
18,-0.09,85,0.00,0.0000,0.9967,-0.9967,-0.5000,0.9934
18,-0.09,86,0.00,0.0000,0.9965,-0.9965,-0.5000,0.9931
18,-0.09,87,0.00,0.0000,0.9967,-0.9967,-0.5000,0.9934
18,-0.09,88,0.00,0.0000,0.9972,-0.9972,-0.5000,0.9943
18,-0.09,89,0.00,0.0000,0.9979,-0.9979,-0.5000,0.9957
18,-0.09,90,0.00,0.0000,0.9987,-0.9987,-0.5000,0.9974
18,-0.09,91,0.00,0.0000,0.9996,-0.9996,-0.5000,0.9991
18,-0.09,92,0.00,0.0000,1.0004,-1.0004,-0.5000,1.0008
18,-0.09,93,0.00,0.0000,1.0011,-1.0011,-0.5000,1.0022
18,-0.09,94,0.00,0.0000,1.0016,-1.0016,-0.5000,1.0033
18,-0.10,95,0.00,0.0000,1.0020,-1.0020,-0.5000,1.0039
18,-0.10,96,0.00,0.0000,1.0021,-1.0021,-0.5000,1.0041
18,-0.10,97,0.00,0.0000,1.0019,-1.0019,-0.5000,1.0039
18,-0.10,98,0.00,0.0000,1.0016,-1.0016,-0.5000,1.0033
18,-0.10,99,0.00,0.0000,1.0012,-1.0012,-0.5000,1.0024
18,-0.10,100,0.00,0.0000,1.9924,-1.9924,48.6736,101.3321
19,-0.00,1,0.00,0.0000,0.8949,-0.8949,-0.4945,0.8008
19,-0.00,2,0.00,0.0000,0.8285,-0.8285,-0.4853,0.6864
19,-0.00,3,0.00,0.0000,0.7835,-0.7835,-0.4766,0.6138
19,-0.00,4,0.00,0.0000,0.7577,-0.7577,-0.4707,0.5742
19,-0.01,5,0.00,0.0000,0.7493,-0.7493,-0.4686,0.5614
19,-0.01,6,0.00,0.0000,0.7563,-0.7563,-0.4703,0.5719
19,-0.01,7,0.00,0.0000,0.7771,-0.7771,-0.4752,0.6039
19,-0.01,8,0.00,0.0000,0.8103,-0.8103,-0.4820,0.6565
19,-0.01,9,0.00,0.0000,0.8539,-0.8539,-0.4893,0.7292
19,-0.01,10,0.00,0.0000,0.9057,-0.9057,-0.4956,0.8203
19,-0.01,11,0.00,0.0000,0.9622,-0.9622,-0.4993,0.9258
19,-0.01,12,0.00,0.0000,1.0188,-1.0188,-0.4998,1.0380
19,-0.01,13,0.00,0.0000,1.0703,-1.0703,-0.4975,1.1455
19,-0.01,14,0.00,0.0000,1.1109,-1.1109,-0.4939,1.2340
19,-0.02,15,0.00,0.0000,1.1361,-1.1361,-0.4907,1.2907
19,-0.02,16,0.00,0.0000,1.1436,-1.1436,-0.4897,1.3077
19,-0.02,17,0.00,0.0000,1.1339,-1.1339,-0.4910,1.2858
19,-0.02,18,0.00,0.0000,1.1104,-1.1104,-0.4939,1.2330
19,-0.02,19,0.00,0.0000,1.0778,-1.0778,-0.4970,1.1616
19,-0.02,20,0.00,0.0000,1.0413,-1.0413,-0.4991,1.0842
19,-0.02,21,0.00,0.0000,1.0053,-1.0053,-0.5000,1.0106
19,-0.02,22,0.00,0.0000,0.9733,-0.9733,-0.4996,0.9473
19,-0.02,23,0.00,0.0000,0.9475,-0.9475,-0.4986,0.8978
19,-0.02,24,0.00,0.0000,0.9291,-0.9291,-0.4975,0.8633
19,-0.03,25,0.00,0.0000,0.9185,-0.9185,-0.4967,0.8437
19,-0.03,26,0.00,0.0000,0.9156,-0.9156,-0.4964,0.8382
19,-0.03,27,0.00,0.0000,0.9196,-0.9196,-0.4968,0.8457
19,-0.03,28,0.00,0.0000,0.9298,-0.9298,-0.4975,0.8645
19,-0.03,29,0.00,0.0000,0.9448,-0.9448,-0.4985,0.8927
19,-0.03,30,0.00,0.0000,0.9632,-0.9632,-0.4993,0.9278
19,-0.03,31,0.00,0.0000,0.9832,-0.9832,-0.4999,0.9668
19,-0.03,32,0.00,0.0000,1.0031,-1.0031,-0.5000,1.0062
19,-0.03,33,0.00,0.0000,1.0210,-1.0210,-0.4998,1.0424
19,-0.03,34,0.00,0.0000,1.0352,-1.0352,-0.4994,1.0717
19,-0.04,35,0.00,0.0000,1.0448,-1.0448,-0.4990,1.0915
19,-0.04,36,0.00,0.0000,1.0490,-1.0490,-0.4988,1.1003
19,-0.04,37,0.00,0.0000,1.0479,-1.0479,-0.4989,1.0980
19,-0.04,38,0.00,0.0000,1.0421,-1.0421,-0.4991,1.0860
19,-0.04,39,0.00,0.0000,1.0328,-1.0328,-0.4995,1.0667
19,-0.04,40,0.00,0.0000,1.0214,-1.0214,-0.4998,1.0432
19,-0.04,41,0.00,0.0000,1.0091,-1.0091,-0.5000,1.0183
19,-0.04,42,0.00,0.0000,0.9973,-0.9973,-0.5000,0.9946
19,-0.04,43,0.00,0.0000,0.9870,-0.9870,-0.4999,0.9742
19,-0.04,44,0.00,0.0000,0.9790,-0.9790,-0.4998,0.9585
19,-0.05,45,0.00,0.0000,0.9737,-0.9737,-0.4997,0.9481
19,-0.05,46,0.00,0.0000,0.9713,-0.9713,-0.4996,0.9434
19,-0.05,47,0.00,0.0000,0.9716,-0.9716,-0.4996,0.9441
19,-0.05,48,0.00,0.0000,0.9745,-0.9745,-0.4997,0.9496
19,-0.05,49,0.00,0.0000,0.9793,-0.9793,-0.4998,0.9590
19,-0.05,50,0.00,0.0000,0.9855,-0.9855,-0.4999,0.9713
19,-0.05,51,0.00,0.0000,0.9925,-0.9925,-0.5000,0.9851
19,-0.05,52,0.00,0.0000,0.9995,-0.9995,-0.5000,0.9990
19,-0.05,53,0.00,0.0000,1.0059,-1.0059,-0.5000,1.0118
19,-0.05,54,0.00,0.0000,1.0111,-1.0111,-0.4999,1.0223
19,-0.06,55,0.00,0.0000,1.0148,-1.0148,-0.4999,1.0297
19,-0.06,56,0.00,0.0000,1.0166,-1.0166,-0.4999,1.0336
19,-0.06,57,0.00,0.0000,1.0168,-1.0168,-0.4999,1.0338
19,-0.06,58,0.00,0.0000,1.0153,-1.0153,-0.4999,1.0308
19,-0.06,59,0.00,0.0000,1.0125,-1.0125,-0.4999,1.0251
19,-0.06,60,0.00,0.0000,1.0088,-1.0088,-0.5000,1.0176
19,-0.06,61,0.00,0.0000,1.0046,-1.0046,-0.5000,1.0092
19,-0.06,62,0.00,0.0000,1.0004,-1.0004,-0.5000,1.0009
19,-0.06,63,0.00,0.0000,0.9967,-0.9967,-0.5000,0.9933
19,-0.06,64,0.00,0.0000,0.9936,-0.9936,-0.5000,0.9872
19,-0.07,65,0.00,0.0000,0.9914,-0.9914,-0.5000,0.9829
19,-0.07,66,0.00,0.0000,0.9902,-0.9902,-0.5000,0.9806
19,-0.07,67,0.00,0.0000,0.9901,-0.9901,-0.5000,0.9803
19,-0.07,68,0.00,0.0000,0.9909,-0.9909,-0.5000,0.9818
19,-0.07,69,0.00,0.0000,0.9924,-0.9924,-0.5000,0.9849
19,-0.07,70,0.00,0.0000,0.9945,-0.9945,-0.5000,0.9891
19,-0.07,71,0.00,0.0000,0.9969,-0.9969,-0.5000,0.9939
19,-0.07,72,0.00,0.0000,0.9994,-0.9994,-0.5000,0.9988
19,-0.07,73,0.00,0.0000,1.0017,-1.0017,-0.5000,1.0033
19,-0.07,74,0.00,0.0000,1.0036,-1.0036,-0.5000,1.0071
19,-0.08,75,0.00,0.0000,1.0049,-1.0049,-0.5000,1.0099
19,-0.08,76,0.00,0.0000,1.0057,-1.0057,-0.5000,1.0114
19,-0.08,77,0.00,0.0000,1.0058,-1.0058,-0.5000,1.0117
19,-0.08,78,0.00,0.0000,1.0054,-1.0054,-0.5000,1.0109
19,-0.08,79,0.00,0.0000,1.0045,-1.0045,-0.5000,1.0091
19,-0.08,80,0.00,0.0000,1.0033,-1.0033,-0.5000,1.0066
19,-0.08,81,0.00,0.0000,1.0019,-1.0019,-0.5000,1.0037
19,-0.08,82,0.00,0.0000,1.0004,-1.0004,-0.5000,1.0008
19,-0.08,83,0.00,0.0000,0.9991,-0.9991,-0.5000,0.9981
19,-0.08,84,0.00,0.0000,0.9979,-0.9979,-0.5000,0.9959
19,-0.09,85,0.00,0.0000,0.9971,-0.9971,-0.5000,0.9942
19,-0.09,86,0.00,0.0000,0.9967,-0.9967,-0.5000,0.9933
19,-0.09,87,0.00,0.0000,0.9966,-0.9966,-0.5000,0.9931
19,-0.09,88,0.00,0.0000,0.9968,-0.9968,-0.5000,0.9936
19,-0.09,89,0.00,0.0000,0.9973,-0.9973,-0.5000,0.9946
19,-0.09,90,0.00,0.0000,0.9980,-0.9980,-0.5000,0.9960
19,-0.09,91,0.00,0.0000,0.9989,-0.9989,-0.5000,0.9977
19,-0.09,92,0.00,0.0000,0.9997,-0.9997,-0.5000,0.9994
19,-0.09,93,0.00,0.0000,1.0005,-1.0005,-0.5000,1.0010
19,-0.09,94,0.00,0.0000,1.0012,-1.0012,-0.5000,1.0024
19,-0.10,95,0.00,0.0000,1.0017,-1.0017,-0.5000,1.0034
19,-0.10,96,0.00,0.0000,1.0020,-1.0020,-0.5000,1.0040
19,-0.10,97,0.00,0.0000,1.0020,-1.0020,-0.5000,1.0041
19,-0.10,98,0.00,0.0000,1.0019,-1.0019,-0.5000,1.0038
19,-0.10,99,0.00,0.0000,1.0016,-1.0016,-0.5000,1.0032
19,-0.10,100,0.00,0.0000,1.9933,-1.9933,48.7193,101.4252
20,-0.00,1,0.00,0.0000,0.9198,-0.9198,-0.4968,0.8460
20,-0.00,2,0.00,0.0000,0.8511,-0.8511,-0.4889,0.7244
20,-0.00,3,0.00,0.0000,0.8030,-0.8030,-0.4806,0.6448
20,-0.00,4,0.00,0.0000,0.7740,-0.7740,-0.4745,0.5990
20,-0.01,5,0.00,0.0000,0.7621,-0.7621,-0.4717,0.5808
20,-0.01,6,0.00,0.0000,0.7656,-0.7656,-0.4725,0.5861
20,-0.01,7,0.00,0.0000,0.7829,-0.7829,-0.4764,0.6129
20,-0.01,8,0.00,0.0000,0.8125,-0.8125,-0.4824,0.6601
20,-0.01,9,0.00,0.0000,0.8526,-0.8526,-0.4891,0.7269
20,-0.01,10,0.00,0.0000,0.9009,-0.9009,-0.4951,0.8116
20,-0.01,11,0.00,0.0000,0.9543,-0.9543,-0.4990,0.9106
20,-0.01,12,0.00,0.0000,1.0086,-1.0086,-0.5000,1.0172
20,-0.01,13,0.00,0.0000,1.0587,-1.0587,-0.4983,1.1209
20,-0.01,14,0.00,0.0000,1.0995,-1.0995,-0.4951,1.2089
20,-0.02,15,0.00,0.0000,1.1263,-1.1263,-0.4920,1.2685
20,-0.02,16,0.00,0.0000,1.1366,-1.1366,-0.4907,1.2919
20,-0.02,17,0.00,0.0000,1.1305,-1.1305,-0.4915,1.2780
20,-0.02,18,0.00,0.0000,1.1105,-1.1105,-0.4939,1.2332
20,-0.02,19,0.00,0.0000,1.0809,-1.0809,-0.4967,1.1684
20,-0.02,20,0.00,0.0000,1.0467,-1.0467,-0.4989,1.0955
20,-0.02,21,0.00,0.0000,1.0121,-1.0121,-0.4999,1.0243
20,-0.02,22,0.00,0.0000,0.9806,-0.9806,-0.4998,0.9616
20,-0.02,23,0.00,0.0000,0.9547,-0.9547,-0.4990,0.9114
20,-0.02,24,0.00,0.0000,0.9356,-0.9356,-0.4979,0.8754
20,-0.03,25,0.00,0.0000,0.9239,-0.9239,-0.4971,0.8537
20,-0.03,26,0.00,0.0000,0.9196,-0.9196,-0.4968,0.8458
20,-0.03,27,0.00,0.0000,0.9222,-0.9222,-0.4970,0.8505
20,-0.03,28,0.00,0.0000,0.9309,-0.9309,-0.4976,0.8665
20,-0.03,29,0.00,0.0000,0.9444,-0.9444,-0.4985,0.8919
20,-0.03,30,0.00,0.0000,0.9614,-0.9614,-0.4993,0.9244
20,-0.03,31,0.00,0.0000,0.9804,-0.9804,-0.4998,0.9611
20,-0.03,32,0.00,0.0000,0.9994,-0.9994,-0.5000,0.9989
20,-0.03,33,0.00,0.0000,1.0169,-1.0169,-0.4999,1.0341
20,-0.03,34,0.00,0.0000,1.0313,-1.0313,-0.4995,1.0635
20,-0.04,35,0.00,0.0000,1.0413,-1.0413,-0.4991,1.0842
20,-0.04,36,0.00,0.0000,1.0462,-1.0462,-0.4989,1.0946
20,-0.04,37,0.00,0.0000,1.0461,-1.0461,-0.4989,1.0944
20,-0.04,38,0.00,0.0000,1.0415,-1.0415,-0.4991,1.0847
20,-0.04,39,0.00,0.0000,1.0332,-1.0332,-0.4994,1.0676
20,-0.04,40,0.00,0.0000,1.0226,-1.0226,-0.4997,1.0458
20,-0.04,41,0.00,0.0000,1.0110,-1.0110,-0.4999,1.0221
20,-0.04,42,0.00,0.0000,0.9996,-0.9996,-0.5000,0.9992
20,-0.04,43,0.00,0.0000,0.9895,-0.9895,-0.4999,0.9791
20,-0.04,44,0.00,0.0000,0.9814,-0.9814,-0.4998,0.9631
20,-0.05,45,0.00,0.0000,0.9758,-0.9758,-0.4997,0.9522
20,-0.05,46,0.00,0.0000,0.9729,-0.9729,-0.4996,0.9466
20,-0.05,47,0.00,0.0000,0.9727,-0.9727,-0.4996,0.9462
20,-0.05,48,0.00,0.0000,0.9750,-0.9750,-0.4997,0.9507
20,-0.05,49,0.00,0.0000,0.9793,-0.9793,-0.4998,0.9590
20,-0.05,50,0.00,0.0000,0.9850,-0.9850,-0.4999,0.9702
20,-0.05,51,0.00,0.0000,0.9915,-0.9915,-0.5000,0.9832
20,-0.05,52,0.00,0.0000,0.9982,-0.9982,-0.5000,0.9965
20,-0.05,53,0.00,0.0000,1.0045,-1.0045,-0.5000,1.0090
20,-0.05,54,0.00,0.0000,1.0097,-1.0097,-0.5000,1.0195
20,-0.06,55,0.00,0.0000,1.0135,-1.0135,-0.4999,1.0272
20,-0.06,56,0.00,0.0000,1.0156,-1.0156,-0.4999,1.0315
20,-0.06,57,0.00,0.0000,1.0161,-1.0161,-0.4999,1.0324
20,-0.06,58,0.00,0.0000,1.0149,-1.0149,-0.4999,1.0301
20,-0.06,59,0.00,0.0000,1.0125,-1.0125,-0.4999,1.0251
20,-0.06,60,0.00,0.0000,1.0091,-1.0091,-0.5000,1.0182
20,-0.06,61,0.00,0.0000,1.0052,-1.0052,-0.5000,1.0104
20,-0.06,62,0.00,0.0000,1.0012,-1.0012,-0.5000,1.0024
20,-0.06,63,0.00,0.0000,0.9975,-0.9975,-0.5000,0.9950
20,-0.06,64,0.00,0.0000,0.9944,-0.9944,-0.5000,0.9889
20,-0.07,65,0.00,0.0000,0.9922,-0.9922,-0.5000,0.9844
20,-0.07,66,0.00,0.0000,0.9909,-0.9909,-0.5000,0.9818
20,-0.07,67,0.00,0.0000,0.9905,-0.9905,-0.5000,0.9812
20,-0.07,68,0.00,0.0000,0.9911,-0.9911,-0.5000,0.9823
20,-0.07,69,0.00,0.0000,0.9925,-0.9925,-0.5000,0.9850
20,-0.07,70,0.00,0.0000,0.9944,-0.9944,-0.5000,0.9888
20,-0.07,71,0.00,0.0000,0.9966,-0.9966,-0.5000,0.9933
20,-0.07,72,0.00,0.0000,0.9990,-0.9990,-0.5000,0.9979
20,-0.07,73,0.00,0.0000,1.0012,-1.0012,-0.5000,1.0024
20,-0.07,74,0.00,0.0000,1.0031,-1.0031,-0.5000,1.0061
20,-0.08,75,0.00,0.0000,1.0045,-1.0045,-0.5000,1.0090
20,-0.08,76,0.00,0.0000,1.0053,-1.0053,-0.5000,1.0107
20,-0.08,77,0.00,0.0000,1.0056,-1.0056,-0.5000,1.0112
20,-0.08,78,0.00,0.0000,1.0053,-1.0053,-0.5000,1.0106
20,-0.08,79,0.00,0.0000,1.0045,-1.0045,-0.5000,1.0090
20,-0.08,80,0.00,0.0000,1.0034,-1.0034,-0.5000,1.0068
20,-0.08,81,0.00,0.0000,1.0021,-1.0021,-0.5000,1.0041
20,-0.08,82,0.00,0.0000,1.0007,-1.0007,-0.5000,1.0013
20,-0.08,83,0.00,0.0000,0.9994,-0.9994,-0.5000,0.9987
20,-0.08,84,0.00,0.0000,0.9982,-0.9982,-0.5000,0.9965
20,-0.09,85,0.00,0.0000,0.9974,-0.9974,-0.5000,0.9948
20,-0.09,86,0.00,0.0000,0.9969,-0.9969,-0.5000,0.9938
20,-0.09,87,0.00,0.0000,0.9967,-0.9967,-0.5000,0.9934
20,-0.09,88,0.00,0.0000,0.9969,-0.9969,-0.5000,0.9938
20,-0.09,89,0.00,0.0000,0.9973,-0.9973,-0.5000,0.9946
20,-0.09,90,0.00,0.0000,0.9980,-0.9980,-0.5000,0.9959
20,-0.09,91,0.00,0.0000,0.9987,-0.9987,-0.5000,0.9975
20,-0.09,92,0.00,0.0000,0.9996,-0.9996,-0.5000,0.9991
20,-0.09,93,0.00,0.0000,1.0003,-1.0003,-0.5000,1.0007
20,-0.09,94,0.00,0.0000,1.0010,-1.0010,-0.5000,1.0020
20,-0.10,95,0.00,0.0000,1.0015,-1.0015,-0.5000,1.0031
20,-0.10,96,0.00,0.0000,1.0018,-1.0018,-0.5000,1.0037
20,-0.10,97,0.00,0.0000,1.0019,-1.0019,-0.5000,1.0039
20,-0.10,98,0.00,0.0000,1.0019,-1.0019,-0.5000,1.0037
20,-0.10,99,0.00,0.0000,1.0016,-1.0016,-0.5000,1.0032
20,-0.10,100,0.00,0.0000,1.9934,-1.9934,48.7229,101.4325
21,-0.00,1,0.00,0.0000,0.9077,-0.9077,-0.4957,0.8240
21,-0.00,2,0.00,0.0000,0.8410,-0.8410,-0.4874,0.7074
21,-0.00,3,0.00,0.0000,0.7949,-0.7949,-0.4790,0.6319
21,-0.00,4,0.00,0.0000,0.7677,-0.7677,-0.4730,0.5894
21,-0.01,5,0.00,0.0000,0.7574,-0.7574,-0.4706,0.5736
21,-0.01,6,0.00,0.0000,0.7623,-0.7623,-0.4717,0.5811
21,-0.01,7,0.00,0.0000,0.7808,-0.7808,-0.4760,0.6096
21,-0.01,8,0.00,0.0000,0.8114,-0.8114,-0.4822,0.6583
21,-0.01,9,0.00,0.0000,0.8523,-0.8523,-0.4891,0.7265
21,-0.01,10,0.00,0.0000,0.9013,-0.9013,-0.4951,0.8124
21,-0.01,11,0.00,0.0000,0.9553,-0.9553,-0.4990,0.9126
21,-0.01,12,0.00,0.0000,1.0100,-1.0100,-0.4999,1.0202
21,-0.01,13,0.00,0.0000,1.0605,-1.0605,-0.4982,1.1247
21,-0.01,14,0.00,0.0000,1.1014,-1.1014,-0.4949,1.2131
21,-0.02,15,0.00,0.0000,1.1283,-1.1283,-0.4918,1.2730
21,-0.02,16,0.00,0.0000,1.1385,-1.1385,-0.4904,1.2962
21,-0.02,17,0.00,0.0000,1.1323,-1.1323,-0.4913,1.2820
21,-0.02,18,0.00,0.0000,1.1121,-1.1121,-0.4937,1.2368
21,-0.02,19,0.00,0.0000,1.0824,-1.0824,-0.4966,1.1715
21,-0.02,20,0.00,0.0000,1.0479,-1.0479,-0.4989,1.0980
21,-0.02,21,0.00,0.0000,1.0130,-1.0130,-0.4999,1.0262
21,-0.02,22,0.00,0.0000,0.9813,-0.9813,-0.4998,0.9629
21,-0.02,23,0.00,0.0000,0.9550,-0.9550,-0.4990,0.9121
21,-0.02,24,0.00,0.0000,0.9356,-0.9356,-0.4979,0.8753
21,-0.03,25,0.00,0.0000,0.9236,-0.9236,-0.4971,0.8530
21,-0.03,26,0.00,0.0000,0.9189,-0.9189,-0.4967,0.8443
21,-0.03,27,0.00,0.0000,0.9211,-0.9211,-0.4969,0.8484
21,-0.03,28,0.00,0.0000,0.9294,-0.9294,-0.4975,0.8637
21,-0.03,29,0.00,0.0000,0.9426,-0.9426,-0.4984,0.8885
21,-0.03,30,0.00,0.0000,0.9594,-0.9594,-0.4992,0.9205
21,-0.03,31,0.00,0.0000,0.9783,-0.9783,-0.4998,0.9570
21,-0.03,32,0.00,0.0000,0.9975,-0.9975,-0.5000,0.9949
21,-0.03,33,0.00,0.0000,1.0152,-1.0152,-0.4999,1.0307
21,-0.03,34,0.00,0.0000,1.0300,-1.0300,-0.4996,1.0609
21,-0.04,35,0.00,0.0000,1.0405,-1.0405,-0.4992,1.0827
21,-0.04,36,0.00,0.0000,1.0462,-1.0462,-0.4989,1.0945
21,-0.04,37,0.00,0.0000,1.0467,-1.0467,-0.4989,1.0956
21,-0.04,38,0.00,0.0000,1.0426,-1.0426,-0.4991,1.0871
21,-0.04,39,0.00,0.0000,1.0348,-1.0348,-0.4994,1.0709
21,-0.04,40,0.00,0.0000,1.0245,-1.0245,-0.4997,1.0496
21,-0.04,41,0.00,0.0000,1.0130,-1.0130,-0.4999,1.0261
21,-0.04,42,0.00,0.0000,1.0015,-1.0015,-0.5000,1.0030
21,-0.04,43,0.00,0.0000,0.9911,-0.9911,-0.5000,0.9823
21,-0.04,44,0.00,0.0000,0.9826,-0.9826,-0.4998,0.9655
21,-0.05,45,0.00,0.0000,0.9765,-0.9765,-0.4997,0.9536
21,-0.05,46,0.00,0.0000,0.9732,-0.9732,-0.4996,0.9471
21,-0.05,47,0.00,0.0000,0.9725,-0.9725,-0.4996,0.9458
21,-0.05,48,0.00,0.0000,0.9743,-0.9743,-0.4997,0.9493
21,-0.05,49,0.00,0.0000,0.9782,-0.9782,-0.4998,0.9569
21,-0.05,50,0.00,0.0000,0.9836,-0.9836,-0.4999,0.9675
21,-0.05,51,0.00,0.0000,0.9900,-0.9900,-0.5000,0.9802
21,-0.05,52,0.00,0.0000,0.9967,-0.9967,-0.5000,0.9934
21,-0.05,53,0.00,0.0000,1.0031,-1.0031,-0.5000,1.0062
21,-0.05,54,0.00,0.0000,1.0085,-1.0085,-0.5000,1.0171
21,-0.06,55,0.00,0.0000,1.0127,-1.0127,-0.4999,1.0255
21,-0.06,56,0.00,0.0000,1.0152,-1.0152,-0.4999,1.0307
21,-0.06,57,0.00,0.0000,1.0161,-1.0161,-0.4999,1.0325
21,-0.06,58,0.00,0.0000,1.0154,-1.0154,-0.4999,1.0309
21,-0.06,59,0.00,0.0000,1.0132,-1.0132,-0.4999,1.0266
21,-0.06,60,0.00,0.0000,1.0101,-1.0101,-0.4999,1.0203
21,-0.06,61,0.00,0.0000,1.0063,-1.0063,-0.5000,1.0127
21,-0.06,62,0.00,0.0000,1.0024,-1.0024,-0.5000,1.0047
21,-0.06,63,0.00,0.0000,0.9986,-0.9986,-0.5000,0.9971
21,-0.06,64,0.00,0.0000,0.9953,-0.9953,-0.5000,0.9907
21,-0.07,65,0.00,0.0000,0.9928,-0.9928,-0.5000,0.9857
21,-0.07,66,0.00,0.0000,0.9912,-0.9912,-0.5000,0.9825
21,-0.07,67,0.00,0.0000,0.9906,-0.9906,-0.5000,0.9812
21,-0.07,68,0.00,0.0000,0.9909,-0.9909,-0.5000,0.9818
21,-0.07,69,0.00,0.0000,0.9920,-0.9920,-0.5000,0.9840
21,-0.07,70,0.00,0.0000,0.9937,-0.9937,-0.5000,0.9874
21,-0.07,71,0.00,0.0000,0.9958,-0.9958,-0.5000,0.9916
21,-0.07,72,0.00,0.0000,0.9981,-0.9981,-0.5000,0.9962
21,-0.07,73,0.00,0.0000,1.0004,-1.0004,-0.5000,1.0007
21,-0.07,74,0.00,0.0000,1.0024,-1.0024,-0.5000,1.0048
21,-0.08,75,0.00,0.0000,1.0040,-1.0040,-0.5000,1.0079
21,-0.08,76,0.00,0.0000,1.0050,-1.0050,-0.5000,1.0101
21,-0.08,77,0.00,0.0000,1.0055,-1.0055,-0.5000,1.0110
21,-0.08,78,0.00,0.0000,1.0054,-1.0054,-0.5000,1.0109
21,-0.08,79,0.00,0.0000,1.0048,-1.0048,-0.5000,1.0097
21,-0.08,80,0.00,0.0000,1.0039,-1.0039,-0.5000,1.0077
21,-0.08,81,0.00,0.0000,1.0026,-1.0026,-0.5000,1.0052
21,-0.08,82,0.00,0.0000,1.0013,-1.0013,-0.5000,1.0025
21,-0.08,83,0.00,0.0000,0.9999,-0.9999,-0.5000,0.9998
21,-0.08,84,0.00,0.0000,0.9987,-0.9987,-0.5000,0.9974
21,-0.09,85,0.00,0.0000,0.9978,-0.9978,-0.5000,0.9955
21,-0.09,86,0.00,0.0000,0.9971,-0.9971,-0.5000,0.9942
21,-0.09,87,0.00,0.0000,0.9968,-0.9968,-0.5000,0.9936
21,-0.09,88,0.00,0.0000,0.9968,-0.9968,-0.5000,0.9936
21,-0.09,89,0.00,0.0000,0.9971,-0.9971,-0.5000,0.9942
21,-0.09,90,0.00,0.0000,0.9977,-0.9976,-0.5000,0.9953
21,-0.09,91,0.00,0.0000,0.9984,-0.9984,-0.5000,0.9967
21,-0.09,92,0.00,0.0000,0.9992,-0.9992,-0.5000,0.9983
21,-0.09,93,0.00,0.0000,1.0000,-1.0000,-0.5000,0.9999
21,-0.09,94,0.00,0.0000,1.0007,-1.0007,-0.5000,1.0014
21,-0.10,95,0.00,0.0000,1.0013,-1.0013,-0.5000,1.0025
21,-0.10,96,0.00,0.0000,1.0017,-1.0017,-0.5000,1.0033
21,-0.10,97,0.00,0.0000,1.0019,-1.0019,-0.5000,1.0038
21,-0.10,98,0.00,0.0000,1.0019,-1.0019,-0.5000,1.0038
21,-0.10,99,0.00,0.0000,1.0017,-1.0017,-0.5000,1.0035
21,-0.10,100,0.00,0.0000,1.9938,-1.9938,48.7431,101.4739
22,-0.00,1,0.00,0.0000,0.9197,-0.9197,-0.4968,0.8458
22,-0.00,2,0.00,0.0000,0.8521,-0.8521,-0.4891,0.7261
22,-0.00,3,0.00,0.0000,0.8046,-0.8046,-0.4809,0.6474
22,-0.00,4,0.00,0.0000,0.7758,-0.7758,-0.4749,0.6019
22,-0.01,5,0.00,0.0000,0.7638,-0.7638,-0.4721,0.5835
22,-0.01,6,0.00,0.0000,0.7670,-0.7670,-0.4728,0.5882
22,-0.01,7,0.00,0.0000,0.7836,-0.7836,-0.4766,0.6141
22,-0.01,8,0.00,0.0000,0.8123,-0.8123,-0.4824,0.6598
22,-0.01,9,0.00,0.0000,0.8513,-0.8513,-0.4889,0.7247
22,-0.01,10,0.00,0.0000,0.8984,-0.8984,-0.4948,0.8072
22,-0.01,11,0.00,0.0000,0.9507,-0.9507,-0.4988,0.9038
22,-0.01,12,0.00,0.0000,1.0041,-1.0041,-0.5000,1.0082
22,-0.01,13,0.00,0.0000,1.0539,-1.0539,-0.4985,1.1107
22,-0.01,14,0.00,0.0000,1.0949,-1.0949,-0.4955,1.1988
22,-0.02,15,0.00,0.0000,1.1227,-1.1227,-0.4925,1.2604
22,-0.02,16,0.00,0.0000,1.1346,-1.1346,-0.4909,1.2874
22,-0.02,17,0.00,0.0000,1.1305,-1.1305,-0.4915,1.2780
22,-0.02,18,0.00,0.0000,1.1125,-1.1125,-0.4937,1.2376
22,-0.02,19,0.00,0.0000,1.0846,-1.0846,-0.4964,1.1763
22,-0.02,20,0.00,0.0000,1.0515,-1.0515,-0.4987,1.1056
22,-0.02,21,0.00,0.0000,1.0174,-1.0174,-0.4998,1.0352
22,-0.02,22,0.00,0.0000,0.9860,-0.9860,-0.4999,0.9722
22,-0.02,23,0.00,0.0000,0.9596,-0.9596,-0.4992,0.9209
22,-0.02,24,0.00,0.0000,0.9397,-0.9397,-0.4982,0.8830
22,-0.03,25,0.00,0.0000,0.9269,-0.9269,-0.4973,0.8591
22,-0.03,26,0.00,0.0000,0.9213,-0.9213,-0.4969,0.8488
22,-0.03,27,0.00,0.0000,0.9225,-0.9225,-0.4970,0.8510
22,-0.03,28,0.00,0.0000,0.9297,-0.9297,-0.4975,0.8643
22,-0.03,29,0.00,0.0000,0.9419,-0.9419,-0.4983,0.8872
22,-0.03,30,0.00,0.0000,0.9579,-0.9579,-0.4991,0.9175
22,-0.03,31,0.00,0.0000,0.9760,-0.9760,-0.4997,0.9526
22,-0.03,32,0.00,0.0000,0.9947,-0.9947,-0.5000,0.9894
22,-0.03,33,0.00,0.0000,1.0122,-1.0122,-0.4999,1.0246
22,-0.03,34,0.00,0.0000,1.0271,-1.0271,-0.4996,1.0549
22,-0.04,35,0.00,0.0000,1.0381,-1.0381,-0.4993,1.0776
22,-0.04,36,0.00,0.0000,1.0443,-1.0443,-0.4990,1.0906
22,-0.04,37,0.00,0.0000,1.0457,-1.0457,-0.4990,1.0934
22,-0.04,38,0.00,0.0000,1.0424,-1.0424,-0.4991,1.0866
22,-0.04,39,0.00,0.0000,1.0354,-1.0354,-0.4994,1.0721
22,-0.04,40,0.00,0.0000,1.0257,-1.0257,-0.4997,1.0522
22,-0.04,41,0.00,0.0000,1.0147,-1.0147,-0.4999,1.0296
22,-0.04,42,0.00,0.0000,1.0035,-1.0035,-0.5000,1.0070
22,-0.04,43,0.00,0.0000,0.9931,-0.9931,-0.5000,0.9863
22,-0.04,44,0.00,0.0000,0.9845,-0.9845,-0.4999,0.9693
22,-0.05,45,0.00,0.0000,0.9782,-0.9782,-0.4998,0.9569
22,-0.05,46,0.00,0.0000,0.9744,-0.9744,-0.4997,0.9495
22,-0.05,47,0.00,0.0000,0.9732,-0.9732,-0.4996,0.9472
22,-0.05,48,0.00,0.0000,0.9745,-0.9745,-0.4997,0.9497
22,-0.05,49,0.00,0.0000,0.9779,-0.9779,-0.4998,0.9563
22,-0.05,50,0.00,0.0000,0.9829,-0.9829,-0.4999,0.9661
22,-0.05,51,0.00,0.0000,0.9890,-0.9890,-0.4999,0.9780
22,-0.05,52,0.00,0.0000,0.9954,-0.9954,-0.5000,0.9909
22,-0.05,53,0.00,0.0000,1.0017,-1.0017,-0.5000,1.0034
22,-0.05,54,0.00,0.0000,1.0072,-1.0072,-0.5000,1.0145
22,-0.06,55,0.00,0.0000,1.0115,-1.0115,-0.4999,1.0232
22,-0.06,56,0.00,0.0000,1.0144,-1.0144,-0.4999,1.0289
22,-0.06,57,0.00,0.0000,1.0156,-1.0156,-0.4999,1.0314
22,-0.06,58,0.00,0.0000,1.0152,-1.0152,-0.4999,1.0306
22,-0.06,59,0.00,0.0000,1.0134,-1.0134,-0.4999,1.0270
22,-0.06,60,0.00,0.0000,1.0106,-1.0106,-0.4999,1.0213
22,-0.06,61,0.00,0.0000,1.0070,-1.0070,-0.5000,1.0141
22,-0.06,62,0.00,0.0000,1.0032,-1.0032,-0.5000,1.0064
22,-0.06,63,0.00,0.0000,0.9995,-0.9995,-0.5000,0.9990
22,-0.06,64,0.00,0.0000,0.9962,-0.9962,-0.5000,0.9924
22,-0.07,65,0.00,0.0000,0.9936,-0.9936,-0.5000,0.9872
22,-0.07,66,0.00,0.0000,0.9918,-0.9918,-0.5000,0.9837
22,-0.07,67,0.00,0.0000,0.9910,-0.9910,-0.5000,0.9820
22,-0.07,68,0.00,0.0000,0.9910,-0.9910,-0.5000,0.9821
22,-0.07,69,0.00,0.0000,0.9919,-0.9919,-0.5000,0.9838
22,-0.07,70,0.00,0.0000,0.9934,-0.9934,-0.5000,0.9868
22,-0.07,71,0.00,0.0000,0.9954,-0.9954,-0.5000,0.9908
22,-0.07,72,0.00,0.0000,0.9976,-0.9976,-0.5000,0.9952
22,-0.07,73,0.00,0.0000,0.9998,-0.9998,-0.5000,0.9996
22,-0.07,74,0.00,0.0000,1.0018,-1.0018,-0.5000,1.0036
22,-0.08,75,0.00,0.0000,1.0035,-1.0035,-0.5000,1.0069
22,-0.08,76,0.00,0.0000,1.0046,-1.0046,-0.5000,1.0093
22,-0.08,77,0.00,0.0000,1.0052,-1.0052,-0.5000,1.0105
22,-0.08,78,0.00,0.0000,1.0053,-1.0053,-0.5000,1.0106
22,-0.08,79,0.00,0.0000,1.0049,-1.0049,-0.5000,1.0098
22,-0.08,80,0.00,0.0000,1.0040,-1.0040,-0.5000,1.0081
22,-0.08,81,0.00,0.0000,1.0029,-1.0029,-0.5000,1.0058
22,-0.08,82,0.00,0.0000,1.0016,-1.0016,-0.5000,1.0032
22,-0.08,83,0.00,0.0000,1.0003,-1.0003,-0.5000,1.0006
22,-0.08,84,0.00,0.0000,0.9991,-0.9991,-0.5000,0.9982
22,-0.09,85,0.00,0.0000,0.9981,-0.9981,-0.5000,0.9962
22,-0.09,86,0.00,0.0000,0.9974,-0.9974,-0.5000,0.9947
22,-0.09,87,0.00,0.0000,0.9970,-0.9970,-0.5000,0.9939
22,-0.09,88,0.00,0.0000,0.9969,-0.9969,-0.5000,0.9938
22,-0.09,89,0.00,0.0000,0.9971,-0.9971,-0.5000,0.9942
22,-0.09,90,0.00,0.0000,0.9976,-0.9976,-0.5000,0.9951
22,-0.09,91,0.00,0.0000,0.9982,-0.9982,-0.5000,0.9964
22,-0.09,92,0.00,0.0000,0.9989,-0.9989,-0.5000,0.9979
22,-0.09,93,0.00,0.0000,0.9997,-0.9997,-0.5000,0.9994
22,-0.09,94,0.00,0.0000,1.0004,-1.0004,-0.5000,1.0009
22,-0.10,95,0.00,0.0000,1.0011,-1.0011,-0.5000,1.0021
22,-0.10,96,0.00,0.0000,1.0015,-1.0015,-0.5000,1.0030
22,-0.10,97,0.00,0.0000,1.0018,-1.0018,-0.5000,1.0035
22,-0.10,98,0.00,0.0000,1.0018,-1.0018,-0.5000,1.0037
22,-0.10,99,0.00,0.0000,1.0017,-1.0017,-0.5000,1.0035
22,-0.10,100,0.00,0.0000,1.9939,-1.9939,48.7495,101.4868
23,-0.00,1,0.00,0.0000,0.9124,-0.9124,-0.4962,0.8325
23,-0.00,2,0.00,0.0000,0.8462,-0.8462,-0.4882,0.7160
23,-0.00,3,0.00,0.0000,0.8000,-0.8000,-0.4800,0.6400
23,-0.00,4,0.00,0.0000,0.7724,-0.7724,-0.4741,0.5966
23,-0.01,5,0.00,0.0000,0.7614,-0.7614,-0.4715,0.5798
23,-0.01,6,0.00,0.0000,0.7654,-0.7654,-0.4725,0.5858
23,-0.01,7,0.00,0.0000,0.7827,-0.7827,-0.4764,0.6126
23,-0.01,8,0.00,0.0000,0.8119,-0.8119,-0.4823,0.6591
23,-0.01,9,0.00,0.0000,0.8513,-0.8513,-0.4889,0.7247
23,-0.01,10,0.00,0.0000,0.8987,-0.8987,-0.4949,0.8077
23,-0.01,11,0.00,0.0000,0.9512,-0.9512,-0.4988,0.9047
23,-0.01,12,0.00,0.0000,1.0047,-1.0047,-0.5000,1.0095
23,-0.01,13,0.00,0.0000,1.0546,-1.0546,-0.4985,1.1121
23,-0.01,14,0.00,0.0000,1.0956,-1.0956,-0.4954,1.2004
23,-0.02,15,0.00,0.0000,1.1235,-1.1235,-0.4924,1.2623
23,-0.02,16,0.00,0.0000,1.1355,-1.1355,-0.4908,1.2893
23,-0.02,17,0.00,0.0000,1.1314,-1.1314,-0.4914,1.2800
23,-0.02,18,0.00,0.0000,1.1134,-1.1134,-0.4936,1.2396
23,-0.02,19,0.00,0.0000,1.0855,-1.0855,-0.4963,1.1783
23,-0.02,20,0.00,0.0000,1.0524,-1.0524,-0.4986,1.1075
23,-0.02,21,0.00,0.0000,1.0183,-1.0183,-0.4998,1.0369
23,-0.02,22,0.00,0.0000,0.9867,-0.9867,-0.4999,0.9737
23,-0.02,23,0.00,0.0000,0.9602,-0.9602,-0.4992,0.9219
23,-0.02,24,0.00,0.0000,0.9400,-0.9400,-0.4982,0.8836
23,-0.03,25,0.00,0.0000,0.9270,-0.9270,-0.4973,0.8593
23,-0.03,26,0.00,0.0000,0.9211,-0.9211,-0.4969,0.8484
23,-0.03,27,0.00,0.0000,0.9220,-0.9220,-0.4970,0.8500
23,-0.03,28,0.00,0.0000,0.9289,-0.9289,-0.4975,0.8629
23,-0.03,29,0.00,0.0000,0.9409,-0.9409,-0.4983,0.8852
23,-0.03,30,0.00,0.0000,0.9566,-0.9566,-0.4991,0.9151
23,-0.03,31,0.00,0.0000,0.9746,-0.9746,-0.4997,0.9499
23,-0.03,32,0.00,0.0000,0.9933,-0.9933,-0.5000,0.9866
23,-0.03,33,0.00,0.0000,1.0109,-1.0109,-0.4999,1.0220
23,-0.03,34,0.00,0.0000,1.0260,-1.0260,-0.4997,1.0528
23,-0.04,35,0.00,0.0000,1.0373,-1.0373,-0.4993,1.0761
23,-0.04,36,0.00,0.0000,1.0440,-1.0440,-0.4990,1.0900
23,-0.04,37,0.00,0.0000,1.0458,-1.0458,-0.4990,1.0937
23,-0.04,38,0.00,0.0000,1.0430,-1.0430,-0.4991,1.0878
23,-0.04,39,0.00,0.0000,1.0363,-1.0363,-0.4993,1.0740
23,-0.04,40,0.00,0.0000,1.0269,-1.0269,-0.4996,1.0546
23,-0.04,41,0.00,0.0000,1.0160,-1.0160,-0.4999,1.0323
23,-0.04,42,0.00,0.0000,1.0048,-1.0048,-0.5000,1.0096
23,-0.04,43,0.00,0.0000,0.9944,-0.9944,-0.5000,0.9887
23,-0.04,44,0.00,0.0000,0.9855,-0.9855,-0.4999,0.9713
23,-0.05,45,0.00,0.0000,0.9789,-0.9789,-0.4998,0.9582
23,-0.05,46,0.00,0.0000,0.9748,-0.9748,-0.4997,0.9502
23,-0.05,47,0.00,0.0000,0.9733,-0.9733,-0.4996,0.9473
23,-0.05,48,0.00,0.0000,0.9742,-0.9742,-0.4997,0.9491
23,-0.05,49,0.00,0.0000,0.9773,-0.9773,-0.4997,0.9552
23,-0.05,50,0.00,0.0000,0.9821,-0.9821,-0.4998,0.9645
23,-0.05,51,0.00,0.0000,0.9880,-0.9880,-0.4999,0.9761
23,-0.05,52,0.00,0.0000,0.9944,-0.9944,-0.5000,0.9888
23,-0.05,53,0.00,0.0000,1.0007,-1.0007,-0.5000,1.0013
23,-0.05,54,0.00,0.0000,1.0063,-1.0063,-0.5000,1.0127
23,-0.06,55,0.00,0.0000,1.0108,-1.0108,-0.4999,1.0218
23,-0.06,56,0.00,0.0000,1.0139,-1.0139,-0.4999,1.0280
23,-0.06,57,0.00,0.0000,1.0154,-1.0154,-0.4999,1.0310
23,-0.06,58,0.00,0.0000,1.0153,-1.0153,-0.4999,1.0309
23,-0.06,59,0.00,0.0000,1.0138,-1.0138,-0.4999,1.0278
23,-0.06,60,0.00,0.0000,1.0112,-1.0112,-0.4999,1.0225
23,-0.06,61,0.00,0.0000,1.0078,-1.0078,-0.5000,1.0156
23,-0.06,62,0.00,0.0000,1.0040,-1.0040,-0.5000,1.0080
23,-0.06,63,0.00,0.0000,1.0003,-1.0003,-0.5000,1.0005
23,-0.06,64,0.00,0.0000,0.9969,-0.9969,-0.5000,0.9937
23,-0.07,65,0.00,0.0000,0.9941,-0.9941,-0.5000,0.9883
23,-0.07,66,0.00,0.0000,0.9922,-0.9922,-0.5000,0.9844
23,-0.07,67,0.00,0.0000,0.9911,-0.9911,-0.5000,0.9823
23,-0.07,68,0.00,0.0000,0.9910,-0.9910,-0.5000,0.9820
23,-0.07,69,0.00,0.0000,0.9917,-0.9917,-0.5000,0.9834
23,-0.07,70,0.00,0.0000,0.9930,-0.9930,-0.5000,0.9861
23,-0.07,71,0.00,0.0000,0.9949,-0.9949,-0.5000,0.9898
23,-0.07,72,0.00,0.0000,0.9970,-0.9970,-0.5000,0.9941
23,-0.07,73,0.00,0.0000,0.9992,-0.9992,-0.5000,0.9985
23,-0.07,74,0.00,0.0000,1.0013,-1.0013,-0.5000,1.0026
23,-0.08,75,0.00,0.0000,1.0030,-1.0030,-0.5000,1.0061
23,-0.08,76,0.00,0.0000,1.0043,-1.0043,-0.5000,1.0087
23,-0.08,77,0.00,0.0000,1.0051,-1.0051,-0.5000,1.0102
23,-0.08,78,0.00,0.0000,1.0053,-1.0053,-0.5000,1.0106
23,-0.08,79,0.00,0.0000,1.0050,-1.0050,-0.5000,1.0100
23,-0.08,80,0.00,0.0000,1.0043,-1.0043,-0.5000,1.0086
23,-0.08,81,0.00,0.0000,1.0032,-1.0032,-0.5000,1.0064
23,-0.08,82,0.00,0.0000,1.0020,-1.0020,-0.5000,1.0040
23,-0.08,83,0.00,0.0000,1.0007,-1.0007,-0.5000,1.0013
23,-0.08,84,0.00,0.0000,0.9994,-0.9994,-0.5000,0.9989
23,-0.09,85,0.00,0.0000,0.9984,-0.9984,-0.5000,0.9968
23,-0.09,86,0.00,0.0000,0.9976,-0.9976,-0.5000,0.9952
23,-0.09,87,0.00,0.0000,0.9971,-0.9971,-0.5000,0.9942
23,-0.09,88,0.00,0.0000,0.9969,-0.9969,-0.5000,0.9938
23,-0.09,89,0.00,0.0000,0.9970,-0.9970,-0.5000,0.9940
23,-0.09,90,0.00,0.0000,0.9974,-0.9974,-0.5000,0.9948
23,-0.09,91,0.00,0.0000,0.9980,-0.9980,-0.5000,0.9960
23,-0.09,92,0.00,0.0000,0.9987,-0.9987,-0.5000,0.9974
23,-0.09,93,0.00,0.0000,0.9995,-0.9995,-0.5000,0.9989
23,-0.09,94,0.00,0.0000,1.0002,-1.0002,-0.5000,1.0004
23,-0.10,95,0.00,0.0000,1.0008,-1.0008,-0.5000,1.0017
23,-0.10,96,0.00,0.0000,1.0013,-1.0013,-0.5000,1.0027
23,-0.10,97,0.00,0.0000,1.0017,-1.0017,-0.5000,1.0034
23,-0.10,98,0.00,0.0000,1.0018,-1.0018,-0.5000,1.0036
23,-0.10,99,0.00,0.0000,1.0018,-1.0018,-0.5000,1.0036
23,-0.10,100,0.00,0.0000,1.9941,-1.9941,48.7589,101.5060
24,-0.00,1,0.00,0.0000,0.9041,-0.9041,-0.4954,0.8173
24,-0.00,2,0.00,0.0000,0.8397,-0.8397,-0.4872,0.7051
24,-0.00,3,0.00,0.0000,0.7953,-0.7953,-0.4790,0.6325
24,-0.00,4,0.00,0.0000,0.7690,-0.7690,-0.4733,0.5914
24,-0.01,5,0.00,0.0000,0.7591,-0.7591,-0.4710,0.5762
24,-0.01,6,0.00,0.0000,0.7637,-0.7637,-0.4721,0.5833
24,-0.01,7,0.00,0.0000,0.7814,-0.7814,-0.4761,0.6106
24,-0.01,8,0.00,0.0000,0.8108,-0.8108,-0.4821,0.6574
24,-0.01,9,0.00,0.0000,0.8502,-0.8502,-0.4888,0.7228
24,-0.01,10,0.00,0.0000,0.8974,-0.8974,-0.4947,0.8054
24,-0.01,11,0.00,0.0000,0.9496,-0.9496,-0.4987,0.9018
24,-0.01,12,0.00,0.0000,1.0030,-1.0030,-0.5000,1.0060
24,-0.01,13,0.00,0.0000,1.0528,-1.0528,-0.4986,1.1084
24,-0.01,14,0.00,0.0000,1.0941,-1.0941,-0.4956,1.1971
24,-0.02,15,0.00,0.0000,1.1226,-1.1226,-0.4925,1.2603
24,-0.02,16,0.00,0.0000,1.1355,-1.1355,-0.4908,1.2894
24,-0.02,17,0.00,0.0000,1.1325,-1.1325,-0.4912,1.2826
24,-0.02,18,0.00,0.0000,1.1157,-1.1157,-0.4933,1.2448
24,-0.02,19,0.00,0.0000,1.0888,-1.0888,-0.4961,1.1854
24,-0.02,20,0.00,0.0000,1.0562,-1.0562,-0.4984,1.1156
24,-0.02,21,0.00,0.0000,1.0224,-1.0224,-0.4997,1.0452
24,-0.02,22,0.00,0.0000,0.9907,-0.9907,-0.5000,0.9814
24,-0.02,23,0.00,0.0000,0.9636,-0.9636,-0.4993,0.9285
24,-0.02,24,0.00,0.0000,0.9427,-0.9427,-0.4984,0.8887
24,-0.03,25,0.00,0.0000,0.9287,-0.9287,-0.4975,0.8625
24,-0.03,26,0.00,0.0000,0.9218,-0.9218,-0.4969,0.8497
24,-0.03,27,0.00,0.0000,0.9216,-0.9216,-0.4969,0.8494
24,-0.03,28,0.00,0.0000,0.9275,-0.9275,-0.4974,0.8603
24,-0.03,29,0.00,0.0000,0.9385,-0.9385,-0.4981,0.8807
24,-0.03,30,0.00,0.0000,0.9534,-0.9534,-0.4989,0.9089
24,-0.03,31,0.00,0.0000,0.9707,-0.9707,-0.4996,0.9423
24,-0.03,32,0.00,0.0000,0.9891,-0.9891,-0.4999,0.9783
24,-0.03,33,0.00,0.0000,1.0068,-1.0068,-0.5000,1.0136
24,-0.03,34,0.00,0.0000,1.0224,-1.0224,-0.4997,1.0452
24,-0.04,35,0.00,0.0000,1.0345,-1.0345,-0.4994,1.0701
24,-0.04,36,0.00,0.0000,1.0422,-1.0422,-0.4991,1.0863
24,-0.04,37,0.00,0.0000,1.0453,-1.0453,-0.4990,1.0926
24,-0.04,38,0.00,0.0000,1.0438,-1.0438,-0.4990,1.0894
24,-0.04,39,0.00,0.0000,1.0383,-1.0383,-0.4993,1.0780
24,-0.04,40,0.00,0.0000,1.0297,-1.0297,-0.4996,1.0604
24,-0.04,41,0.00,0.0000,1.0194,-1.0194,-0.4998,1.0392
24,-0.04,42,0.00,0.0000,1.0084,-1.0084,-0.5000,1.0169
24,-0.04,43,0.00,0.0000,0.9979,-0.9979,-0.5000,0.9957
24,-0.04,44,0.00,0.0000,0.9886,-0.9886,-0.4999,0.9774
24,-0.05,45,0.00,0.0000,0.9813,-0.9813,-0.4998,0.9630
24,-0.05,46,0.00,0.0000,0.9764,-0.9764,-0.4997,0.9534
24,-0.05,47,0.00,0.0000,0.9740,-0.9740,-0.4997,0.9486
24,-0.05,48,0.00,0.0000,0.9740,-0.9740,-0.4997,0.9487
24,-0.05,49,0.00,0.0000,0.9762,-0.9762,-0.4997,0.9530
24,-0.05,50,0.00,0.0000,0.9803,-0.9803,-0.4998,0.9609
24,-0.05,51,0.00,0.0000,0.9856,-0.9856,-0.4999,0.9714
24,-0.05,52,0.00,0.0000,0.9917,-0.9917,-0.5000,0.9835
24,-0.05,53,0.00,0.0000,0.9979,-0.9979,-0.5000,0.9959
24,-0.05,54,0.00,0.0000,1.0038,-1.0038,-0.5000,1.0075
24,-0.06,55,0.00,0.0000,1.0087,-1.0087,-0.5000,1.0174
24,-0.06,56,0.00,0.0000,1.0124,-1.0124,-0.4999,1.0249
24,-0.06,57,0.00,0.0000,1.0145,-1.0145,-0.4999,1.0293
24,-0.06,58,0.00,0.0000,1.0152,-1.0152,-0.4999,1.0306
24,-0.06,59,0.00,0.0000,1.0144,-1.0144,-0.4999,1.0290
24,-0.06,60,0.00,0.0000,1.0124,-1.0124,-0.4999,1.0249
24,-0.06,61,0.00,0.0000,1.0094,-1.0094,-0.5000,1.0189
24,-0.06,62,0.00,0.0000,1.0059,-1.0059,-0.5000,1.0119
24,-0.06,63,0.00,0.0000,1.0023,-1.0023,-0.5000,1.0045
24,-0.06,64,0.00,0.0000,0.9988,-0.9988,-0.5000,0.9975
24,-0.07,65,0.00,0.0000,0.9957,-0.9957,-0.5000,0.9915
24,-0.07,66,0.00,0.0000,0.9934,-0.9934,-0.5000,0.9868
24,-0.07,67,0.00,0.0000,0.9919,-0.9919,-0.5000,0.9838
24,-0.07,68,0.00,0.0000,0.9912,-0.9912,-0.5000,0.9825
24,-0.07,69,0.00,0.0000,0.9914,-0.9914,-0.5000,0.9828
24,-0.07,70,0.00,0.0000,0.9923,-0.9923,-0.5000,0.9847
24,-0.07,71,0.00,0.0000,0.9938,-0.9938,-0.5000,0.9877
24,-0.07,72,0.00,0.0000,0.9958,-0.9958,-0.5000,0.9915
24,-0.07,73,0.00,0.0000,0.9979,-0.9979,-0.5000,0.9957
24,-0.07,74,0.00,0.0000,0.9999,-0.9999,-0.5000,0.9999
24,-0.08,75,0.00,0.0000,1.0018,-1.0018,-0.5000,1.0037
24,-0.08,76,0.00,0.0000,1.0034,-1.0034,-0.5000,1.0068
24,-0.08,77,0.00,0.0000,1.0045,-1.0045,-0.5000,1.0089
24,-0.08,78,0.00,0.0000,1.0050,-1.0050,-0.5000,1.0101
24,-0.08,79,0.00,0.0000,1.0051,-1.0051,-0.5000,1.0102
24,-0.08,80,0.00,0.0000,1.0047,-1.0047,-0.5000,1.0094
24,-0.08,81,0.00,0.0000,1.0039,-1.0039,-0.5000,1.0078
24,-0.08,82,0.00,0.0000,1.0028,-1.0028,-0.5000,1.0057
24,-0.08,83,0.00,0.0000,1.0016,-1.0016,-0.5000,1.0032
24,-0.08,84,0.00,0.0000,1.0004,-1.0004,-0.5000,1.0007
24,-0.09,85,0.00,0.0000,0.9992,-0.9992,-0.5000,0.9985
24,-0.09,86,0.00,0.0000,0.9983,-0.9983,-0.5000,0.9965
24,-0.09,87,0.00,0.0000,0.9976,-0.9976,-0.5000,0.9951
24,-0.09,88,0.00,0.0000,0.9971,-0.9971,-0.5000,0.9943
24,-0.09,89,0.00,0.0000,0.9970,-0.9970,-0.5000,0.9940
24,-0.09,90,0.00,0.0000,0.9972,-0.9972,-0.5000,0.9944
24,-0.09,91,0.00,0.0000,0.9976,-0.9976,-0.5000,0.9952
24,-0.09,92,0.00,0.0000,0.9982,-0.9982,-0.5000,0.9963
24,-0.09,93,0.00,0.0000,0.9988,-0.9988,-0.5000,0.9977
24,-0.09,94,0.00,0.0000,0.9996,-0.9996,-0.5000,0.9991
24,-0.10,95,0.00,0.0000,1.0003,-1.0003,-0.5000,1.0005
24,-0.10,96,0.00,0.0000,1.0009,-1.0009,-0.5000,1.0017
24,-0.10,97,0.00,0.0000,1.0013,-1.0013,-0.5000,1.0026
24,-0.10,98,0.00,0.0000,1.0016,-1.0016,-0.5000,1.0032
24,-0.10,99,0.00,0.0000,1.0017,-1.0017,-0.5000,1.0035
24,-0.10,100,0.00,0.0000,1.9943,-1.9943,48.7703,101.5293
25,-0.00,1,0.00,0.0000,0.9175,-0.9175,-0.4966,0.8419
25,-0.00,2,0.00,0.0000,0.8526,-0.8526,-0.4891,0.7270
25,-0.00,3,0.00,0.0000,0.8070,-0.8070,-0.4814,0.6512
25,-0.00,4,0.00,0.0000,0.7791,-0.7791,-0.4756,0.6070
25,-0.01,5,0.00,0.0000,0.7673,-0.7673,-0.4729,0.5888
25,-0.01,6,0.00,0.0000,0.7700,-0.7700,-0.4735,0.5928
25,-0.01,7,0.00,0.0000,0.7855,-0.7855,-0.4770,0.6170
25,-0.01,8,0.00,0.0000,0.8125,-0.8125,-0.4824,0.6602
25,-0.01,9,0.00,0.0000,0.8495,-0.8495,-0.4887,0.7216
25,-0.01,10,0.00,0.0000,0.8942,-0.8942,-0.4944,0.7997
25,-0.01,11,0.00,0.0000,0.9441,-0.9441,-0.4984,0.8914
25,-0.01,12,0.00,0.0000,0.9956,-0.9956,-0.5000,0.9911
25,-0.01,13,0.00,0.0000,1.0442,-1.0442,-0.4990,1.0903
25,-0.01,14,0.00,0.0000,1.0853,-1.0853,-0.4964,1.1779
25,-0.02,15,0.00,0.0000,1.1148,-1.1148,-0.4934,1.2428
25,-0.02,16,0.00,0.0000,1.1298,-1.1298,-0.4916,1.2764
25,-0.02,17,0.00,0.0000,1.1295,-1.1295,-0.4916,1.2759
25,-0.02,18,0.00,0.0000,1.1157,-1.1157,-0.4933,1.2448
25,-0.02,19,0.00,0.0000,1.0915,-1.0915,-0.4958,1.1915
25,-0.02,20,0.00,0.0000,1.0612,-1.0612,-0.4981,1.1261
25,-0.02,21,0.00,0.0000,1.0287,-1.0287,-0.4996,1.0583
25,-0.02,22,0.00,0.0000,0.9977,-0.9977,-0.5000,0.9954
25,-0.02,23,0.00,0.0000,0.9706,-0.9706,-0.4996,0.9421
25,-0.02,24,0.00,0.0000,0.9491,-0.9491,-0.4987,0.9008
25,-0.03,25,0.00,0.0000,0.9341,-0.9341,-0.4978,0.8725
25,-0.03,26,0.00,0.0000,0.9258,-0.9258,-0.4972,0.8571
25,-0.03,27,0.00,0.0000,0.9240,-0.9240,-0.4971,0.8539
25,-0.03,28,0.00,0.0000,0.9283,-0.9283,-0.4974,0.8617
25,-0.03,29,0.00,0.0000,0.9376,-0.9376,-0.4981,0.8791
25,-0.03,30,0.00,0.0000,0.9510,-0.9510,-0.4988,0.9045
25,-0.03,31,0.00,0.0000,0.9672,-0.9672,-0.4995,0.9355
25,-0.03,32,0.00,0.0000,0.9847,-0.9847,-0.4999,0.9696
25,-0.03,33,0.00,0.0000,1.0020,-1.0020,-0.5000,1.0039
25,-0.03,34,0.00,0.0000,1.0176,-1.0176,-0.4998,1.0354
25,-0.04,35,0.00,0.0000,1.0302,-1.0302,-0.4995,1.0613
25,-0.04,36,0.00,0.0000,1.0389,-1.0389,-0.4992,1.0793
25,-0.04,37,0.00,0.0000,1.0431,-1.0431,-0.4991,1.0881
25,-0.04,38,0.00,0.0000,1.0430,-1.0430,-0.4991,1.0878
25,-0.04,39,0.00,0.0000,1.0388,-1.0388,-0.4992,1.0791
25,-0.04,40,0.00,0.0000,1.0315,-1.0315,-0.4995,1.0639
25,-0.04,41,0.00,0.0000,1.0220,-1.0220,-0.4998,1.0446
25,-0.04,42,0.00,0.0000,1.0117,-1.0116,-0.4999,1.0234
25,-0.04,43,0.00,0.0000,1.0013,-1.0013,-0.5000,1.0027
25,-0.04,44,0.00,0.0000,0.9920,-0.9920,-0.5000,0.9841
25,-0.05,45,0.00,0.0000,0.9843,-0.9843,-0.4999,0.9689
25,-0.05,46,0.00,0.0000,0.9788,-0.9788,-0.4998,0.9581
25,-0.05,47,0.00,0.0000,0.9756,-0.9756,-0.4997,0.9519
25,-0.05,48,0.00,0.0000,0.9748,-0.9748,-0.4997,0.9503
25,-0.05,49,0.00,0.0000,0.9762,-0.9762,-0.4997,0.9530
25,-0.05,50,0.00,0.0000,0.9795,-0.9795,-0.4998,0.9594
25,-0.05,51,0.00,0.0000,0.9842,-0.9842,-0.4999,0.9686
25,-0.05,52,0.00,0.0000,0.9897,-0.9897,-0.4999,0.9796
25,-0.05,53,0.00,0.0000,0.9957,-0.9957,-0.5000,0.9914
25,-0.05,54,0.00,0.0000,1.0014,-1.0014,-0.5000,1.0029
25,-0.06,55,0.00,0.0000,1.0065,-1.0065,-0.5000,1.0131
25,-0.06,56,0.00,0.0000,1.0105,-1.0105,-0.4999,1.0212
25,-0.06,57,0.00,0.0000,1.0132,-1.0132,-0.4999,1.0266
25,-0.06,58,0.00,0.0000,1.0144,-1.0144,-0.4999,1.0291
25,-0.06,59,0.00,0.0000,1.0142,-1.0142,-0.4999,1.0287
25,-0.06,60,0.00,0.0000,1.0128,-1.0128,-0.4999,1.0257
25,-0.06,61,0.00,0.0000,1.0103,-1.0103,-0.4999,1.0208
25,-0.06,62,0.00,0.0000,1.0072,-1.0072,-0.5000,1.0144
25,-0.06,63,0.00,0.0000,1.0037,-1.0037,-0.5000,1.0075
25,-0.06,64,0.00,0.0000,1.0003,-1.0003,-0.5000,1.0006
25,-0.07,65,0.00,0.0000,0.9972,-0.9972,-0.5000,0.9944
25,-0.07,66,0.00,0.0000,0.9947,-0.9947,-0.5000,0.9893
25,-0.07,67,0.00,0.0000,0.9928,-0.9928,-0.5000,0.9857
25,-0.07,68,0.00,0.0000,0.9918,-0.9918,-0.5000,0.9837
25,-0.07,69,0.00,0.0000,0.9916,-0.9916,-0.5000,0.9833
25,-0.07,70,0.00,0.0000,0.9922,-0.9922,-0.5000,0.9844
25,-0.07,71,0.00,0.0000,0.9934,-0.9934,-0.5000,0.9868
25,-0.07,72,0.00,0.0000,0.9950,-0.9950,-0.5000,0.9900
25,-0.07,73,0.00,0.0000,0.9969,-0.9969,-0.5000,0.9939
25,-0.07,74,0.00,0.0000,0.9989,-0.9989,-0.5000,0.9979
25,-0.08,75,0.00,0.0000,1.0008,-1.0008,-0.5000,1.0017
25,-0.08,76,0.00,0.0000,1.0025,-1.0025,-0.5000,1.0050
25,-0.08,77,0.00,0.0000,1.0037,-1.0037,-0.5000,1.0075
25,-0.08,78,0.00,0.0000,1.0045,-1.0045,-0.5000,1.0091
25,-0.08,79,0.00,0.0000,1.0049,-1.0049,-0.5000,1.0097
25,-0.08,80,0.00,0.0000,1.0047,-1.0047,-0.5000,1.0094
25,-0.08,81,0.00,0.0000,1.0042,-1.0042,-0.5000,1.0083
25,-0.08,82,0.00,0.0000,1.0033,-1.0033,-0.5000,1.0066
25,-0.08,83,0.00,0.0000,1.0022,-1.0022,-0.5000,1.0044
25,-0.08,84,0.00,0.0000,1.0010,-1.0010,-0.5000,1.0020
25,-0.09,85,0.00,0.0000,0.9999,-0.9999,-0.5000,0.9998
25,-0.09,86,0.00,0.0000,0.9989,-0.9989,-0.5000,0.9977
25,-0.09,87,0.00,0.0000,0.9980,-0.9980,-0.5000,0.9961
25,-0.09,88,0.00,0.0000,0.9975,-0.9975,-0.5000,0.9950
25,-0.09,89,0.00,0.0000,0.9972,-0.9972,-0.5000,0.9944
25,-0.09,90,0.00,0.0000,0.9972,-0.9972,-0.5000,0.9944
25,-0.09,91,0.00,0.0000,0.9975,-0.9975,-0.5000,0.9949
25,-0.09,92,0.00,0.0000,0.9979,-0.9979,-0.5000,0.9958
25,-0.09,93,0.00,0.0000,0.9985,-0.9985,-0.5000,0.9970
25,-0.09,94,0.00,0.0000,0.9992,-0.9992,-0.5000,0.9983
25,-0.10,95,0.00,0.0000,0.9998,-0.9998,-0.5000,0.9997
25,-0.10,96,0.00,0.0000,1.0005,-1.0005,-0.5000,1.0009
25,-0.10,97,0.00,0.0000,1.0010,-1.0010,-0.5000,1.0020
25,-0.10,98,0.00,0.0000,1.0014,-1.0014,-0.5000,1.0027
25,-0.10,99,0.00,0.0000,1.0016,-1.0016,-0.5000,1.0032
25,-0.10,100,0.00,0.0000,1.9943,-1.9943,48.7655,101.5196
26,-0.00,1,0.00,0.0000,0.9327,-0.9327,-0.4977,0.8700
26,-0.00,2,0.00,0.0000,0.8664,-0.8664,-0.4911,0.7507
26,-0.00,3,0.00,0.0000,0.8188,-0.8188,-0.4836,0.6705
26,-0.00,4,0.00,0.0000,0.7889,-0.7889,-0.4777,0.6224
26,-0.01,5,0.00,0.0000,0.7750,-0.7750,-0.4747,0.6007
26,-0.01,6,0.00,0.0000,0.7756,-0.7756,-0.4748,0.6015
26,-0.01,7,0.00,0.0000,0.7891,-0.7891,-0.4778,0.6226
26,-0.01,8,0.00,0.0000,0.8140,-0.8140,-0.4827,0.6627
26,-0.01,9,0.00,0.0000,0.8489,-0.8489,-0.4886,0.7207
26,-0.01,10,0.00,0.0000,0.8918,-0.8918,-0.4941,0.7953
26,-0.01,11,0.00,0.0000,0.9399,-0.9399,-0.4982,0.8835
26,-0.01,12,0.00,0.0000,0.9900,-0.9900,-0.5000,0.9801
26,-0.01,13,0.00,0.0000,1.0378,-1.0378,-0.4993,1.0771
26,-0.01,14,0.00,0.0000,1.0789,-1.0789,-0.4969,1.1640
26,-0.02,15,0.00,0.0000,1.1090,-1.1090,-0.4941,1.2298
26,-0.02,16,0.00,0.0000,1.1252,-1.1252,-0.4922,1.2660
26,-0.02,17,0.00,0.0000,1.1266,-1.1266,-0.4920,1.2693
26,-0.02,18,0.00,0.0000,1.1146,-1.1146,-0.4934,1.2424
26,-0.02,19,0.00,0.0000,1.0922,-1.0922,-0.4958,1.1928
26,-0.02,20,0.00,0.0000,1.0632,-1.0632,-0.4980,1.1303
26,-0.02,21,0.00,0.0000,1.0317,-1.0317,-0.4995,1.0644
26,-0.02,22,0.00,0.0000,1.0012,-1.0012,-0.5000,1.0023
26,-0.02,23,0.00,0.0000,0.9742,-0.9742,-0.4997,0.9491
26,-0.02,24,0.00,0.0000,0.9526,-0.9526,-0.4989,0.9075
26,-0.03,25,0.00,0.0000,0.9372,-0.9372,-0.4980,0.8784
26,-0.03,26,0.00,0.0000,0.9284,-0.9284,-0.4974,0.8620
26,-0.03,27,0.00,0.0000,0.9260,-0.9260,-0.4973,0.8576
26,-0.03,28,0.00,0.0000,0.9296,-0.9296,-0.4975,0.8641
26,-0.03,29,0.00,0.0000,0.9382,-0.9382,-0.4981,0.8802
26,-0.03,30,0.00,0.0000,0.9509,-0.9509,-0.4988,0.9043
26,-0.03,31,0.00,0.0000,0.9665,-0.9665,-0.4994,0.9341
26,-0.03,32,0.00,0.0000,0.9834,-0.9834,-0.4999,0.9672
26,-0.03,33,0.00,0.0000,1.0004,-1.0004,-0.5000,1.0007
26,-0.03,34,0.00,0.0000,1.0157,-1.0157,-0.4999,1.0317
26,-0.04,35,0.00,0.0000,1.0284,-1.0284,-0.4996,1.0575
26,-0.04,36,0.00,0.0000,1.0372,-1.0372,-0.4993,1.0758
26,-0.04,37,0.00,0.0000,1.0418,-1.0418,-0.4991,1.0853
26,-0.04,38,0.00,0.0000,1.0420,-1.0420,-0.4991,1.0857
26,-0.04,39,0.00,0.0000,1.0383,-1.0383,-0.4993,1.0780
26,-0.04,40,0.00,0.0000,1.0314,-1.0314,-0.4995,1.0637
26,-0.04,41,0.00,0.0000,1.0223,-1.0223,-0.4998,1.0452
26,-0.04,42,0.00,0.0000,1.0123,-1.0123,-0.4999,1.0247
26,-0.04,43,0.00,0.0000,1.0022,-1.0022,-0.5000,1.0043
26,-0.04,44,0.00,0.0000,0.9930,-0.9930,-0.5000,0.9860
26,-0.05,45,0.00,0.0000,0.9853,-0.9853,-0.4999,0.9709
26,-0.05,46,0.00,0.0000,0.9798,-0.9798,-0.4998,0.9599
26,-0.05,47,0.00,0.0000,0.9765,-0.9765,-0.4997,0.9535
26,-0.05,48,0.00,0.0000,0.9755,-0.9755,-0.4997,0.9516
26,-0.05,49,0.00,0.0000,0.9767,-0.9767,-0.4997,0.9539
26,-0.05,50,0.00,0.0000,0.9797,-0.9797,-0.4998,0.9598
26,-0.05,51,0.00,0.0000,0.9842,-0.9842,-0.4999,0.9686
26,-0.05,52,0.00,0.0000,0.9896,-0.9896,-0.4999,0.9793
26,-0.05,53,0.00,0.0000,0.9954,-0.9954,-0.5000,0.9907
26,-0.05,54,0.00,0.0000,1.0010,-1.0010,-0.5000,1.0020
26,-0.06,55,0.00,0.0000,1.0060,-1.0060,-0.5000,1.0120
26,-0.06,56,0.00,0.0000,1.0100,-1.0100,-0.4999,1.0201
26,-0.06,57,0.00,0.0000,1.0127,-1.0127,-0.4999,1.0256
26,-0.06,58,0.00,0.0000,1.0140,-1.0140,-0.4999,1.0282
26,-0.06,59,0.00,0.0000,1.0139,-1.0139,-0.4999,1.0281
26,-0.06,60,0.00,0.0000,1.0126,-1.0126,-0.4999,1.0253
26,-0.06,61,0.00,0.0000,1.0103,-1.0103,-0.4999,1.0206
26,-0.06,62,0.00,0.0000,1.0072,-1.0072,-0.5000,1.0145
26,-0.06,63,0.00,0.0000,1.0039,-1.0039,-0.5000,1.0078
26,-0.06,64,0.00,0.0000,1.0005,-1.0005,-0.5000,1.0011
26,-0.07,65,0.00,0.0000,0.9975,-0.9975,-0.5000,0.9949
26,-0.07,66,0.00,0.0000,0.9949,-0.9949,-0.5000,0.9899
26,-0.07,67,0.00,0.0000,0.9931,-0.9931,-0.5000,0.9863
26,-0.07,68,0.00,0.0000,0.9921,-0.9921,-0.5000,0.9842
26,-0.07,69,0.00,0.0000,0.9918,-0.9918,-0.5000,0.9837
26,-0.07,70,0.00,0.0000,0.9923,-0.9923,-0.5000,0.9847
26,-0.07,71,0.00,0.0000,0.9934,-0.9934,-0.5000,0.9869
26,-0.07,72,0.00,0.0000,0.9950,-0.9950,-0.5000,0.9901
26,-0.07,73,0.00,0.0000,0.9969,-0.9969,-0.5000,0.9938
26,-0.07,74,0.00,0.0000,0.9988,-0.9988,-0.5000,0.9977
26,-0.08,75,0.00,0.0000,1.0007,-1.0007,-0.5000,1.0014
26,-0.08,76,0.00,0.0000,1.0023,-1.0023,-0.5000,1.0047
26,-0.08,77,0.00,0.0000,1.0036,-1.0036,-0.5000,1.0072
26,-0.08,78,0.00,0.0000,1.0044,-1.0044,-0.5000,1.0088
26,-0.08,79,0.00,0.0000,1.0047,-1.0047,-0.5000,1.0095
26,-0.08,80,0.00,0.0000,1.0046,-1.0046,-0.5000,1.0092
26,-0.08,81,0.00,0.0000,1.0041,-1.0041,-0.5000,1.0082
26,-0.08,82,0.00,0.0000,1.0032,-1.0032,-0.5000,1.0065
26,-0.08,83,0.00,0.0000,1.0022,-1.0022,-0.5000,1.0044
26,-0.08,84,0.00,0.0000,1.0011,-1.0011,-0.5000,1.0021
26,-0.09,85,0.00,0.0000,0.9999,-0.9999,-0.5000,0.9999
26,-0.09,86,0.00,0.0000,0.9989,-0.9989,-0.5000,0.9979
26,-0.09,87,0.00,0.0000,0.9981,-0.9981,-0.5000,0.9963
26,-0.09,88,0.00,0.0000,0.9976,-0.9976,-0.5000,0.9952
26,-0.09,89,0.00,0.0000,0.9973,-0.9973,-0.5000,0.9946
26,-0.09,90,0.00,0.0000,0.9973,-0.9973,-0.5000,0.9945
26,-0.09,91,0.00,0.0000,0.9975,-0.9975,-0.5000,0.9950
26,-0.09,92,0.00,0.0000,0.9979,-0.9979,-0.5000,0.9959
26,-0.09,93,0.00,0.0000,0.9985,-0.9985,-0.5000,0.9970
26,-0.09,94,0.00,0.0000,0.9992,-0.9992,-0.5000,0.9983
26,-0.10,95,0.00,0.0000,0.9998,-0.9998,-0.5000,0.9996
26,-0.10,96,0.00,0.0000,1.0004,-1.0004,-0.5000,1.0009
26,-0.10,97,0.00,0.0000,1.0009,-1.0009,-0.5000,1.0019
26,-0.10,98,0.00,0.0000,1.0013,-1.0013,-0.5000,1.0026
26,-0.10,99,0.00,0.0000,1.0015,-1.0015,-0.5000,1.0031
26,-0.10,100,0.00,0.0000,1.9942,-1.9942,48.7616,101.5115
27,-0.00,1,0.00,0.0000,0.9086,-0.9086,-0.4958,0.8255
27,-0.00,2,0.00,0.0000,0.8456,-0.8456,-0.4881,0.7150
27,-0.00,3,0.00,0.0000,0.8017,-0.8017,-0.4803,0.6428
27,-0.00,4,0.00,0.0000,0.7754,-0.7754,-0.4748,0.6012
27,-0.01,5,0.00,0.0000,0.7648,-0.7648,-0.4723,0.5850
27,-0.01,6,0.00,0.0000,0.7684,-0.7684,-0.4732,0.5905
27,-0.01,7,0.00,0.0000,0.7847,-0.7847,-0.4768,0.6158
27,-0.01,8,0.00,0.0000,0.8123,-0.8123,-0.4824,0.6598
27,-0.01,9,0.00,0.0000,0.8495,-0.8495,-0.4887,0.7217
27,-0.01,10,0.00,0.0000,0.8945,-0.8945,-0.4944,0.8000
27,-0.01,11,0.00,0.0000,0.9444,-0.9444,-0.4985,0.8919
27,-0.01,12,0.00,0.0000,0.9958,-0.9958,-0.5000,0.9916
27,-0.01,13,0.00,0.0000,1.0444,-1.0444,-0.4990,1.0908
27,-0.01,14,0.00,0.0000,1.0856,-1.0856,-0.4963,1.1784
27,-0.02,15,0.00,0.0000,1.1151,-1.1151,-0.4934,1.2435
27,-0.02,16,0.00,0.0000,1.1303,-1.1303,-0.4915,1.2775
27,-0.02,17,0.00,0.0000,1.1303,-1.1303,-0.4915,1.2777
27,-0.02,18,0.00,0.0000,1.1168,-1.1168,-0.4932,1.2473
27,-0.02,19,0.00,0.0000,1.0929,-1.0929,-0.4957,1.1945
27,-0.02,20,0.00,0.0000,1.0628,-1.0628,-0.4980,1.1295
27,-0.02,21,0.00,0.0000,1.0304,-1.0304,-0.4995,1.0618
27,-0.02,22,0.00,0.0000,0.9994,-0.9994,-0.5000,0.9987
27,-0.02,23,0.00,0.0000,0.9721,-0.9721,-0.4996,0.9450
27,-0.02,24,0.00,0.0000,0.9503,-0.9503,-0.4988,0.9031
27,-0.03,25,0.00,0.0000,0.9349,-0.9349,-0.4979,0.8740
27,-0.03,26,0.00,0.0000,0.9261,-0.9261,-0.4973,0.8577
27,-0.03,27,0.00,0.0000,0.9239,-0.9239,-0.4971,0.8535
27,-0.03,28,0.00,0.0000,0.9275,-0.9275,-0.4974,0.8603
27,-0.03,29,0.00,0.0000,0.9364,-0.9364,-0.4980,0.8768
27,-0.03,30,0.00,0.0000,0.9493,-0.9493,-0.4987,0.9012
27,-0.03,31,0.00,0.0000,0.9651,-0.9651,-0.4994,0.9314
27,-0.03,32,0.00,0.0000,0.9824,-0.9824,-0.4998,0.9651
27,-0.03,33,0.00,0.0000,0.9996,-0.9996,-0.5000,0.9993
27,-0.03,34,0.00,0.0000,1.0154,-1.0154,-0.4999,1.0310
27,-0.04,35,0.00,0.0000,1.0284,-1.0284,-0.4996,1.0576
27,-0.04,36,0.00,0.0000,1.0377,-1.0377,-0.4993,1.0768
27,-0.04,37,0.00,0.0000,1.0426,-1.0426,-0.4991,1.0870
27,-0.04,38,0.00,0.0000,1.0431,-1.0431,-0.4991,1.0881
27,-0.04,39,0.00,0.0000,1.0397,-1.0397,-0.4992,1.0809
27,-0.04,40,0.00,0.0000,1.0329,-1.0329,-0.4995,1.0669
27,-0.04,41,0.00,0.0000,1.0239,-1.0239,-0.4997,1.0484
27,-0.04,42,0.00,0.0000,1.0137,-1.0137,-0.4999,1.0276
27,-0.04,43,0.00,0.0000,1.0034,-1.0034,-0.5000,1.0069
27,-0.04,44,0.00,0.0000,0.9940,-0.9940,-0.5000,0.9880
27,-0.05,45,0.00,0.0000,0.9860,-0.9860,-0.4999,0.9722
27,-0.05,46,0.00,0.0000,0.9800,-0.9800,-0.4998,0.9605
27,-0.05,47,0.00,0.0000,0.9764,-0.9764,-0.4997,0.9533
27,-0.05,48,0.00,0.0000,0.9750,-0.9750,-0.4997,0.9506
27,-0.05,49,0.00,0.0000,0.9759,-0.9759,-0.4997,0.9523
27,-0.05,50,0.00,0.0000,0.9786,-0.9786,-0.4998,0.9577
27,-0.05,51,0.00,0.0000,0.9829,-0.9829,-0.4999,0.9661
27,-0.05,52,0.00,0.0000,0.9882,-0.9882,-0.4999,0.9766
27,-0.05,53,0.00,0.0000,0.9940,-0.9940,-0.5000,0.9881
27,-0.05,54,0.00,0.0000,0.9998,-0.9998,-0.5000,0.9996
27,-0.06,55,0.00,0.0000,1.0050,-1.0050,-0.5000,1.0101
27,-0.06,56,0.00,0.0000,1.0093,-1.0093,-0.5000,1.0187
27,-0.06,57,0.00,0.0000,1.0124,-1.0124,-0.4999,1.0249
27,-0.06,58,0.00,0.0000,1.0140,-1.0140,-0.4999,1.0283
27,-0.06,59,0.00,0.0000,1.0143,-1.0143,-0.4999,1.0288
27,-0.06,60,0.00,0.0000,1.0132,-1.0132,-0.4999,1.0267
27,-0.06,61,0.00,0.0000,1.0111,-1.0111,-0.4999,1.0224
27,-0.06,62,0.00,0.0000,1.0083,-1.0083,-0.5000,1.0166
27,-0.06,63,0.00,0.0000,1.0049,-1.0049,-0.5000,1.0099
27,-0.06,64,0.00,0.0000,1.0015,-1.0015,-0.5000,1.0031
27,-0.07,65,0.00,0.0000,0.9983,-0.9983,-0.5000,0.9967
27,-0.07,66,0.00,0.0000,0.9956,-0.9956,-0.5000,0.9913
27,-0.07,67,0.00,0.0000,0.9935,-0.9935,-0.5000,0.9871
27,-0.07,68,0.00,0.0000,0.9922,-0.9922,-0.5000,0.9845
27,-0.07,69,0.00,0.0000,0.9917,-0.9917,-0.5000,0.9835
27,-0.07,70,0.00,0.0000,0.9920,-0.9920,-0.5000,0.9840
27,-0.07,71,0.00,0.0000,0.9929,-0.9929,-0.5000,0.9859
27,-0.07,72,0.00,0.0000,0.9943,-0.9943,-0.5000,0.9887
27,-0.07,73,0.00,0.0000,0.9961,-0.9961,-0.5000,0.9923
27,-0.07,74,0.00,0.0000,0.9981,-0.9981,-0.5000,0.9962
27,-0.08,75,0.00,0.0000,1.0000,-1.0000,-0.5000,1.0000
27,-0.08,76,0.00,0.0000,1.0017,-1.0017,-0.5000,1.0035
27,-0.08,77,0.00,0.0000,1.0032,-1.0032,-0.5000,1.0063
27,-0.08,78,0.00,0.0000,1.0041,-1.0041,-0.5000,1.0083
27,-0.08,79,0.00,0.0000,1.0047,-1.0047,-0.5000,1.0094
27,-0.08,80,0.00,0.0000,1.0047,-1.0047,-0.5000,1.0095
27,-0.08,81,0.00,0.0000,1.0044,-1.0044,-0.5000,1.0088
27,-0.08,82,0.00,0.0000,1.0037,-1.0037,-0.5000,1.0074
27,-0.08,83,0.00,0.0000,1.0027,-1.0027,-0.5000,1.0054
27,-0.08,84,0.00,0.0000,1.0016,-1.0016,-0.5000,1.0032
27,-0.09,85,0.00,0.0000,1.0005,-1.0005,-0.5000,1.0009
27,-0.09,86,0.00,0.0000,0.9994,-0.9994,-0.5000,0.9988
27,-0.09,87,0.00,0.0000,0.9985,-0.9985,-0.5000,0.9970
27,-0.09,88,0.00,0.0000,0.9978,-0.9978,-0.5000,0.9956
27,-0.09,89,0.00,0.0000,0.9974,-0.9974,-0.5000,0.9948
27,-0.09,90,0.00,0.0000,0.9972,-0.9972,-0.5000,0.9945
27,-0.09,91,0.00,0.0000,0.9974,-0.9974,-0.5000,0.9947
27,-0.09,92,0.00,0.0000,0.9977,-0.9977,-0.5000,0.9954
27,-0.09,93,0.00,0.0000,0.9982,-0.9982,-0.5000,0.9964
27,-0.09,94,0.00,0.0000,0.9988,-0.9988,-0.5000,0.9976
27,-0.10,95,0.00,0.0000,0.9994,-0.9994,-0.5000,0.9989
27,-0.10,96,0.00,0.0000,1.0001,-1.0001,-0.5000,1.0002
27,-0.10,97,0.00,0.0000,1.0007,-1.0007,-0.5000,1.0013
27,-0.10,98,0.00,0.0000,1.0011,-1.0011,-0.5000,1.0022
27,-0.10,99,0.00,0.0000,1.0014,-1.0014,-0.5000,1.0028
27,-0.10,100,0.00,0.0000,1.9941,-1.9941,48.7592,101.5067
28,-0.00,1,0.00,0.0000,0.9315,-0.9315,-0.4977,0.8677
28,-0.00,2,0.00,0.0000,0.8663,-0.8663,-0.4911,0.7505
28,-0.00,3,0.00,0.0000,0.8196,-0.8196,-0.4837,0.6717
28,-0.00,4,0.00,0.0000,0.7902,-0.7902,-0.4780,0.6244
28,-0.01,5,0.00,0.0000,0.7765,-0.7765,-0.4750,0.6029
28,-0.01,6,0.00,0.0000,0.7769,-0.7769,-0.4751,0.6036
28,-0.01,7,0.00,0.0000,0.7901,-0.7901,-0.4780,0.6242
28,-0.01,8,0.00,0.0000,0.8145,-0.8145,-0.4828,0.6634
28,-0.01,9,0.00,0.0000,0.8487,-0.8487,-0.4886,0.7203
28,-0.01,10,0.00,0.0000,0.8907,-0.8907,-0.4940,0.7934
28,-0.01,11,0.00,0.0000,0.9380,-0.9380,-0.4981,0.8798
28,-0.01,12,0.00,0.0000,0.9873,-0.9873,-0.4999,0.9747
28,-0.01,13,0.00,0.0000,1.0345,-1.0345,-0.4994,1.0703
28,-0.01,14,0.00,0.0000,1.0754,-1.0754,-0.4972,1.1566
28,-0.02,15,0.00,0.0000,1.1059,-1.1059,-0.4944,1.2230
28,-0.02,16,0.00,0.0000,1.1230,-1.1230,-0.4924,1.2611
28,-0.02,17,0.00,0.0000,1.1257,-1.1257,-0.4921,1.2673
28,-0.02,18,0.00,0.0000,1.1152,-1.1152,-0.4934,1.2436
28,-0.02,19,0.00,0.0000,1.0940,-1.0940,-0.4956,1.1969
28,-0.02,20,0.00,0.0000,1.0662,-1.0662,-0.4978,1.1367
28,-0.02,21,0.00,0.0000,1.0354,-1.0354,-0.4994,1.0721
28,-0.02,22,0.00,0.0000,1.0053,-1.0053,-0.5000,1.0106
28,-0.02,23,0.00,0.0000,0.9783,-0.9783,-0.4998,0.9571
28,-0.02,24,0.00,0.0000,0.9563,-0.9563,-0.4990,0.9144
28,-0.03,25,0.00,0.0000,0.9402,-0.9402,-0.4982,0.8840
28,-0.03,26,0.00,0.0000,0.9305,-0.9305,-0.4976,0.8659
28,-0.03,27,0.00,0.0000,0.9271,-0.9271,-0.4973,0.8596
28,-0.03,28,0.00,0.0000,0.9296,-0.9296,-0.4975,0.8642
28,-0.03,29,0.00,0.0000,0.9372,-0.9372,-0.4980,0.8783
28,-0.03,30,0.00,0.0000,0.9490,-0.9490,-0.4987,0.9005
28,-0.03,31,0.00,0.0000,0.9637,-0.9637,-0.4993,0.9287
28,-0.03,32,0.00,0.0000,0.9801,-0.9801,-0.4998,0.9606
28,-0.03,33,0.00,0.0000,0.9967,-0.9967,-0.5000,0.9934
28,-0.03,34,0.00,0.0000,1.0122,-1.0122,-0.4999,1.0245
28,-0.04,35,0.00,0.0000,1.0252,-1.0252,-0.4997,1.0510
28,-0.04,36,0.00,0.0000,1.0347,-1.0347,-0.4994,1.0706
28,-0.04,37,0.00,0.0000,1.0402,-1.0402,-0.4992,1.0821
28,-0.04,38,0.00,0.0000,1.0415,-1.0415,-0.4991,1.0847
28,-0.04,39,0.00,0.0000,1.0388,-1.0388,-0.4992,1.0792
28,-0.04,40,0.00,0.0000,1.0329,-1.0329,-0.4995,1.0669
28,-0.04,41,0.00,0.0000,1.0246,-1.0246,-0.4997,1.0499
28,-0.04,42,0.00,0.0000,1.0150,-1.0150,-0.4999,1.0303
28,-0.04,43,0.00,0.0000,1.0051,-1.0051,-0.5000,1.0103
28,-0.04,44,0.00,0.0000,0.9958,-0.9958,-0.5000,0.9917
28,-0.05,45,0.00,0.0000,0.9879,-0.9879,-0.4999,0.9759
28,-0.05,46,0.00,0.0000,0.9818,-0.9818,-0.4998,0.9639
28,-0.05,47,0.00,0.0000,0.9779,-0.9779,-0.4998,0.9562
28,-0.05,48,0.00,0.0000,0.9762,-0.9762,-0.4997,0.9529
28,-0.05,49,0.00,0.0000,0.9766,-0.9766,-0.4997,0.9537
28,-0.05,50,0.00,0.0000,0.9789,-0.9789,-0.4998,0.9583
28,-0.05,51,0.00,0.0000,0.9828,-0.9828,-0.4999,0.9659
28,-0.05,52,0.00,0.0000,0.9878,-0.9878,-0.4999,0.9757
28,-0.05,53,0.00,0.0000,0.9933,-0.9933,-0.5000,0.9866
28,-0.05,54,0.00,0.0000,0.9989,-0.9989,-0.5000,0.9977
28,-0.06,55,0.00,0.0000,1.0040,-1.0040,-0.5000,1.0080
28,-0.06,56,0.00,0.0000,1.0083,-1.0083,-0.5000,1.0166
28,-0.06,57,0.00,0.0000,1.0114,-1.0114,-0.4999,1.0230
28,-0.06,58,0.00,0.0000,1.0133,-1.0133,-0.4999,1.0267
28,-0.06,59,0.00,0.0000,1.0137,-1.0137,-0.4999,1.0277
28,-0.06,60,0.00,0.0000,1.0129,-1.0129,-0.4999,1.0260
28,-0.06,61,0.00,0.0000,1.0111,-1.0111,-0.4999,1.0223
28,-0.06,62,0.00,0.0000,1.0084,-1.0084,-0.5000,1.0169
28,-0.06,63,0.00,0.0000,1.0053,-1.0053,-0.5000,1.0106
28,-0.06,64,0.00,0.0000,1.0020,-1.0020,-0.5000,1.0041
28,-0.07,65,0.00,0.0000,0.9989,-0.9989,-0.5000,0.9978
28,-0.07,66,0.00,0.0000,0.9962,-0.9962,-0.5000,0.9925
28,-0.07,67,0.00,0.0000,0.9941,-0.9941,-0.5000,0.9883
28,-0.07,68,0.00,0.0000,0.9927,-0.9927,-0.5000,0.9855
28,-0.07,69,0.00,0.0000,0.9921,-0.9921,-0.5000,0.9843
28,-0.07,70,0.00,0.0000,0.9922,-0.9922,-0.5000,0.9845
28,-0.07,71,0.00,0.0000,0.9930,-0.9930,-0.5000,0.9861
28,-0.07,72,0.00,0.0000,0.9943,-0.9943,-0.5000,0.9887
28,-0.07,73,0.00,0.0000,0.9960,-0.9960,-0.5000,0.9920
28,-0.07,74,0.00,0.0000,0.9978,-0.9978,-0.5000,0.9957
28,-0.08,75,0.00,0.0000,0.9997,-0.9997,-0.5000,0.9994
28,-0.08,76,0.00,0.0000,1.0014,-1.0014,-0.5000,1.0028
28,-0.08,77,0.00,0.0000,1.0028,-1.0028,-0.5000,1.0057
28,-0.08,78,0.00,0.0000,1.0038,-1.0038,-0.5000,1.0077
28,-0.08,79,0.00,0.0000,1.0044,-1.0044,-0.5000,1.0089
28,-0.08,80,0.00,0.0000,1.0046,-1.0046,-0.5000,1.0091
28,-0.08,81,0.00,0.0000,1.0043,-1.0043,-0.5000,1.0086
28,-0.08,82,0.00,0.0000,1.0036,-1.0036,-0.5000,1.0073
28,-0.08,83,0.00,0.0000,1.0028,-1.0028,-0.5000,1.0055
28,-0.08,84,0.00,0.0000,1.0017,-1.0017,-0.5000,1.0034
28,-0.09,85,0.00,0.0000,1.0006,-1.0006,-0.5000,1.0012
28,-0.09,86,0.00,0.0000,0.9996,-0.9996,-0.5000,0.9992
28,-0.09,87,0.00,0.0000,0.9987,-0.9987,-0.5000,0.9974
28,-0.09,88,0.00,0.0000,0.9980,-0.9980,-0.5000,0.9960
28,-0.09,89,0.00,0.0000,0.9976,-0.9976,-0.5000,0.9951
28,-0.09,90,0.00,0.0000,0.9974,-0.9974,-0.5000,0.9947
28,-0.09,91,0.00,0.0000,0.9974,-0.9974,-0.5000,0.9949
28,-0.09,92,0.00,0.0000,0.9977,-0.9977,-0.5000,0.9954
28,-0.09,93,0.00,0.0000,0.9982,-0.9982,-0.5000,0.9963
28,-0.09,94,0.00,0.0000,0.9987,-0.9987,-0.5000,0.9975
28,-0.10,95,0.00,0.0000,0.9994,-0.9994,-0.5000,0.9987
28,-0.10,96,0.00,0.0000,1.0000,-1.0000,-0.5000,1.0000
28,-0.10,97,0.00,0.0000,1.0005,-1.0005,-0.5000,1.0011
28,-0.10,98,0.00,0.0000,1.0010,-1.0010,-0.5000,1.0020
28,-0.10,99,0.00,0.0000,1.0013,-1.0013,-0.5000,1.0027
28,-0.10,100,0.00,0.0000,1.9940,-1.9940,48.7515,101.4910
29,-0.00,1,0.00,0.0000,0.9090,-0.9090,-0.4959,0.8263
29,-0.00,2,0.00,0.0000,0.8471,-0.8471,-0.4883,0.7175
29,-0.00,3,0.00,0.0000,0.8038,-0.8038,-0.4807,0.6461
29,-0.00,4,0.00,0.0000,0.7776,-0.7776,-0.4753,0.6047
29,-0.01,5,0.00,0.0000,0.7670,-0.7670,-0.4729,0.5883
29,-0.01,6,0.00,0.0000,0.7702,-0.7702,-0.4736,0.5933
29,-0.01,7,0.00,0.0000,0.7859,-0.7859,-0.4771,0.6177
29,-0.01,8,0.00,0.0000,0.8127,-0.8127,-0.4825,0.6605
29,-0.01,9,0.00,0.0000,0.8490,-0.8490,-0.4886,0.7208
29,-0.01,10,0.00,0.0000,0.8929,-0.8929,-0.4943,0.7972
29,-0.01,11,0.00,0.0000,0.9417,-0.9417,-0.4983,0.8868
29,-0.01,12,0.00,0.0000,0.9922,-0.9922,-0.5000,0.9844
29,-0.01,13,0.00,0.0000,1.0401,-1.0401,-0.4992,1.0819
29,-0.01,14,0.00,0.0000,1.0812,-1.0812,-0.4967,1.1690
29,-0.02,15,0.00,0.0000,1.1113,-1.1113,-0.4938,1.2350
29,-0.02,16,0.00,0.0000,1.1276,-1.1276,-0.4919,1.2716
29,-0.02,17,0.00,0.0000,1.1293,-1.1293,-0.4916,1.2753
29,-0.02,18,0.00,0.0000,1.1175,-1.1175,-0.4931,1.2489
29,-0.02,19,0.00,0.0000,1.0953,-1.0953,-0.4955,1.1997
29,-0.02,20,0.00,0.0000,1.0665,-1.0665,-0.4978,1.1374
29,-0.02,21,0.00,0.0000,1.0350,-1.0350,-0.4994,1.0712
29,-0.02,22,0.00,0.0000,1.0043,-1.0043,-0.5000,1.0085
29,-0.02,23,0.00,0.0000,0.9769,-0.9769,-0.4997,0.9543
29,-0.02,24,0.00,0.0000,0.9546,-0.9546,-0.4990,0.9113
29,-0.03,25,0.00,0.0000,0.9384,-0.9384,-0.4981,0.8806
29,-0.03,26,0.00,0.0000,0.9286,-0.9286,-0.4975,0.8624
29,-0.03,27,0.00,0.0000,0.9252,-0.9252,-0.4972,0.8560
29,-0.03,28,0.00,0.0000,0.9277,-0.9277,-0.4974,0.8606
29,-0.03,29,0.00,0.0000,0.9353,-0.9353,-0.4979,0.8748
29,-0.03,30,0.00,0.0000,0.9471,-0.9471,-0.4986,0.8971
29,-0.03,31,0.00,0.0000,0.9620,-0.9620,-0.4993,0.9255
29,-0.03,32,0.00,0.0000,0.9786,-0.9786,-0.4998,0.9577
29,-0.03,33,0.00,0.0000,0.9955,-0.9955,-0.5000,0.9910
29,-0.03,34,0.00,0.0000,1.0113,-1.0113,-0.4999,1.0228
29,-0.04,35,0.00,0.0000,1.0247,-1.0247,-0.4997,1.0501
29,-0.04,36,0.00,0.0000,1.0348,-1.0348,-0.4994,1.0707
29,-0.04,37,0.00,0.0000,1.0407,-1.0407,-0.4992,1.0831
29,-0.04,38,0.00,0.0000,1.0424,-1.0424,-0.4991,1.0867
29,-0.04,39,0.00,0.0000,1.0402,-1.0402,-0.4992,1.0819
29,-0.04,40,0.00,0.0000,1.0345,-1.0345,-0.4994,1.0701
29,-0.04,41,0.00,0.0000,1.0263,-1.0263,-0.4997,1.0534
29,-0.04,42,0.00,0.0000,1.0167,-1.0167,-0.4999,1.0337
29,-0.04,43,0.00,0.0000,1.0067,-1.0067,-0.5000,1.0134
29,-0.04,44,0.00,0.0000,0.9972,-0.9972,-0.5000,0.9943
29,-0.05,45,0.00,0.0000,0.9889,-0.9889,-0.4999,0.9779
29,-0.05,46,0.00,0.0000,0.9824,-0.9824,-0.4998,0.9651
29,-0.05,47,0.00,0.0000,0.9780,-0.9780,-0.4998,0.9566
29,-0.05,48,0.00,0.0000,0.9759,-0.9759,-0.4997,0.9524
29,-0.05,49,0.00,0.0000,0.9760,-0.9760,-0.4997,0.9525
29,-0.05,50,0.00,0.0000,0.9780,-0.9780,-0.4998,0.9564
29,-0.05,51,0.00,0.0000,0.9816,-0.9816,-0.4998,0.9635
29,-0.05,52,0.00,0.0000,0.9864,-0.9864,-0.4999,0.9729
29,-0.05,53,0.00,0.0000,0.9919,-0.9919,-0.5000,0.9838
29,-0.05,54,0.00,0.0000,0.9975,-0.9975,-0.5000,0.9950
29,-0.06,55,0.00,0.0000,1.0028,-1.0028,-0.5000,1.0056
29,-0.06,56,0.00,0.0000,1.0074,-1.0074,-0.5000,1.0148
29,-0.06,57,0.00,0.0000,1.0108,-1.0108,-0.4999,1.0218
29,-0.06,58,0.00,0.0000,1.0130,-1.0130,-0.4999,1.0263
29,-0.06,59,0.00,0.0000,1.0139,-1.0139,-0.4999,1.0280
29,-0.06,60,0.00,0.0000,1.0134,-1.0134,-0.4999,1.0271
29,-0.06,61,0.00,0.0000,1.0119,-1.0119,-0.4999,1.0239
29,-0.06,62,0.00,0.0000,1.0094,-1.0094,-0.5000,1.0189
29,-0.06,63,0.00,0.0000,1.0064,-1.0064,-0.5000,1.0128
29,-0.06,64,0.00,0.0000,1.0031,-1.0031,-0.5000,1.0063
29,-0.07,65,0.00,0.0000,0.9999,-0.9999,-0.5000,0.9999
29,-0.07,66,0.00,0.0000,0.9971,-0.9971,-0.5000,0.9941
29,-0.07,67,0.00,0.0000,0.9947,-0.9947,-0.5000,0.9895
29,-0.07,68,0.00,0.0000,0.9931,-0.9931,-0.5000,0.9862
29,-0.07,69,0.00,0.0000,0.9922,-0.9922,-0.5000,0.9845
29,-0.07,70,0.00,0.0000,0.9921,-0.9920,-0.5000,0.9842
29,-0.07,71,0.00,0.0000,0.9926,-0.9926,-0.5000,0.9852
29,-0.07,72,0.00,0.0000,0.9937,-0.9937,-0.5000,0.9875
29,-0.07,73,0.00,0.0000,0.9953,-0.9953,-0.5000,0.9905
29,-0.07,74,0.00,0.0000,0.9970,-0.9970,-0.5000,0.9941
29,-0.08,75,0.00,0.0000,0.9989,-0.9989,-0.5000,0.9978
29,-0.08,76,0.00,0.0000,1.0007,-1.0007,-0.5000,1.0014
29,-0.08,77,0.00,0.0000,1.0023,-1.0023,-0.5000,1.0045
29,-0.08,78,0.00,0.0000,1.0034,-1.0034,-0.5000,1.0069
29,-0.08,79,0.00,0.0000,1.0042,-1.0042,-0.5000,1.0085
29,-0.08,80,0.00,0.0000,1.0046,-1.0046,-0.5000,1.0092
29,-0.08,81,0.00,0.0000,1.0045,-1.0045,-0.5000,1.0090
29,-0.08,82,0.00,0.0000,1.0040,-1.0040,-0.5000,1.0080
29,-0.08,83,0.00,0.0000,1.0032,-1.0032,-0.5000,1.0065
29,-0.08,84,0.00,0.0000,1.0023,-1.0023,-0.5000,1.0045
29,-0.09,85,0.00,0.0000,1.0012,-1.0012,-0.5000,1.0024
29,-0.09,86,0.00,0.0000,1.0001,-1.0001,-0.5000,1.0002
29,-0.09,87,0.00,0.0000,0.9991,-0.9991,-0.5000,0.9983
29,-0.09,88,0.00,0.0000,0.9983,-0.9983,-0.5000,0.9967
29,-0.09,89,0.00,0.0000,0.9978,-0.9978,-0.5000,0.9955
29,-0.09,90,0.00,0.0000,0.9974,-0.9974,-0.5000,0.9949
29,-0.09,91,0.00,0.0000,0.9974,-0.9974,-0.5000,0.9947
29,-0.09,92,0.00,0.0000,0.9975,-0.9975,-0.5000,0.9951
29,-0.09,93,0.00,0.0000,0.9979,-0.9979,-0.5000,0.9958
29,-0.09,94,0.00,0.0000,0.9984,-0.9984,-0.5000,0.9968
29,-0.10,95,0.00,0.0000,0.9990,-0.9990,-0.5000,0.9980
29,-0.10,96,0.00,0.0000,0.9996,-0.9996,-0.5000,0.9992
29,-0.10,97,0.00,0.0000,1.0002,-1.0002,-0.5000,1.0004
29,-0.10,98,0.00,0.0000,1.0007,-1.0007,-0.5000,1.0015
29,-0.10,99,0.00,0.0000,1.0011,-1.0011,-0.5000,1.0023
29,-0.10,100,0.00,0.0000,1.9938,-1.9938,48.7421,101.4717
30,-0.00,1,0.00,0.0000,0.9091,-0.9091,-0.4959,0.8265
30,-0.00,2,0.00,0.0000,0.8482,-0.8482,-0.4885,0.7194
30,-0.00,3,0.00,0.0000,0.8055,-0.8055,-0.4811,0.6489
30,-0.00,4,0.00,0.0000,0.7797,-0.7797,-0.4757,0.6079
30,-0.01,5,0.00,0.0000,0.7691,-0.7691,-0.4733,0.5915
30,-0.01,6,0.00,0.0000,0.7721,-0.7721,-0.4740,0.5961
30,-0.01,7,0.00,0.0000,0.7873,-0.7873,-0.4774,0.6198
30,-0.01,8,0.00,0.0000,0.8134,-0.8134,-0.4826,0.6616
30,-0.01,9,0.00,0.0000,0.8488,-0.8488,-0.4886,0.7204
30,-0.01,10,0.00,0.0000,0.8917,-0.8917,-0.4941,0.7951
30,-0.01,11,0.00,0.0000,0.9395,-0.9395,-0.4982,0.8827
30,-0.01,12,0.00,0.0000,0.9891,-0.9891,-0.4999,0.9783
30,-0.01,13,0.00,0.0000,1.0365,-1.0365,-0.4993,1.0742
30,-0.01,14,0.00,0.0000,1.0773,-1.0773,-0.4970,1.1607
30,-0.02,15,0.00,0.0000,1.1078,-1.1078,-0.4942,1.2272
30,-0.02,16,0.00,0.0000,1.1251,-1.1251,-0.4922,1.2658
30,-0.02,17,0.00,0.0000,1.1281,-1.1281,-0.4918,1.2726
30,-0.02,18,0.00,0.0000,1.1179,-1.1179,-0.4930,1.2497
30,-0.02,19,0.00,0.0000,1.0972,-1.0972,-0.4953,1.2039
30,-0.02,20,0.00,0.0000,1.0696,-1.0696,-0.4976,1.1441
30,-0.02,21,0.00,0.0000,1.0390,-1.0390,-0.4992,1.0795
30,-0.02,22,0.00,0.0000,1.0087,-1.0087,-0.5000,1.0174
30,-0.02,23,0.00,0.0000,0.9813,-0.9813,-0.4998,0.9629
30,-0.02,24,0.00,0.0000,0.9586,-0.9586,-0.4991,0.9190
30,-0.03,25,0.00,0.0000,0.9418,-0.9418,-0.4983,0.8869
30,-0.03,26,0.00,0.0000,0.9311,-0.9311,-0.4976,0.8670
30,-0.03,27,0.00,0.0000,0.9267,-0.9267,-0.4973,0.8587
30,-0.03,28,0.00,0.0000,0.9280,-0.9280,-0.4974,0.8612
30,-0.03,29,0.00,0.0000,0.9346,-0.9346,-0.4979,0.8734
30,-0.03,30,0.00,0.0000,0.9454,-0.9454,-0.4985,0.8938
30,-0.03,31,0.00,0.0000,0.9594,-0.9594,-0.4992,0.9204
30,-0.03,32,0.00,0.0000,0.9753,-0.9753,-0.4997,0.9513
30,-0.03,33,0.00,0.0000,0.9919,-0.9919,-0.5000,0.9838
30,-0.03,34,0.00,0.0000,1.0076,-1.0076,-0.5000,1.0153
30,-0.04,35,0.00,0.0000,1.0213,-1.0213,-0.4998,1.0431
30,-0.04,36,0.00,0.0000,1.0320,-1.0320,-0.4995,1.0649
30,-0.04,37,0.00,0.0000,1.0388,-1.0388,-0.4992,1.0790
30,-0.04,38,0.00,0.0000,1.0415,-1.0415,-0.4991,1.0847
30,-0.04,39,0.00,0.0000,1.0403,-1.0403,-0.4992,1.0822
30,-0.04,40,0.00,0.0000,1.0356,-1.0356,-0.4994,1.0724
30,-0.04,41,0.00,0.0000,1.0283,-1.0283,-0.4996,1.0573
30,-0.04,42,0.00,0.0000,1.0192,-1.0192,-0.4998,1.0389
30,-0.04,43,0.00,0.0000,1.0095,-1.0095,-0.5000,1.0192
30,-0.04,44,0.00,0.0000,1.0001,-1.0001,-0.5000,1.0001
30,-0.05,45,0.00,0.0000,0.9916,-0.9916,-0.5000,0.9832
30,-0.05,46,0.00,0.0000,0.9847,-0.9847,-0.4999,0.9696
30,-0.05,47,0.00,0.0000,0.9798,-0.9798,-0.4998,0.9599
30,-0.05,48,0.00,0.0000,0.9770,-0.9770,-0.4997,0.9545
30,-0.05,49,0.00,0.0000,0.9763,-0.9763,-0.4997,0.9532
30,-0.05,50,0.00,0.0000,0.9776,-0.9776,-0.4997,0.9558
30,-0.05,51,0.00,0.0000,0.9806,-0.9806,-0.4998,0.9616
30,-0.05,52,0.00,0.0000,0.9849,-0.9849,-0.4999,0.9700
30,-0.05,53,0.00,0.0000,0.9900,-0.9900,-0.4999,0.9801
30,-0.05,54,0.00,0.0000,0.9955,-0.9955,-0.5000,0.9909
30,-0.06,55,0.00,0.0000,1.0008,-1.0008,-0.5000,1.0015
30,-0.06,56,0.00,0.0000,1.0055,-1.0055,-0.5000,1.0110
30,-0.06,57,0.00,0.0000,1.0093,-1.0093,-0.5000,1.0187
30,-0.06,58,0.00,0.0000,1.0119,-1.0119,-0.4999,1.0240
30,-0.06,59,0.00,0.0000,1.0133,-1.0133,-0.4999,1.0268
30,-0.06,60,0.00,0.0000,1.0134,-1.0134,-0.4999,1.0269
30,-0.06,61,0.00,0.0000,1.0123,-1.0123,-0.4999,1.0248
30,-0.06,62,0.00,0.0000,1.0103,-1.0103,-0.4999,1.0207
30,-0.06,63,0.00,0.0000,1.0076,-1.0076,-0.5000,1.0152
30,-0.06,64,0.00,0.0000,1.0045,-1.0045,-0.5000,1.0090
30,-0.07,65,0.00,0.0000,1.0014,-1.0014,-0.5000,1.0027
30,-0.07,66,0.00,0.0000,0.9984,-0.9984,-0.5000,0.9969
30,-0.07,67,0.00,0.0000,0.9959,-0.9959,-0.5000,0.9919
30,-0.07,68,0.00,0.0000,0.9940,-0.9940,-0.5000,0.9881
30,-0.07,69,0.00,0.0000,0.9928,-0.9928,-0.5000,0.9856
30,-0.07,70,0.00,0.0000,0.9923,-0.9923,-0.5000,0.9847
30,-0.07,71,0.00,0.0000,0.9925,-0.9925,-0.5000,0.9851
30,-0.07,72,0.00,0.0000,0.9933,-0.9933,-0.5000,0.9866
30,-0.07,73,0.00,0.0000,0.9946,-0.9946,-0.5000,0.9892
30,-0.07,74,0.00,0.0000,0.9962,-0.9962,-0.5000,0.9924
30,-0.08,75,0.00,0.0000,0.9980,-0.9980,-0.5000,0.9960
30,-0.08,76,0.00,0.0000,0.9998,-0.9998,-0.5000,0.9995
30,-0.08,77,0.00,0.0000,1.0014,-1.0014,-0.5000,1.0027
30,-0.08,78,0.00,0.0000,1.0027,-1.0027,-0.5000,1.0054
30,-0.08,79,0.00,0.0000,1.0037,-1.0037,-0.5000,1.0074
30,-0.08,80,0.00,0.0000,1.0043,-1.0043,-0.5000,1.0085
30,-0.08,81,0.00,0.0000,1.0044,-1.0044,-0.5000,1.0088
30,-0.08,82,0.00,0.0000,1.0042,-1.0042,-0.5000,1.0083
30,-0.08,83,0.00,0.0000,1.0036,-1.0036,-0.5000,1.0072
30,-0.08,84,0.00,0.0000,1.0028,-1.0028,-0.5000,1.0055
30,-0.09,85,0.00,0.0000,1.0018,-1.0018,-0.5000,1.0035
30,-0.09,86,0.00,0.0000,1.0007,-1.0007,-0.5000,1.0015
30,-0.09,87,0.00,0.0000,0.9997,-0.9997,-0.5000,0.9995
30,-0.09,88,0.00,0.0000,0.9989,-0.9989,-0.5000,0.9978
30,-0.09,89,0.00,0.0000,0.9982,-0.9982,-0.5000,0.9964
30,-0.09,90,0.00,0.0000,0.9977,-0.9977,-0.5000,0.9954
30,-0.09,91,0.00,0.0000,0.9975,-0.9975,-0.5000,0.9950
30,-0.09,92,0.00,0.0000,0.9975,-0.9975,-0.5000,0.9950
30,-0.09,93,0.00,0.0000,0.9977,-0.9977,-0.5000,0.9955
30,-0.09,94,0.00,0.0000,0.9981,-0.9981,-0.5000,0.9962
30,-0.10,95,0.00,0.0000,0.9986,-0.9986,-0.5000,0.9973
30,-0.10,96,0.00,0.0000,0.9992,-0.9992,-0.5000,0.9984
30,-0.10,97,0.00,0.0000,0.9998,-0.9998,-0.5000,0.9996
30,-0.10,98,0.00,0.0000,1.0004,-1.0004,-0.5000,1.0007
30,-0.10,99,0.00,0.0000,1.0008,-1.0008,-0.5000,1.0016
30,-0.10,100,0.00,0.0000,1.9933,-1.9933,48.7188,101.4242
31,-0.00,1,0.00,0.0000,0.9415,-0.9415,-0.4983,0.8864
31,-0.00,2,0.00,0.0000,0.8770,-0.8770,-0.4924,0.7691
31,-0.00,3,0.00,0.0000,0.8301,-0.8301,-0.4856,0.6890
31,-0.00,4,0.00,0.0000,0.7998,-0.7998,-0.4800,0.6397
31,-0.01,5,0.00,0.0000,0.7848,-0.7848,-0.4768,0.6159
31,-0.01,6,0.00,0.0000,0.7835,-0.7835,-0.4766,0.6139
31,-0.01,7,0.00,0.0000,0.7947,-0.7947,-0.4789,0.6315
31,-0.01,8,0.00,0.0000,0.8168,-0.8168,-0.4832,0.6672
31,-0.01,9,0.00,0.0000,0.8485,-0.8485,-0.4885,0.7199
31,-0.01,10,0.00,0.0000,0.8879,-0.8879,-0.4937,0.7883
31,-0.01,11,0.00,0.0000,0.9326,-0.9326,-0.4977,0.8697
31,-0.01,12,0.00,0.0000,0.9796,-0.9796,-0.4998,0.9597
31,-0.01,13,0.00,0.0000,1.0254,-1.0254,-0.4997,1.0514
31,-0.01,14,0.00,0.0000,1.0657,-1.0657,-0.4978,1.1358
31,-0.02,15,0.00,0.0000,1.0969,-1.0969,-0.4953,1.2032
31,-0.02,16,0.00,0.0000,1.1159,-1.1159,-0.4933,1.2453
31,-0.02,17,0.00,0.0000,1.1215,-1.1215,-0.4926,1.2578
31,-0.02,18,0.00,0.0000,1.1143,-1.1143,-0.4935,1.2416
31,-0.02,19,0.00,0.0000,1.0964,-1.0964,-0.4954,1.2022
31,-0.02,20,0.00,0.0000,1.0713,-1.0713,-0.4975,1.1477
31,-0.02,21,0.00,0.0000,1.0426,-1.0426,-0.4991,1.0869
31,-0.02,22,0.00,0.0000,1.0135,-1.0135,-0.4999,1.0272
31,-0.02,23,0.00,0.0000,0.9867,-0.9867,-0.4999,0.9737
31,-0.02,24,0.00,0.0000,0.9642,-0.9642,-0.4994,0.9298
31,-0.03,25,0.00,0.0000,0.9471,-0.9471,-0.4986,0.8971
31,-0.03,26,0.00,0.0000,0.9360,-0.9360,-0.4979,0.8760
31,-0.03,27,0.00,0.0000,0.9308,-0.9308,-0.4976,0.8663
31,-0.03,28,0.00,0.0000,0.9313,-0.9313,-0.4976,0.8673
31,-0.03,29,0.00,0.0000,0.9369,-0.9369,-0.4980,0.8778
31,-0.03,30,0.00,0.0000,0.9468,-0.9468,-0.4986,0.8964
31,-0.03,31,0.00,0.0000,0.9598,-0.9598,-0.4992,0.9213
31,-0.03,32,0.00,0.0000,0.9749,-0.9749,-0.4997,0.9505
31,-0.03,33,0.00,0.0000,0.9907,-0.9907,-0.5000,0.9816
31,-0.03,34,0.00,0.0000,1.0059,-1.0059,-0.5000,1.0119
31,-0.04,35,0.00,0.0000,1.0193,-1.0193,-0.4998,1.0389
31,-0.04,36,0.00,0.0000,1.0297,-1.0297,-0.4996,1.0603
31,-0.04,37,0.00,0.0000,1.0365,-1.0365,-0.4993,1.0744
31,-0.04,38,0.00,0.0000,1.0394,-1.0394,-0.4992,1.0804
31,-0.04,39,0.00,0.0000,1.0385,-1.0385,-0.4993,1.0785
31,-0.04,40,0.00,0.0000,1.0342,-1.0342,-0.4994,1.0696
31,-0.04,41,0.00,0.0000,1.0274,-1.0274,-0.4996,1.0555
31,-0.04,42,0.00,0.0000,1.0188,-1.0188,-0.4998,1.0379
31,-0.04,43,0.00,0.0000,1.0095,-1.0095,-0.5000,1.0191
31,-0.04,44,0.00,0.0000,1.0004,-1.0004,-0.5000,1.0008
31,-0.05,45,0.00,0.0000,0.9922,-0.9922,-0.5000,0.9845
31,-0.05,46,0.00,0.0000,0.9856,-0.9856,-0.4999,0.9713
31,-0.05,47,0.00,0.0000,0.9808,-0.9808,-0.4998,0.9619
31,-0.05,48,0.00,0.0000,0.9781,-0.9781,-0.4998,0.9566
31,-0.05,49,0.00,0.0000,0.9774,-0.9774,-0.4997,0.9553
31,-0.05,50,0.00,0.0000,0.9786,-0.9786,-0.4998,0.9577
31,-0.05,51,0.00,0.0000,0.9815,-0.9815,-0.4998,0.9634
31,-0.05,52,0.00,0.0000,0.9856,-0.9856,-0.4999,0.9715
31,-0.05,53,0.00,0.0000,0.9906,-0.9906,-0.5000,0.9812
31,-0.05,54,0.00,0.0000,0.9958,-0.9958,-0.5000,0.9916
31,-0.06,55,0.00,0.0000,1.0009,-1.0009,-0.5000,1.0018
31,-0.06,56,0.00,0.0000,1.0054,-1.0054,-0.5000,1.0109
31,-0.06,57,0.00,0.0000,1.0090,-1.0090,-0.5000,1.0182
31,-0.06,58,0.00,0.0000,1.0115,-1.0115,-0.4999,1.0232
31,-0.06,59,0.00,0.0000,1.0128,-1.0128,-0.4999,1.0257
31,-0.06,60,0.00,0.0000,1.0128,-1.0128,-0.4999,1.0257
31,-0.06,61,0.00,0.0000,1.0117,-1.0117,-0.4999,1.0235
31,-0.06,62,0.00,0.0000,1.0097,-1.0097,-0.5000,1.0195
31,-0.06,63,0.00,0.0000,1.0070,-1.0070,-0.5000,1.0141
31,-0.06,64,0.00,0.0000,1.0041,-1.0041,-0.5000,1.0081
31,-0.07,65,0.00,0.0000,1.0010,-1.0010,-0.5000,1.0021
31,-0.07,66,0.00,0.0000,0.9982,-0.9982,-0.5000,0.9965
31,-0.07,67,0.00,0.0000,0.9959,-0.9959,-0.5000,0.9917
31,-0.07,68,0.00,0.0000,0.9941,-0.9941,-0.5000,0.9882
31,-0.07,69,0.00,0.0000,0.9930,-0.9930,-0.5000,0.9860
31,-0.07,70,0.00,0.0000,0.9926,-0.9926,-0.5000,0.9852
31,-0.07,71,0.00,0.0000,0.9929,-0.9929,-0.5000,0.9858
31,-0.07,72,0.00,0.0000,0.9937,-0.9937,-0.5000,0.9875
31,-0.07,73,0.00,0.0000,0.9950,-0.9950,-0.5000,0.9900
31,-0.07,74,0.00,0.0000,0.9966,-0.9966,-0.5000,0.9932
31,-0.08,75,0.00,0.0000,0.9983,-0.9983,-0.5000,0.9966
31,-0.08,76,0.00,0.0000,1.0000,-1.0000,-0.5000,1.0000
31,-0.08,77,0.00,0.0000,1.0016,-1.0016,-0.5000,1.0031
31,-0.08,78,0.00,0.0000,1.0028,-1.0028,-0.5000,1.0056
31,-0.08,79,0.00,0.0000,1.0037,-1.0037,-0.5000,1.0074
31,-0.08,80,0.00,0.0000,1.0042,-1.0042,-0.5000,1.0083
31,-0.08,81,0.00,0.0000,1.0042,-1.0042,-0.5000,1.0085
31,-0.08,82,0.00,0.0000,1.0039,-1.0039,-0.5000,1.0079
31,-0.08,83,0.00,0.0000,1.0033,-1.0033,-0.5000,1.0066
31,-0.08,84,0.00,0.0000,1.0025,-1.0025,-0.5000,1.0049
31,-0.09,85,0.00,0.0000,1.0015,-1.0015,-0.5000,1.0030
31,-0.09,86,0.00,0.0000,1.0005,-1.0005,-0.5000,1.0010
31,-0.09,87,0.00,0.0000,0.9995,-0.9995,-0.5000,0.9991
31,-0.09,88,0.00,0.0000,0.9987,-0.9987,-0.5000,0.9975
31,-0.09,89,0.00,0.0000,0.9981,-0.9981,-0.5000,0.9962
31,-0.09,90,0.00,0.0000,0.9977,-0.9977,-0.5000,0.9954
31,-0.09,91,0.00,0.0000,0.9976,-0.9976,-0.5000,0.9951
31,-0.09,92,0.00,0.0000,0.9976,-0.9976,-0.5000,0.9953
31,-0.09,93,0.00,0.0000,0.9979,-0.9979,-0.5000,0.9958
31,-0.09,94,0.00,0.0000,0.9983,-0.9983,-0.5000,0.9966
31,-0.10,95,0.00,0.0000,0.9988,-0.9988,-0.5000,0.9977
31,-0.10,96,0.00,0.0000,0.9994,-0.9994,-0.5000,0.9988
31,-0.10,97,0.00,0.0000,1.0000,-1.0000,-0.5000,1.0000
31,-0.10,98,0.00,0.0000,1.0005,-1.0005,-0.5000,1.0010
31,-0.10,99,0.00,0.0000,1.0009,-1.0009,-0.5000,1.0018
31,-0.10,100,0.00,0.0000,1.9934,-1.9934,48.7230,101.4329
32,-0.00,1,0.00,0.0000,0.9193,-0.9193,-0.4967,0.8451
32,-0.00,2,0.00,0.0000,0.8573,-0.8573,-0.4898,0.7349
32,-0.00,3,0.00,0.0000,0.8133,-0.8133,-0.4826,0.6614
32,-0.00,4,0.00,0.0000,0.7861,-0.7861,-0.4771,0.6179
32,-0.01,5,0.00,0.0000,0.7741,-0.7741,-0.4745,0.5992
32,-0.01,6,0.00,0.0000,0.7757,-0.7757,-0.4748,0.6017
32,-0.01,7,0.00,0.0000,0.7896,-0.7896,-0.4779,0.6235
32,-0.01,8,0.00,0.0000,0.8144,-0.8144,-0.4828,0.6632
32,-0.01,9,0.00,0.0000,0.8485,-0.8485,-0.4885,0.7200
32,-0.01,10,0.00,0.0000,0.8902,-0.8902,-0.4940,0.7925
32,-0.01,11,0.00,0.0000,0.9370,-0.9370,-0.4980,0.8779
32,-0.01,12,0.00,0.0000,0.9857,-0.9857,-0.4999,0.9716
32,-0.01,13,0.00,0.0000,1.0325,-1.0325,-0.4995,1.0660
32,-0.01,14,0.00,0.0000,1.0732,-1.0732,-0.4973,1.1518
32,-0.02,15,0.00,0.0000,1.1040,-1.1040,-0.4946,1.2188
32,-0.02,16,0.00,0.0000,1.1219,-1.1219,-0.4926,1.2588
32,-0.02,17,0.00,0.0000,1.1259,-1.1259,-0.4921,1.2678
32,-0.02,18,0.00,0.0000,1.1169,-1.1169,-0.4932,1.2474
32,-0.02,19,0.00,0.0000,1.0972,-1.0972,-0.4953,1.2039
32,-0.02,20,0.00,0.0000,1.0705,-1.0705,-0.4975,1.1460
32,-0.02,21,0.00,0.0000,1.0406,-1.0406,-0.4992,1.0828
32,-0.02,22,0.00,0.0000,1.0107,-1.0107,-0.4999,1.0214
32,-0.02,23,0.00,0.0000,0.9835,-0.9835,-0.4999,0.9672
32,-0.02,24,0.00,0.0000,0.9608,-0.9608,-0.4992,0.9232
32,-0.03,25,0.00,0.0000,0.9438,-0.9438,-0.4984,0.8908
32,-0.03,26,0.00,0.0000,0.9329,-0.9329,-0.4977,0.8703
32,-0.03,27,0.00,0.0000,0.9281,-0.9281,-0.4974,0.8614
32,-0.03,28,0.00,0.0000,0.9291,-0.9291,-0.4975,0.8632
32,-0.03,29,0.00,0.0000,0.9352,-0.9352,-0.4979,0.8746
32,-0.03,30,0.00,0.0000,0.9456,-0.9456,-0.4985,0.8942
32,-0.03,31,0.00,0.0000,0.9592,-0.9592,-0.4992,0.9201
32,-0.03,32,0.00,0.0000,0.9748,-0.9748,-0.4997,0.9503
32,-0.03,33,0.00,0.0000,0.9911,-0.9911,-0.5000,0.9823
32,-0.03,34,0.00,0.0000,1.0067,-1.0067,-0.5000,1.0134
32,-0.04,35,0.00,0.0000,1.0203,-1.0203,-0.4998,1.0410
32,-0.04,36,0.00,0.0000,1.0309,-1.0309,-0.4995,1.0628
32,-0.04,37,0.00,0.0000,1.0378,-1.0378,-0.4993,1.0771
32,-0.04,38,0.00,0.0000,1.0407,-1.0407,-0.4992,1.0831
32,-0.04,39,0.00,0.0000,1.0397,-1.0397,-0.4992,1.0810
32,-0.04,40,0.00,0.0000,1.0353,-1.0353,-0.4994,1.0718
32,-0.04,41,0.00,0.0000,1.0282,-1.0282,-0.4996,1.0571
32,-0.04,42,0.00,0.0000,1.0194,-1.0194,-0.4998,1.0391
32,-0.04,43,0.00,0.0000,1.0098,-1.0098,-0.5000,1.0198
32,-0.04,44,0.00,0.0000,1.0005,-1.0005,-0.5000,1.0010
32,-0.05,45,0.00,0.0000,0.9921,-0.9921,-0.5000,0.9842
32,-0.05,46,0.00,0.0000,0.9852,-0.9852,-0.4999,0.9707
32,-0.05,47,0.00,0.0000,0.9803,-0.9803,-0.4998,0.9610
32,-0.05,48,0.00,0.0000,0.9774,-0.9774,-0.4997,0.9554
32,-0.05,49,0.00,0.0000,0.9767,-0.9767,-0.4997,0.9540
32,-0.05,50,0.00,0.0000,0.9779,-0.9779,-0.4998,0.9563
32,-0.05,51,0.00,0.0000,0.9808,-0.9808,-0.4998,0.9620
32,-0.05,52,0.00,0.0000,0.9850,-0.9850,-0.4999,0.9702
32,-0.05,53,0.00,0.0000,0.9900,-0.9900,-0.4999,0.9801
32,-0.05,54,0.00,0.0000,0.9953,-0.9953,-0.5000,0.9907
32,-0.06,55,0.00,0.0000,1.0006,-1.0006,-0.5000,1.0011
32,-0.06,56,0.00,0.0000,1.0052,-1.0052,-0.5000,1.0105
32,-0.06,57,0.00,0.0000,1.0090,-1.0090,-0.5000,1.0181
32,-0.06,58,0.00,0.0000,1.0117,-1.0117,-0.4999,1.0235
32,-0.06,59,0.00,0.0000,1.0131,-1.0131,-0.4999,1.0263
32,-0.06,60,0.00,0.0000,1.0132,-1.0132,-0.4999,1.0265
32,-0.06,61,0.00,0.0000,1.0121,-1.0121,-0.4999,1.0244
32,-0.06,62,0.00,0.0000,1.0102,-1.0102,-0.4999,1.0205
32,-0.06,63,0.00,0.0000,1.0075,-1.0075,-0.5000,1.0151
32,-0.06,64,0.00,0.0000,1.0045,-1.0045,-0.5000,1.0091
32,-0.07,65,0.00,0.0000,1.0014,-1.0014,-0.5000,1.0029
32,-0.07,66,0.00,0.0000,0.9985,-0.9985,-0.5000,0.9971
32,-0.07,67,0.00,0.0000,0.9960,-0.9960,-0.5000,0.9921
32,-0.07,68,0.00,0.0000,0.9941,-0.9941,-0.5000,0.9883
32,-0.07,69,0.00,0.0000,0.9929,-0.9929,-0.5000,0.9859
32,-0.07,70,0.00,0.0000,0.9924,-0.9924,-0.5000,0.9849
32,-0.07,71,0.00,0.0000,0.9926,-0.9926,-0.5000,0.9853
32,-0.07,72,0.00,0.0000,0.9934,-0.9934,-0.5000,0.9868
32,-0.07,73,0.00,0.0000,0.9947,-0.9947,-0.5000,0.9893
32,-0.07,74,0.00,0.0000,0.9962,-0.9962,-0.5000,0.9925
32,-0.08,75,0.00,0.0000,0.9980,-0.9980,-0.5000,0.9960
32,-0.08,76,0.00,0.0000,0.9997,-0.9997,-0.5000,0.9995
32,-0.08,77,0.00,0.0000,1.0013,-1.0013,-0.5000,1.0027
32,-0.08,78,0.00,0.0000,1.0027,-1.0027,-0.5000,1.0053
32,-0.08,79,0.00,0.0000,1.0036,-1.0036,-0.5000,1.0073
32,-0.08,80,0.00,0.0000,1.0042,-1.0042,-0.5000,1.0084
32,-0.08,81,0.00,0.0000,1.0043,-1.0043,-0.5000,1.0087
32,-0.08,82,0.00,0.0000,1.0041,-1.0041,-0.5000,1.0082
32,-0.08,83,0.00,0.0000,1.0035,-1.0035,-0.5000,1.0071
32,-0.08,84,0.00,0.0000,1.0027,-1.0027,-0.5000,1.0054
32,-0.09,85,0.00,0.0000,1.0018,-1.0018,-0.5000,1.0035
32,-0.09,86,0.00,0.0000,1.0007,-1.0007,-0.5000,1.0015
32,-0.09,87,0.00,0.0000,0.9998,-0.9998,-0.5000,0.9995
32,-0.09,88,0.00,0.0000,0.9989,-0.9989,-0.5000,0.9978
32,-0.09,89,0.00,0.0000,0.9982,-0.9982,-0.5000,0.9964
32,-0.09,90,0.00,0.0000,0.9978,-0.9978,-0.5000,0.9955
32,-0.09,91,0.00,0.0000,0.9975,-0.9975,-0.5000,0.9951
32,-0.09,92,0.00,0.0000,0.9975,-0.9975,-0.5000,0.9951
32,-0.09,93,0.00,0.0000,0.9978,-0.9978,-0.5000,0.9955
32,-0.09,94,0.00,0.0000,0.9982,-0.9982,-0.5000,0.9963
32,-0.10,95,0.00,0.0000,0.9987,-0.9987,-0.5000,0.9973
32,-0.10,96,0.00,0.0000,0.9992,-0.9992,-0.5000,0.9985
32,-0.10,97,0.00,0.0000,0.9998,-0.9998,-0.5000,0.9996
32,-0.10,98,0.00,0.0000,1.0004,-1.0004,-0.5000,1.0007
32,-0.10,99,0.00,0.0000,1.0008,-1.0008,-0.5000,1.0016
32,-0.10,100,0.00,0.0000,1.9933,-1.9933,48.7173,101.4211
33,-0.00,1,0.00,0.0000,0.9236,-0.9236,-0.4971,0.8530
33,-0.00,2,0.00,0.0000,0.8616,-0.8616,-0.4904,0.7423
33,-0.00,3,0.00,0.0000,0.8173,-0.8173,-0.4833,0.6680
33,-0.00,4,0.00,0.0000,0.7897,-0.7897,-0.4779,0.6236
33,-0.01,5,0.00,0.0000,0.7771,-0.7771,-0.4752,0.6039
33,-0.01,6,0.00,0.0000,0.7781,-0.7781,-0.4754,0.6054
33,-0.01,7,0.00,0.0000,0.7912,-0.7912,-0.4782,0.6260
33,-0.01,8,0.00,0.0000,0.8152,-0.8152,-0.4829,0.6645
33,-0.01,9,0.00,0.0000,0.8484,-0.8484,-0.4885,0.7199
33,-0.01,10,0.00,0.0000,0.8892,-0.8892,-0.4939,0.7907
33,-0.01,11,0.00,0.0000,0.9351,-0.9351,-0.4979,0.8744
33,-0.01,12,0.00,0.0000,0.9831,-0.9831,-0.4999,0.9664
33,-0.01,13,0.00,0.0000,1.0294,-1.0294,-0.4996,1.0596
33,-0.01,14,0.00,0.0000,1.0699,-1.0699,-0.4976,1.1447
33,-0.02,15,0.00,0.0000,1.1009,-1.1009,-0.4949,1.2120
33,-0.02,16,0.00,0.0000,1.1195,-1.1195,-0.4929,1.2532
33,-0.02,17,0.00,0.0000,1.1244,-1.1244,-0.4923,1.2643
33,-0.02,18,0.00,0.0000,1.1164,-1.1164,-0.4932,1.2463
33,-0.02,19,0.00,0.0000,1.0978,-1.0978,-0.4952,1.2052
33,-0.02,20,0.00,0.0000,1.0720,-1.0720,-0.4974,1.1493
33,-0.02,21,0.00,0.0000,1.0427,-1.0427,-0.4991,1.0873
33,-0.02,22,0.00,0.0000,1.0132,-1.0132,-0.4999,1.0266
33,-0.02,23,0.00,0.0000,0.9862,-0.9862,-0.4999,0.9725
33,-0.02,24,0.00,0.0000,0.9634,-0.9634,-0.4993,0.9282
33,-0.03,25,0.00,0.0000,0.9461,-0.9461,-0.4985,0.8951
33,-0.03,26,0.00,0.0000,0.9348,-0.9348,-0.4979,0.8738
33,-0.03,27,0.00,0.0000,0.9294,-0.9294,-0.4975,0.8638
33,-0.03,28,0.00,0.0000,0.9298,-0.9298,-0.4975,0.8646
33,-0.03,29,0.00,0.0000,0.9353,-0.9353,-0.4979,0.8748
33,-0.03,30,0.00,0.0000,0.9451,-0.9451,-0.4985,0.8933
33,-0.03,31,0.00,0.0000,0.9582,-0.9582,-0.4991,0.9182
33,-0.03,32,0.00,0.0000,0.9734,-0.9734,-0.4996,0.9475
33,-0.03,33,0.00,0.0000,0.9893,-0.9893,-0.4999,0.9788
33,-0.03,34,0.00,0.0000,1.0048,-1.0048,-0.5000,1.0096
33,-0.04,35,0.00,0.0000,1.0184,-1.0184,-0.4998,1.0372
33,-0.04,36,0.00,0.0000,1.0293,-1.0293,-0.4996,1.0594
33,-0.04,37,0.00,0.0000,1.0365,-1.0365,-0.4993,1.0744
33,-0.04,38,0.00,0.0000,1.0399,-1.0399,-0.4992,1.0814
33,-0.04,39,0.00,0.0000,1.0394,-1.0394,-0.4992,1.0803
33,-0.04,40,0.00,0.0000,1.0355,-1.0355,-0.4994,1.0722
33,-0.04,41,0.00,0.0000,1.0288,-1.0288,-0.4996,1.0585
33,-0.04,42,0.00,0.0000,1.0204,-1.0204,-0.4998,1.0412
33,-0.04,43,0.00,0.0000,1.0111,-1.0111,-0.4999,1.0223
33,-0.04,44,0.00,0.0000,1.0018,-1.0018,-0.5000,1.0037
33,-0.05,45,0.00,0.0000,0.9934,-0.9934,-0.5000,0.9869
33,-0.05,46,0.00,0.0000,0.9865,-0.9865,-0.4999,0.9731
33,-0.05,47,0.00,0.0000,0.9813,-0.9813,-0.4998,0.9629
33,-0.05,48,0.00,0.0000,0.9782,-0.9782,-0.4998,0.9568
33,-0.05,49,0.00,0.0000,0.9771,-0.9771,-0.4997,0.9548
33,-0.05,50,0.00,0.0000,0.9780,-0.9780,-0.4998,0.9565
33,-0.05,51,0.00,0.0000,0.9806,-0.9806,-0.4998,0.9616
33,-0.05,52,0.00,0.0000,0.9845,-0.9845,-0.4999,0.9692
33,-0.05,53,0.00,0.0000,0.9893,-0.9893,-0.4999,0.9787
33,-0.05,54,0.00,0.0000,0.9945,-0.9945,-0.5000,0.9890
33,-0.06,55,0.00,0.0000,0.9996,-0.9996,-0.5000,0.9993
33,-0.06,56,0.00,0.0000,1.0044,-1.0044,-0.5000,1.0087
33,-0.06,57,0.00,0.0000,1.0082,-1.0082,-0.5000,1.0165
33,-0.06,58,0.00,0.0000,1.0110,-1.0110,-0.4999,1.0222
33,-0.06,59,0.00,0.0000,1.0126,-1.0126,-0.4999,1.0254
33,-0.06,60,0.00,0.0000,1.0130,-1.0130,-0.4999,1.0261
33,-0.06,61,0.00,0.0000,1.0122,-1.0122,-0.4999,1.0245
33,-0.06,62,0.00,0.0000,1.0104,-1.0104,-0.4999,1.0210
33,-0.06,63,0.00,0.0000,1.0080,-1.0080,-0.5000,1.0160
33,-0.06,64,0.00,0.0000,1.0051,-1.0051,-0.5000,1.0102
33,-0.07,65,0.00,0.0000,1.0020,-1.0020,-0.5000,1.0041
33,-0.07,66,0.00,0.0000,0.9991,-0.9991,-0.5000,0.9983
33,-0.07,67,0.00,0.0000,0.9966,-0.9966,-0.5000,0.9933
33,-0.07,68,0.00,0.0000,0.9946,-0.9946,-0.5000,0.9893
33,-0.07,69,0.00,0.0000,0.9933,-0.9933,-0.5000,0.9866
33,-0.07,70,0.00,0.0000,0.9926,-0.9926,-0.5000,0.9853
33,-0.07,71,0.00,0.0000,0.9927,-0.9927,-0.5000,0.9854
33,-0.07,72,0.00,0.0000,0.9933,-0.9933,-0.5000,0.9867
33,-0.07,73,0.00,0.0000,0.9944,-0.9944,-0.5000,0.9889
33,-0.07,74,0.00,0.0000,0.9959,-0.9959,-0.5000,0.9919
33,-0.08,75,0.00,0.0000,0.9976,-0.9976,-0.5000,0.9952
33,-0.08,76,0.00,0.0000,0.9993,-0.9993,-0.5000,0.9987
33,-0.08,77,0.00,0.0000,1.0009,-1.0009,-0.5000,1.0019
33,-0.08,78,0.00,0.0000,1.0023,-1.0023,-0.5000,1.0046
33,-0.08,79,0.00,0.0000,1.0033,-1.0033,-0.5000,1.0067
33,-0.08,80,0.00,0.0000,1.0040,-1.0040,-0.5000,1.0080
33,-0.08,81,0.00,0.0000,1.0042,-1.0042,-0.5000,1.0085
33,-0.08,82,0.00,0.0000,1.0041,-1.0041,-0.5000,1.0082
33,-0.08,83,0.00,0.0000,1.0036,-1.0036,-0.5000,1.0073
33,-0.08,84,0.00,0.0000,1.0029,-1.0029,-0.5000,1.0058
33,-0.09,85,0.00,0.0000,1.0020,-1.0020,-0.5000,1.0040
33,-0.09,86,0.00,0.0000,1.0010,-1.0010,-0.5000,1.0020
33,-0.09,87,0.00,0.0000,1.0000,-1.0000,-0.5000,1.0000
33,-0.09,88,0.00,0.0000,0.9991,-0.9991,-0.5000,0.9983
33,-0.09,89,0.00,0.0000,0.9984,-0.9984,-0.5000,0.9969
33,-0.09,90,0.00,0.0000,0.9979,-0.9979,-0.5000,0.9958
33,-0.09,91,0.00,0.0000,0.9976,-0.9976,-0.5000,0.9953
33,-0.09,92,0.00,0.0000,0.9976,-0.9976,-0.5000,0.9952
33,-0.09,93,0.00,0.0000,0.9977,-0.9977,-0.5000,0.9955
33,-0.09,94,0.00,0.0000,0.9981,-0.9981,-0.5000,0.9961
33,-0.10,95,0.00,0.0000,0.9985,-0.9985,-0.5000,0.9971
33,-0.10,96,0.00,0.0000,0.9991,-0.9991,-0.5000,0.9982
33,-0.10,97,0.00,0.0000,0.9996,-0.9996,-0.5000,0.9993
33,-0.10,98,0.00,0.0000,1.0002,-1.0002,-0.5000,1.0004
33,-0.10,99,0.00,0.0000,1.0007,-1.0007,-0.5000,1.0013
33,-0.10,100,0.00,0.0000,1.9930,-1.9930,48.7052,101.3965
34,-0.00,1,0.00,0.0000,0.9192,-0.9192,-0.4967,0.8449
34,-0.00,2,0.00,0.0000,0.8582,-0.8582,-0.4899,0.7365
34,-0.00,3,0.00,0.0000,0.8149,-0.8149,-0.4829,0.6640
34,-0.00,4,0.00,0.0000,0.7880,-0.7880,-0.4775,0.6209
34,-0.01,5,0.00,0.0000,0.7760,-0.7760,-0.4749,0.6021
34,-0.01,6,0.00,0.0000,0.7774,-0.7774,-0.4752,0.6043
34,-0.01,7,0.00,0.0000,0.7908,-0.7908,-0.4781,0.6253
34,-0.01,8,0.00,0.0000,0.8148,-0.8148,-0.4829,0.6640
34,-0.01,9,0.00,0.0000,0.8481,-0.8481,-0.4885,0.7193
34,-0.01,10,0.00,0.0000,0.8888,-0.8888,-0.4938,0.7900
34,-0.01,11,0.00,0.0000,0.9346,-0.9346,-0.4979,0.8735
34,-0.01,12,0.00,0.0000,0.9824,-0.9824,-0.4998,0.9652
34,-0.01,13,0.00,0.0000,1.0286,-1.0286,-0.4996,1.0580
34,-0.01,14,0.00,0.0000,1.0692,-1.0692,-0.4976,1.1431
34,-0.02,15,0.00,0.0000,1.1003,-1.1003,-0.4950,1.2107
34,-0.02,16,0.00,0.0000,1.1192,-1.1192,-0.4929,1.2525
34,-0.02,17,0.00,0.0000,1.1245,-1.1245,-0.4922,1.2646
34,-0.02,18,0.00,0.0000,1.1170,-1.1170,-0.4932,1.2478
34,-0.02,19,0.00,0.0000,1.0990,-1.0990,-0.4951,1.2077
34,-0.02,20,0.00,0.0000,1.0736,-1.0736,-0.4973,1.1526
34,-0.02,21,0.00,0.0000,1.0445,-1.0445,-0.4990,1.0911
34,-0.02,22,0.00,0.0000,1.0151,-1.0151,-0.4999,1.0305
34,-0.02,23,0.00,0.0000,0.9880,-0.9880,-0.4999,0.9761
34,-0.02,24,0.00,0.0000,0.9650,-0.9650,-0.4994,0.9313
34,-0.03,25,0.00,0.0000,0.9474,-0.9474,-0.4986,0.8975
34,-0.03,26,0.00,0.0000,0.9356,-0.9356,-0.4979,0.8754
34,-0.03,27,0.00,0.0000,0.9298,-0.9298,-0.4975,0.8646
34,-0.03,28,0.00,0.0000,0.9297,-0.9297,-0.4975,0.8644
34,-0.03,29,0.00,0.0000,0.9347,-0.9347,-0.4979,0.8737
34,-0.03,30,0.00,0.0000,0.9441,-0.9441,-0.4984,0.8913
34,-0.03,31,0.00,0.0000,0.9568,-0.9568,-0.4991,0.9154
34,-0.03,32,0.00,0.0000,0.9716,-0.9716,-0.4996,0.9440
34,-0.03,33,0.00,0.0000,0.9874,-0.9874,-0.4999,0.9750
34,-0.03,34,0.00,0.0000,1.0028,-1.0028,-0.5000,1.0057
34,-0.04,35,0.00,0.0000,1.0166,-1.0166,-0.4999,1.0336
34,-0.04,36,0.00,0.0000,1.0278,-1.0278,-0.4996,1.0564
34,-0.04,37,0.00,0.0000,1.0355,-1.0355,-0.4994,1.0723
34,-0.04,38,0.00,0.0000,1.0394,-1.0394,-0.4992,1.0804
34,-0.04,39,0.00,0.0000,1.0395,-1.0395,-0.4992,1.0805
34,-0.04,40,0.00,0.0000,1.0361,-1.0361,-0.4993,1.0735
34,-0.04,41,0.00,0.0000,1.0299,-1.0299,-0.4996,1.0607
34,-0.04,42,0.00,0.0000,1.0218,-1.0218,-0.4998,1.0441
34,-0.04,43,0.00,0.0000,1.0127,-1.0127,-0.4999,1.0256
34,-0.04,44,0.00,0.0000,1.0035,-1.0035,-0.5000,1.0070
34,-0.05,45,0.00,0.0000,0.9950,-0.9950,-0.5000,0.9900
34,-0.05,46,0.00,0.0000,0.9878,-0.9878,-0.4999,0.9757
34,-0.05,47,0.00,0.0000,0.9823,-0.9823,-0.4998,0.9650
34,-0.05,48,0.00,0.0000,0.9788,-0.9788,-0.4998,0.9581
34,-0.05,49,0.00,0.0000,0.9774,-0.9774,-0.4997,0.9553
34,-0.05,50,0.00,0.0000,0.9779,-0.9779,-0.4998,0.9562
34,-0.05,51,0.00,0.0000,0.9801,-0.9801,-0.4998,0.9605
34,-0.05,52,0.00,0.0000,0.9837,-0.9837,-0.4999,0.9676
34,-0.05,53,0.00,0.0000,0.9882,-0.9882,-0.4999,0.9766
34,-0.05,54,0.00,0.0000,0.9933,-0.9933,-0.5000,0.9866
34,-0.06,55,0.00,0.0000,0.9984,-0.9984,-0.5000,0.9969
34,-0.06,56,0.00,0.0000,1.0032,-1.0032,-0.5000,1.0064
34,-0.06,57,0.00,0.0000,1.0073,-1.0073,-0.5000,1.0146
34,-0.06,58,0.00,0.0000,1.0103,-1.0103,-0.4999,1.0207
34,-0.06,59,0.00,0.0000,1.0122,-1.0122,-0.4999,1.0245
34,-0.06,60,0.00,0.0000,1.0128,-1.0128,-0.4999,1.0259
34,-0.06,61,0.00,0.0000,1.0124,-1.0124,-0.4999,1.0249
34,-0.06,62,0.00,0.0000,1.0109,-1.0109,-0.4999,1.0219
34,-0.06,63,0.00,0.0000,1.0086,-1.0086,-0.5000,1.0173
34,-0.06,64,0.00,0.0000,1.0059,-1.0059,-0.5000,1.0118
34,-0.07,65,0.00,0.0000,1.0029,-1.0029,-0.5000,1.0058
34,-0.07,66,0.00,0.0000,1.0000,-1.0000,-0.5000,1.0000
34,-0.07,67,0.00,0.0000,0.9974,-0.9974,-0.5000,0.9948
34,-0.07,68,0.00,0.0000,0.9953,-0.9953,-0.5000,0.9905
34,-0.07,69,0.00,0.0000,0.9937,-0.9937,-0.5000,0.9875
34,-0.07,70,0.00,0.0000,0.9929,-0.9929,-0.5000,0.9858
34,-0.07,71,0.00,0.0000,0.9927,-0.9927,-0.5000,0.9855
34,-0.07,72,0.00,0.0000,0.9931,-0.9931,-0.5000,0.9863
34,-0.07,73,0.00,0.0000,0.9941,-0.9941,-0.5000,0.9882
34,-0.07,74,0.00,0.0000,0.9955,-0.9955,-0.5000,0.9909
34,-0.08,75,0.00,0.0000,0.9970,-0.9970,-0.5000,0.9941
34,-0.08,76,0.00,0.0000,0.9987,-0.9987,-0.5000,0.9975
34,-0.08,77,0.00,0.0000,1.0004,-1.0004,-0.5000,1.0007
34,-0.08,78,0.00,0.0000,1.0018,-1.0018,-0.5000,1.0036
34,-0.08,79,0.00,0.0000,1.0029,-1.0029,-0.5000,1.0059
34,-0.08,80,0.00,0.0000,1.0037,-1.0037,-0.5000,1.0075
34,-0.08,81,0.00,0.0000,1.0041,-1.0041,-0.5000,1.0082
34,-0.08,82,0.00,0.0000,1.0041,-1.0041,-0.5000,1.0083
34,-0.08,83,0.00,0.0000,1.0038,-1.0038,-0.5000,1.0076
34,-0.08,84,0.00,0.0000,1.0031,-1.0031,-0.5000,1.0063
34,-0.09,85,0.00,0.0000,1.0023,-1.0023,-0.5000,1.0046
34,-0.09,86,0.00,0.0000,1.0014,-1.0014,-0.5000,1.0027
34,-0.09,87,0.00,0.0000,1.0004,-1.0004,-0.5000,1.0008
34,-0.09,88,0.00,0.0000,0.9995,-0.9995,-0.5000,0.9990
34,-0.09,89,0.00,0.0000,0.9987,-0.9987,-0.5000,0.9975
34,-0.09,90,0.00,0.0000,0.9982,-0.9982,-0.5000,0.9963
34,-0.09,91,0.00,0.0000,0.9978,-0.9978,-0.5000,0.9956
34,-0.09,92,0.00,0.0000,0.9976,-0.9976,-0.5000,0.9953
34,-0.09,93,0.00,0.0000,0.9977,-0.9977,-0.5000,0.9954
34,-0.09,94,0.00,0.0000,0.9979,-0.9979,-0.5000,0.9959
34,-0.10,95,0.00,0.0000,0.9983,-0.9983,-0.5000,0.9967
34,-0.10,96,0.00,0.0000,0.9988,-0.9988,-0.5000,0.9977
34,-0.10,97,0.00,0.0000,0.9994,-0.9994,-0.5000,0.9988
34,-0.10,98,0.00,0.0000,0.9999,-0.9999,-0.5000,0.9999
34,-0.10,99,0.00,0.0000,1.0004,-1.0004,-0.5000,1.0009
34,-0.10,100,0.00,0.0000,1.9927,-1.9927,48.6867,101.3588
35,-0.00,1,0.00,0.0000,0.9175,-0.9175,-0.4966,0.8417
35,-0.00,2,0.00,0.0000,0.8573,-0.8573,-0.4898,0.7350
35,-0.00,3,0.00,0.0000,0.8147,-0.8147,-0.4828,0.6637
35,-0.00,4,0.00,0.0000,0.7883,-0.7883,-0.4776,0.6214
35,-0.01,5,0.00,0.0000,0.7765,-0.7765,-0.4750,0.6030
35,-0.01,6,0.00,0.0000,0.7780,-0.7780,-0.4754,0.6053
35,-0.01,7,0.00,0.0000,0.7914,-0.7914,-0.4782,0.6263
35,-0.01,8,0.00,0.0000,0.8153,-0.8153,-0.4829,0.6646
35,-0.01,9,0.00,0.0000,0.8482,-0.8482,-0.4885,0.7195
35,-0.01,10,0.00,0.0000,0.8885,-0.8885,-0.4938,0.7895
35,-0.01,11,0.00,0.0000,0.9339,-0.9339,-0.4978,0.8721
35,-0.01,12,0.00,0.0000,0.9813,-0.9813,-0.4998,0.9629
35,-0.01,13,0.00,0.0000,1.0271,-1.0271,-0.4996,1.0550
35,-0.01,14,0.00,0.0000,1.0675,-1.0675,-0.4977,1.1396
35,-0.02,15,0.00,0.0000,1.0988,-1.0988,-0.4951,1.2073
35,-0.02,16,0.00,0.0000,1.1180,-1.1180,-0.4930,1.2498
35,-0.02,17,0.00,0.0000,1.1239,-1.1239,-0.4923,1.2631
35,-0.02,18,0.00,0.0000,1.1170,-1.1170,-0.4932,1.2477
35,-0.02,19,0.00,0.0000,1.0996,-1.0996,-0.4950,1.2091
35,-0.02,20,0.00,0.0000,1.0748,-1.0748,-0.4972,1.1552
35,-0.02,21,0.00,0.0000,1.0462,-1.0462,-0.4989,1.0945
35,-0.02,22,0.00,0.0000,1.0170,-1.0170,-0.4999,1.0343
35,-0.02,23,0.00,0.0000,0.9899,-0.9899,-0.4999,0.9800
35,-0.02,24,0.00,0.0000,0.9669,-0.9669,-0.4995,0.9348
35,-0.03,25,0.00,0.0000,0.9490,-0.9490,-0.4987,0.9006
35,-0.03,26,0.00,0.0000,0.9369,-0.9369,-0.4980,0.8777
35,-0.03,27,0.00,0.0000,0.9306,-0.9306,-0.4976,0.8661
35,-0.03,28,0.00,0.0000,0.9301,-0.9301,-0.4976,0.8650
35,-0.03,29,0.00,0.0000,0.9346,-0.9346,-0.4979,0.8734
35,-0.03,30,0.00,0.0000,0.9434,-0.9434,-0.4984,0.8901
35,-0.03,31,0.00,0.0000,0.9557,-0.9557,-0.4990,0.9133
35,-0.03,32,0.00,0.0000,0.9702,-0.9702,-0.4996,0.9413
35,-0.03,33,0.00,0.0000,0.9857,-0.9857,-0.4999,0.9717
35,-0.03,34,0.00,0.0000,1.0011,-1.0011,-0.5000,1.0021
35,-0.04,35,0.00,0.0000,1.0149,-1.0149,-0.4999,1.0301
35,-0.04,36,0.00,0.0000,1.0263,-1.0263,-0.4997,1.0533
35,-0.04,37,0.00,0.0000,1.0344,-1.0344,-0.4994,1.0700
35,-0.04,38,0.00,0.0000,1.0387,-1.0387,-0.4992,1.0790
35,-0.04,39,0.00,0.0000,1.0393,-1.0393,-0.4992,1.0801
35,-0.04,40,0.00,0.0000,1.0364,-1.0364,-0.4993,1.0741
35,-0.04,41,0.00,0.0000,1.0306,-1.0306,-0.4995,1.0622
35,-0.04,42,0.00,0.0000,1.0229,-1.0229,-0.4997,1.0463
35,-0.04,43,0.00,0.0000,1.0140,-1.0140,-0.4999,1.0282
35,-0.04,44,0.00,0.0000,1.0049,-1.0049,-0.5000,1.0098
35,-0.05,45,0.00,0.0000,0.9964,-0.9964,-0.5000,0.9928
35,-0.05,46,0.00,0.0000,0.9890,-0.9890,-0.4999,0.9782
35,-0.05,47,0.00,0.0000,0.9834,-0.9834,-0.4999,0.9670
35,-0.05,48,0.00,0.0000,0.9796,-0.9796,-0.4998,0.9596
35,-0.05,49,0.00,0.0000,0.9778,-0.9778,-0.4998,0.9561
35,-0.05,50,0.00,0.0000,0.9779,-0.9779,-0.4998,0.9563
35,-0.05,51,0.00,0.0000,0.9798,-0.9798,-0.4998,0.9600
35,-0.05,52,0.00,0.0000,0.9831,-0.9831,-0.4999,0.9664
35,-0.05,53,0.00,0.0000,0.9874,-0.9874,-0.4999,0.9749
35,-0.05,54,0.00,0.0000,0.9923,-0.9923,-0.5000,0.9847
35,-0.06,55,0.00,0.0000,0.9974,-0.9974,-0.5000,0.9948
35,-0.06,56,0.00,0.0000,1.0022,-1.0022,-0.5000,1.0043
35,-0.06,57,0.00,0.0000,1.0063,-1.0063,-0.5000,1.0127
35,-0.06,58,0.00,0.0000,1.0096,-1.0096,-0.5000,1.0192
35,-0.06,59,0.00,0.0000,1.0117,-1.0117,-0.4999,1.0235
35,-0.06,60,0.00,0.0000,1.0126,-1.0126,-0.4999,1.0254
35,-0.06,61,0.00,0.0000,1.0124,-1.0124,-0.4999,1.0249
35,-0.06,62,0.00,0.0000,1.0111,-1.0111,-0.4999,1.0224
35,-0.06,63,0.00,0.0000,1.0091,-1.0091,-0.5000,1.0183
35,-0.06,64,0.00,0.0000,1.0065,-1.0065,-0.5000,1.0130
35,-0.07,65,0.00,0.0000,1.0036,-1.0036,-0.5000,1.0073
35,-0.07,66,0.00,0.0000,1.0007,-1.0007,-0.5000,1.0015
35,-0.07,67,0.00,0.0000,0.9981,-0.9981,-0.5000,0.9962
35,-0.07,68,0.00,0.0000,0.9959,-0.9959,-0.5000,0.9918
35,-0.07,69,0.00,0.0000,0.9942,-0.9942,-0.5000,0.9885
35,-0.07,70,0.00,0.0000,0.9932,-0.9932,-0.5000,0.9864
35,-0.07,71,0.00,0.0000,0.9928,-0.9928,-0.5000,0.9857
35,-0.07,72,0.00,0.0000,0.9931,-0.9931,-0.5000,0.9862
35,-0.07,73,0.00,0.0000,0.9939,-0.9939,-0.5000,0.9878
35,-0.07,74,0.00,0.0000,0.9951,-0.9951,-0.5000,0.9902
35,-0.08,75,0.00,0.0000,0.9966,-0.9966,-0.5000,0.9932
35,-0.08,76,0.00,0.0000,0.9982,-0.9982,-0.5000,0.9965
35,-0.08,77,0.00,0.0000,0.9999,-0.9999,-0.5000,0.9997
35,-0.08,78,0.00,0.0000,1.0013,-1.0013,-0.5000,1.0027
35,-0.08,79,0.00,0.0000,1.0025,-1.0025,-0.5000,1.0051
35,-0.08,80,0.00,0.0000,1.0034,-1.0034,-0.5000,1.0069
35,-0.08,81,0.00,0.0000,1.0039,-1.0039,-0.5000,1.0079
35,-0.08,82,0.00,0.0000,1.0041,-1.0041,-0.5000,1.0082
35,-0.08,83,0.00,0.0000,1.0038,-1.0038,-0.5000,1.0077
35,-0.08,84,0.00,0.0000,1.0033,-1.0033,-0.5000,1.0067
35,-0.09,85,0.00,0.0000,1.0026,-1.0026,-0.5000,1.0052
35,-0.09,86,0.00,0.0000,1.0017,-1.0017,-0.5000,1.0034
35,-0.09,87,0.00,0.0000,1.0007,-1.0007,-0.5000,1.0015
35,-0.09,88,0.00,0.0000,0.9998,-0.9998,-0.5000,0.9997
35,-0.09,89,0.00,0.0000,0.9990,-0.9990,-0.5000,0.9981
35,-0.09,90,0.00,0.0000,0.9984,-0.9984,-0.5000,0.9968
35,-0.09,91,0.00,0.0000,0.9979,-0.9979,-0.5000,0.9959
35,-0.09,92,0.00,0.0000,0.9977,-0.9977,-0.5000,0.9954
35,-0.09,93,0.00,0.0000,0.9977,-0.9977,-0.5000,0.9954
35,-0.09,94,0.00,0.0000,0.9979,-0.9979,-0.5000,0.9957
35,-0.10,95,0.00,0.0000,0.9982,-0.9982,-0.5000,0.9964
35,-0.10,96,0.00,0.0000,0.9987,-0.9987,-0.5000,0.9973
35,-0.10,97,0.00,0.0000,0.9992,-0.9992,-0.5000,0.9984
35,-0.10,98,0.00,0.0000,0.9997,-0.9997,-0.5000,0.9994
35,-0.10,99,0.00,0.0000,1.0002,-1.0002,-0.5000,1.0004
35,-0.10,100,0.00,0.0000,1.9923,-1.9923,48.6685,101.3217
36,-0.00,1,0.00,0.0000,0.9090,-0.9090,-0.4959,0.8263
36,-0.00,2,0.00,0.0000,0.8507,-0.8507,-0.4889,0.7237
36,-0.00,3,0.00,0.0000,0.8097,-0.8097,-0.4819,0.6556
36,-0.00,4,0.00,0.0000,0.7846,-0.7846,-0.4768,0.6156
36,-0.01,5,0.00,0.0000,0.7740,-0.7740,-0.4745,0.5990
36,-0.01,6,0.00,0.0000,0.7763,-0.7763,-0.4750,0.6027
36,-0.01,7,0.00,0.0000,0.7903,-0.7903,-0.4780,0.6245
36,-0.01,8,0.00,0.0000,0.8146,-0.8146,-0.4828,0.6635
36,-0.01,9,0.00,0.0000,0.8478,-0.8478,-0.4884,0.7187
36,-0.01,10,0.00,0.0000,0.8881,-0.8881,-0.4937,0.7888
36,-0.01,11,0.00,0.0000,0.9334,-0.9334,-0.4978,0.8712
36,-0.01,12,0.00,0.0000,0.9806,-0.9806,-0.4998,0.9617
36,-0.01,13,0.00,0.0000,1.0264,-1.0264,-0.4997,1.0535
36,-0.01,14,0.00,0.0000,1.0669,-1.0669,-0.4978,1.1382
36,-0.02,15,0.00,0.0000,1.0983,-1.0983,-0.4952,1.2062
36,-0.02,16,0.00,0.0000,1.1179,-1.1179,-0.4931,1.2497
36,-0.02,17,0.00,0.0000,1.1244,-1.1244,-0.4923,1.2642
36,-0.02,18,0.00,0.0000,1.1182,-1.1182,-0.4930,1.2504
36,-0.02,19,0.00,0.0000,1.1015,-1.1015,-0.4949,1.2132
36,-0.02,20,0.00,0.0000,1.0772,-1.0772,-0.4970,1.1604
36,-0.02,21,0.00,0.0000,1.0490,-1.0490,-0.4988,1.1004
36,-0.02,22,0.00,0.0000,1.0200,-1.0200,-0.4998,1.0403
36,-0.02,23,0.00,0.0000,0.9928,-0.9928,-0.5000,0.9857
36,-0.02,24,0.00,0.0000,0.9695,-0.9695,-0.4995,0.9398
36,-0.03,25,0.00,0.0000,0.9511,-0.9511,-0.4988,0.9045
36,-0.03,26,0.00,0.0000,0.9383,-0.9383,-0.4981,0.8804
36,-0.03,27,0.00,0.0000,0.9313,-0.9313,-0.4976,0.8674
36,-0.03,28,0.00,0.0000,0.9299,-0.9299,-0.4975,0.8648
36,-0.03,29,0.00,0.0000,0.9336,-0.9336,-0.4978,0.8717
36,-0.03,30,0.00,0.0000,0.9417,-0.9417,-0.4983,0.8868
36,-0.03,31,0.00,0.0000,0.9533,-0.9533,-0.4989,0.9088
36,-0.03,32,0.00,0.0000,0.9673,-0.9673,-0.4995,0.9356
36,-0.03,33,0.00,0.0000,0.9825,-0.9825,-0.4998,0.9653
36,-0.03,34,0.00,0.0000,0.9978,-0.9978,-0.5000,0.9955
36,-0.04,35,0.00,0.0000,1.0118,-1.0118,-0.4999,1.0238
36,-0.04,36,0.00,0.0000,1.0237,-1.0237,-0.4997,1.0479
36,-0.04,37,0.00,0.0000,1.0325,-1.0325,-0.4995,1.0660
36,-0.04,38,0.00,0.0000,1.0377,-1.0377,-0.4993,1.0768
36,-0.04,39,0.00,0.0000,1.0392,-1.0392,-0.4992,1.0799
36,-0.04,40,0.00,0.0000,1.0372,-1.0372,-0.4993,1.0758
36,-0.04,41,0.00,0.0000,1.0323,-1.0323,-0.4995,1.0656
36,-0.04,42,0.00,0.0000,1.0251,-1.0251,-0.4997,1.0509
36,-0.04,43,0.00,0.0000,1.0167,-1.0167,-0.4999,1.0336
36,-0.04,44,0.00,0.0000,1.0077,-1.0077,-0.5000,1.0155
36,-0.05,45,0.00,0.0000,0.9991,-0.9991,-0.5000,0.9982
36,-0.05,46,0.00,0.0000,0.9915,-0.9915,-0.5000,0.9831
36,-0.05,47,0.00,0.0000,0.9853,-0.9853,-0.4999,0.9709
36,-0.05,48,0.00,0.0000,0.9809,-0.9809,-0.4998,0.9622
36,-0.05,49,0.00,0.0000,0.9785,-0.9785,-0.4998,0.9574
36,-0.05,50,0.00,0.0000,0.9780,-0.9780,-0.4998,0.9564
36,-0.05,51,0.00,0.0000,0.9792,-0.9792,-0.4998,0.9588
36,-0.05,52,0.00,0.0000,0.9819,-0.9819,-0.4998,0.9641
36,-0.05,53,0.00,0.0000,0.9858,-0.9858,-0.4999,0.9717
36,-0.05,54,0.00,0.0000,0.9904,-0.9904,-0.5000,0.9809
36,-0.06,55,0.00,0.0000,0.9953,-0.9953,-0.5000,0.9907
36,-0.06,56,0.00,0.0000,1.0002,-1.0002,-0.5000,1.0003
36,-0.06,57,0.00,0.0000,1.0045,-1.0045,-0.5000,1.0091
36,-0.06,58,0.00,0.0000,1.0081,-1.0081,-0.5000,1.0162
36,-0.06,59,0.00,0.0000,1.0107,-1.0107,-0.4999,1.0214
36,-0.06,60,0.00,0.0000,1.0121,-1.0121,-0.4999,1.0243
36,-0.06,61,0.00,0.0000,1.0124,-1.0124,-0.4999,1.0249
36,-0.06,62,0.00,0.0000,1.0116,-1.0116,-0.4999,1.0234
36,-0.06,63,0.00,0.0000,1.0100,-1.0100,-0.4999,1.0201
36,-0.06,64,0.00,0.0000,1.0077,-1.0077,-0.5000,1.0155
36,-0.07,65,0.00,0.0000,1.0050,-1.0050,-0.5000,1.0101
36,-0.07,66,0.00,0.0000,1.0022,-1.0022,-0.5000,1.0044
36,-0.07,67,0.00,0.0000,0.9995,-0.9995,-0.5000,0.9990
36,-0.07,68,0.00,0.0000,0.9971,-0.9971,-0.5000,0.9942
36,-0.07,69,0.00,0.0000,0.9952,-0.9952,-0.5000,0.9903
36,-0.07,70,0.00,0.0000,0.9938,-0.9938,-0.5000,0.9877
36,-0.07,71,0.00,0.0000,0.9931,-0.9931,-0.5000,0.9863
36,-0.07,72,0.00,0.0000,0.9930,-0.9930,-0.5000,0.9861
36,-0.07,73,0.00,0.0000,0.9935,-0.9935,-0.5000,0.9871
36,-0.07,74,0.00,0.0000,0.9945,-0.9945,-0.5000,0.9890
36,-0.08,75,0.00,0.0000,0.9958,-0.9958,-0.5000,0.9916
36,-0.08,76,0.00,0.0000,0.9973,-0.9973,-0.5000,0.9946
36,-0.08,77,0.00,0.0000,0.9989,-0.9989,-0.5000,0.9978
36,-0.08,78,0.00,0.0000,1.0004,-1.0004,-0.5000,1.0008
36,-0.08,79,0.00,0.0000,1.0017,-1.0017,-0.5000,1.0035
36,-0.08,80,0.00,0.0000,1.0028,-1.0028,-0.5000,1.0056
36,-0.08,81,0.00,0.0000,1.0035,-1.0035,-0.5000,1.0071
36,-0.08,82,0.00,0.0000,1.0039,-1.0039,-0.5000,1.0078
36,-0.08,83,0.00,0.0000,1.0039,-1.0039,-0.5000,1.0079
36,-0.08,84,0.00,0.0000,1.0036,-1.0036,-0.5000,1.0072
36,-0.09,85,0.00,0.0000,1.0030,-1.0030,-0.5000,1.0061
36,-0.09,86,0.00,0.0000,1.0023,-1.0023,-0.5000,1.0045
36,-0.09,87,0.00,0.0000,1.0014,-1.0014,-0.5000,1.0028
36,-0.09,88,0.00,0.0000,1.0005,-1.0005,-0.5000,1.0009
36,-0.09,89,0.00,0.0000,0.9996,-0.9996,-0.5000,0.9993
36,-0.09,90,0.00,0.0000,0.9989,-0.9989,-0.5000,0.9978
36,-0.09,91,0.00,0.0000,0.9983,-0.9983,-0.5000,0.9966
36,-0.09,92,0.00,0.0000,0.9979,-0.9979,-0.5000,0.9959
36,-0.09,93,0.00,0.0000,0.9978,-0.9978,-0.5000,0.9955
36,-0.09,94,0.00,0.0000,0.9978,-0.9978,-0.5000,0.9956
36,-0.10,95,0.00,0.0000,0.9980,-0.9980,-0.5000,0.9960
36,-0.10,96,0.00,0.0000,0.9984,-0.9984,-0.5000,0.9967
36,-0.10,97,0.00,0.0000,0.9988,-0.9988,-0.5000,0.9976
36,-0.10,98,0.00,0.0000,0.9993,-0.9993,-0.5000,0.9986
36,-0.10,99,0.00,0.0000,0.9998,-0.9998,-0.5000,0.9996
36,-0.10,100,0.00,0.0000,1.9916,-1.9916,48.6318,101.2466
37,-0.00,1,0.00,0.0000,0.9287,-0.9287,-0.4975,0.8626
37,-0.00,2,0.00,0.0000,0.8689,-0.8689,-0.4914,0.7549
37,-0.00,3,0.00,0.0000,0.8257,-0.8257,-0.4848,0.6818
37,-0.00,4,0.00,0.0000,0.7983,-0.7983,-0.4797,0.6372
37,-0.01,5,0.00,0.0000,0.7851,-0.7851,-0.4769,0.6164
37,-0.01,6,0.00,0.0000,0.7848,-0.7848,-0.4768,0.6159
37,-0.01,7,0.00,0.0000,0.7961,-0.7961,-0.4792,0.6338
37,-0.01,8,0.00,0.0000,0.8177,-0.8177,-0.4834,0.6686
37,-0.01,9,0.00,0.0000,0.8481,-0.8481,-0.4885,0.7193
37,-0.01,10,0.00,0.0000,0.8858,-0.8858,-0.4935,0.7846
37,-0.01,11,0.00,0.0000,0.9285,-0.9285,-0.4974,0.8621
37,-0.01,12,0.00,0.0000,0.9737,-0.9737,-0.4997,0.9480
37,-0.01,13,0.00,0.0000,1.0179,-1.0179,-0.4998,1.0362
37,-0.01,14,0.00,0.0000,1.0577,-1.0577,-0.4983,1.1187
37,-0.02,15,0.00,0.0000,1.0893,-1.0893,-0.4960,1.1867
37,-0.02,16,0.00,0.0000,1.1102,-1.1102,-0.4939,1.2325
37,-0.02,17,0.00,0.0000,1.1187,-1.1187,-0.4930,1.2514
37,-0.02,18,0.00,0.0000,1.1150,-1.1150,-0.4934,1.2432
37,-0.02,19,0.00,0.0000,1.1008,-1.1008,-0.4949,1.2117
37,-0.02,20,0.00,0.0000,1.0788,-1.0788,-0.4969,1.1639
37,-0.02,21,0.00,0.0000,1.0525,-1.0525,-0.4986,1.1077
37,-0.02,22,0.00,0.0000,1.0247,-1.0247,-0.4997,1.0501
37,-0.02,23,0.00,0.0000,0.9983,-0.9983,-0.5000,0.9966
37,-0.02,24,0.00,0.0000,0.9751,-0.9751,-0.4997,0.9509
37,-0.03,25,0.00,0.0000,0.9565,-0.9565,-0.4991,0.9149
37,-0.03,26,0.00,0.0000,0.9432,-0.9432,-0.4984,0.8895
37,-0.03,27,0.00,0.0000,0.9353,-0.9353,-0.4979,0.8749
37,-0.03,28,0.00,0.0000,0.9329,-0.9329,-0.4978,0.8704
37,-0.03,29,0.00,0.0000,0.9355,-0.9355,-0.4979,0.8752
37,-0.03,30,0.00,0.0000,0.9425,-0.9425,-0.4983,0.8883
37,-0.03,31,0.00,0.0000,0.9530,-0.9530,-0.4989,0.9082
37,-0.03,32,0.00,0.0000,0.9660,-0.9660,-0.4994,0.9331
37,-0.03,33,0.00,0.0000,0.9804,-0.9804,-0.4998,0.9612
37,-0.03,34,0.00,0.0000,0.9951,-0.9951,-0.5000,0.9902
37,-0.04,35,0.00,0.0000,1.0088,-1.0088,-0.5000,1.0177
37,-0.04,36,0.00,0.0000,1.0206,-1.0206,-0.4998,1.0417
37,-0.04,37,0.00,0.0000,1.0296,-1.0296,-0.4996,1.0601
37,-0.04,38,0.00,0.0000,1.0353,-1.0353,-0.4994,1.0718
37,-0.04,39,0.00,0.0000,1.0374,-1.0374,-0.4993,1.0762
37,-0.04,40,0.00,0.0000,1.0362,-1.0362,-0.4993,1.0737
37,-0.04,41,0.00,0.0000,1.0320,-1.0320,-0.4995,1.0650
37,-0.04,42,0.00,0.0000,1.0256,-1.0256,-0.4997,1.0518
37,-0.04,43,0.00,0.0000,1.0177,-1.0177,-0.4998,1.0357
37,-0.04,44,0.00,0.0000,1.0092,-1.0092,-0.5000,1.0184
37,-0.05,45,0.00,0.0000,1.0008,-1.0008,-0.5000,1.0016
37,-0.05,46,0.00,0.0000,0.9933,-0.9933,-0.5000,0.9866
37,-0.05,47,0.00,0.0000,0.9871,-0.9871,-0.4999,0.9743
37,-0.05,48,0.00,0.0000,0.9825,-0.9825,-0.4998,0.9653
37,-0.05,49,0.00,0.0000,0.9798,-0.9798,-0.4998,0.9600
37,-0.05,50,0.00,0.0000,0.9789,-0.9789,-0.4998,0.9583
37,-0.05,51,0.00,0.0000,0.9797,-0.9797,-0.4998,0.9599
37,-0.05,52,0.00,0.0000,0.9821,-0.9821,-0.4998,0.9644
37,-0.05,53,0.00,0.0000,0.9856,-0.9856,-0.4999,0.9713
37,-0.05,54,0.00,0.0000,0.9899,-0.9899,-0.4999,0.9798
37,-0.06,55,0.00,0.0000,0.9946,-0.9946,-0.5000,0.9891
37,-0.06,56,0.00,0.0000,0.9992,-0.9992,-0.5000,0.9985
37,-0.06,57,0.00,0.0000,1.0035,-1.0035,-0.5000,1.0070
37,-0.06,58,0.00,0.0000,1.0071,-1.0071,-0.5000,1.0142
37,-0.06,59,0.00,0.0000,1.0098,-1.0098,-0.5000,1.0196
37,-0.06,60,0.00,0.0000,1.0114,-1.0114,-0.4999,1.0228
37,-0.06,61,0.00,0.0000,1.0119,-1.0119,-0.4999,1.0239
37,-0.06,62,0.00,0.0000,1.0113,-1.0113,-0.4999,1.0228
37,-0.06,63,0.00,0.0000,1.0099,-1.0099,-0.5000,1.0200
37,-0.06,64,0.00,0.0000,1.0079,-1.0079,-0.5000,1.0158
37,-0.07,65,0.00,0.0000,1.0054,-1.0054,-0.5000,1.0108
37,-0.07,66,0.00,0.0000,1.0027,-1.0027,-0.5000,1.0053
37,-0.07,67,0.00,0.0000,1.0000,-1.0000,-0.5000,1.0001
37,-0.07,68,0.00,0.0000,0.9977,-0.9977,-0.5000,0.9954
37,-0.07,69,0.00,0.0000,0.9957,-0.9957,-0.5000,0.9915
37,-0.07,70,0.00,0.0000,0.9943,-0.9943,-0.5000,0.9887
37,-0.07,71,0.00,0.0000,0.9935,-0.9935,-0.5000,0.9871
37,-0.07,72,0.00,0.0000,0.9933,-0.9933,-0.5000,0.9867
37,-0.07,73,0.00,0.0000,0.9937,-0.9937,-0.5000,0.9874
37,-0.07,74,0.00,0.0000,0.9945,-0.9945,-0.5000,0.9890
37,-0.08,75,0.00,0.0000,0.9957,-0.9957,-0.5000,0.9914
37,-0.08,76,0.00,0.0000,0.9971,-0.9971,-0.5000,0.9942
37,-0.08,77,0.00,0.0000,0.9986,-0.9986,-0.5000,0.9972
37,-0.08,78,0.00,0.0000,1.0001,-1.0001,-0.5000,1.0002
37,-0.08,79,0.00,0.0000,1.0014,-1.0014,-0.5000,1.0028
37,-0.08,80,0.00,0.0000,1.0025,-1.0025,-0.5000,1.0050
37,-0.08,81,0.00,0.0000,1.0033,-1.0033,-0.5000,1.0065
37,-0.08,82,0.00,0.0000,1.0037,-1.0037,-0.5000,1.0074
37,-0.08,83,0.00,0.0000,1.0038,-1.0038,-0.5000,1.0076
37,-0.08,84,0.00,0.0000,1.0035,-1.0035,-0.5000,1.0071
37,-0.09,85,0.00,0.0000,1.0030,-1.0030,-0.5000,1.0061
37,-0.09,86,0.00,0.0000,1.0023,-1.0023,-0.5000,1.0047
37,-0.09,87,0.00,0.0000,1.0015,-1.0015,-0.5000,1.0030
37,-0.09,88,0.00,0.0000,1.0006,-1.0006,-0.5000,1.0013
37,-0.09,89,0.00,0.0000,0.9998,-0.9998,-0.5000,0.9996
37,-0.09,90,0.00,0.0000,0.9991,-0.9991,-0.5000,0.9982
37,-0.09,91,0.00,0.0000,0.9985,-0.9985,-0.5000,0.9970
37,-0.09,92,0.00,0.0000,0.9981,-0.9981,-0.5000,0.9962
37,-0.09,93,0.00,0.0000,0.9979,-0.9979,-0.5000,0.9958
37,-0.09,94,0.00,0.0000,0.9979,-0.9979,-0.5000,0.9958
37,-0.10,95,0.00,0.0000,0.9980,-0.9980,-0.5000,0.9961
37,-0.10,96,0.00,0.0000,0.9983,-0.9983,-0.5000,0.9967
37,-0.10,97,0.00,0.0000,0.9988,-0.9988,-0.5000,0.9975
37,-0.10,98,0.00,0.0000,0.9992,-0.9992,-0.5000,0.9985
37,-0.10,99,0.00,0.0000,0.9997,-0.9997,-0.5000,0.9994
37,-0.10,100,0.00,0.0000,1.9914,-1.9914,48.6209,101.2244
38,-0.00,1,0.00,0.0000,0.9243,-0.9243,-0.4971,0.8544
38,-0.00,2,0.00,0.0000,0.8653,-0.8653,-0.4909,0.7487
38,-0.00,3,0.00,0.0000,0.8229,-0.8229,-0.4843,0.6771
38,-0.00,4,0.00,0.0000,0.7961,-0.7961,-0.4792,0.6337
38,-0.01,5,0.00,0.0000,0.7834,-0.7834,-0.4765,0.6137
38,-0.01,6,0.00,0.0000,0.7835,-0.7835,-0.4766,0.6139
38,-0.01,7,0.00,0.0000,0.7951,-0.7951,-0.4790,0.6322
38,-0.01,8,0.00,0.0000,0.8169,-0.8169,-0.4832,0.6673
38,-0.01,9,0.00,0.0000,0.8474,-0.8474,-0.4884,0.7182
38,-0.01,10,0.00,0.0000,0.8852,-0.8852,-0.4934,0.7835
38,-0.01,11,0.00,0.0000,0.9279,-0.9279,-0.4974,0.8610
38,-0.01,12,0.00,0.0000,0.9731,-0.9731,-0.4996,0.9468
38,-0.01,13,0.00,0.0000,1.0173,-1.0173,-0.4998,1.0349
38,-0.01,14,0.00,0.0000,1.0571,-1.0571,-0.4984,1.1175
38,-0.02,15,0.00,0.0000,1.0890,-1.0890,-0.4960,1.1859
38,-0.02,16,0.00,0.0000,1.1101,-1.1101,-0.4939,1.2324
38,-0.02,17,0.00,0.0000,1.1190,-1.1190,-0.4929,1.2522
38,-0.02,18,0.00,0.0000,1.1158,-1.1158,-0.4933,1.2450
38,-0.02,19,0.00,0.0000,1.1020,-1.1020,-0.4948,1.2145
38,-0.02,20,0.00,0.0000,1.0805,-1.0805,-0.4968,1.1674
38,-0.02,21,0.00,0.0000,1.0543,-1.0543,-0.4985,1.1116
38,-0.02,22,0.00,0.0000,1.0267,-1.0267,-0.4996,1.0541
38,-0.02,23,0.00,0.0000,1.0002,-1.0002,-0.5000,1.0004
38,-0.02,24,0.00,0.0000,0.9768,-0.9768,-0.4997,0.9541
38,-0.03,25,0.00,0.0000,0.9578,-0.9578,-0.4991,0.9175
38,-0.03,26,0.00,0.0000,0.9441,-0.9441,-0.4984,0.8913
38,-0.03,27,0.00,0.0000,0.9358,-0.9358,-0.4979,0.8758
38,-0.03,28,0.00,0.0000,0.9329,-0.9329,-0.4978,0.8703
38,-0.03,29,0.00,0.0000,0.9350,-0.9350,-0.4979,0.8743
38,-0.03,30,0.00,0.0000,0.9415,-0.9415,-0.4983,0.8864
38,-0.03,31,0.00,0.0000,0.9516,-0.9516,-0.4988,0.9055
38,-0.03,32,0.00,0.0000,0.9642,-0.9642,-0.4994,0.9297
38,-0.03,33,0.00,0.0000,0.9784,-0.9784,-0.4998,0.9573
38,-0.03,34,0.00,0.0000,0.9930,-0.9930,-0.5000,0.9861
38,-0.04,35,0.00,0.0000,1.0069,-1.0069,-0.5000,1.0138
38,-0.04,36,0.00,0.0000,1.0189,-1.0189,-0.4998,1.0382
38,-0.04,37,0.00,0.0000,1.0283,-1.0283,-0.4996,1.0574
38,-0.04,38,0.00,0.0000,1.0345,-1.0345,-0.4994,1.0702
38,-0.04,39,0.00,0.0000,1.0372,-1.0372,-0.4993,1.0758
38,-0.04,40,0.00,0.0000,1.0365,-1.0365,-0.4993,1.0743
38,-0.04,41,0.00,0.0000,1.0328,-1.0328,-0.4995,1.0667
38,-0.04,42,0.00,0.0000,1.0268,-1.0268,-0.4996,1.0543
38,-0.04,43,0.00,0.0000,1.0192,-1.0192,-0.4998,1.0388
38,-0.04,44,0.00,0.0000,1.0109,-1.0109,-0.4999,1.0218
38,-0.05,45,0.00,0.0000,1.0025,-1.0025,-0.5000,1.0050
38,-0.05,46,0.00,0.0000,0.9949,-0.9948,-0.5000,0.9897
38,-0.05,47,0.00,0.0000,0.9884,-0.9884,-0.4999,0.9769
38,-0.05,48,0.00,0.0000,0.9835,-0.9835,-0.4999,0.9673
38,-0.05,49,0.00,0.0000,0.9804,-0.9804,-0.4998,0.9612
38,-0.05,50,0.00,0.0000,0.9791,-0.9791,-0.4998,0.9586
38,-0.05,51,0.00,0.0000,0.9795,-0.9795,-0.4998,0.9595
38,-0.05,52,0.00,0.0000,0.9815,-0.9815,-0.4998,0.9633
38,-0.05,53,0.00,0.0000,0.9847,-0.9847,-0.4999,0.9696
38,-0.05,54,0.00,0.0000,0.9888,-0.9888,-0.4999,0.9776
38,-0.06,55,0.00,0.0000,0.9933,-0.9933,-0.5000,0.9867
38,-0.06,56,0.00,0.0000,0.9980,-0.9980,-0.5000,0.9959
38,-0.06,57,0.00,0.0000,1.0023,-1.0023,-0.5000,1.0047
38,-0.06,58,0.00,0.0000,1.0061,-1.0061,-0.5000,1.0122
38,-0.06,59,0.00,0.0000,1.0090,-1.0090,-0.5000,1.0180
38,-0.06,60,0.00,0.0000,1.0109,-1.0109,-0.4999,1.0219
38,-0.06,61,0.00,0.0000,1.0117,-1.0117,-0.4999,1.0235
38,-0.06,62,0.00,0.0000,1.0115,-1.0115,-0.4999,1.0231
38,-0.06,63,0.00,0.0000,1.0104,-1.0104,-0.4999,1.0208
38,-0.06,64,0.00,0.0000,1.0085,-1.0085,-0.5000,1.0171
38,-0.07,65,0.00,0.0000,1.0062,-1.0062,-0.5000,1.0124
38,-0.07,66,0.00,0.0000,1.0036,-1.0036,-0.5000,1.0071
38,-0.07,67,0.00,0.0000,1.0009,-1.0009,-0.5000,1.0019
38,-0.07,68,0.00,0.0000,0.9985,-0.9985,-0.5000,0.9970
38,-0.07,69,0.00,0.0000,0.9964,-0.9964,-0.5000,0.9929
38,-0.07,70,0.00,0.0000,0.9948,-0.9948,-0.5000,0.9897
38,-0.07,71,0.00,0.0000,0.9938,-0.9938,-0.5000,0.9877
38,-0.07,72,0.00,0.0000,0.9934,-0.9934,-0.5000,0.9869
38,-0.07,73,0.00,0.0000,0.9936,-0.9936,-0.5000,0.9872
38,-0.07,74,0.00,0.0000,0.9942,-0.9942,-0.5000,0.9884
38,-0.08,75,0.00,0.0000,0.9952,-0.9952,-0.5000,0.9905
38,-0.08,76,0.00,0.0000,0.9966,-0.9966,-0.5000,0.9931
38,-0.08,77,0.00,0.0000,0.9980,-0.9980,-0.5000,0.9960
38,-0.08,78,0.00,0.0000,0.9995,-0.9995,-0.5000,0.9990
38,-0.08,79,0.00,0.0000,1.0009,-1.0009,-0.5000,1.0017
38,-0.08,80,0.00,0.0000,1.0020,-1.0020,-0.5000,1.0041
38,-0.08,81,0.00,0.0000,1.0029,-1.0029,-0.5000,1.0059
38,-0.08,82,0.00,0.0000,1.0035,-1.0035,-0.5000,1.0070
38,-0.08,83,0.00,0.0000,1.0037,-1.0037,-0.5000,1.0074
38,-0.08,84,0.00,0.0000,1.0036,-1.0036,-0.5000,1.0072
38,-0.09,85,0.00,0.0000,1.0032,-1.0032,-0.5000,1.0065
38,-0.09,86,0.00,0.0000,1.0026,-1.0026,-0.5000,1.0053
38,-0.09,87,0.00,0.0000,1.0019,-1.0019,-0.5000,1.0037
38,-0.09,88,0.00,0.0000,1.0010,-1.0010,-0.5000,1.0021
38,-0.09,89,0.00,0.0000,1.0002,-1.0002,-0.5000,1.0004
38,-0.09,90,0.00,0.0000,0.9994,-0.9994,-0.5000,0.9989
38,-0.09,91,0.00,0.0000,0.9988,-0.9988,-0.5000,0.9976
38,-0.09,92,0.00,0.0000,0.9983,-0.9983,-0.5000,0.9966
38,-0.09,93,0.00,0.0000,0.9980,-0.9980,-0.5000,0.9960
38,-0.09,94,0.00,0.0000,0.9979,-0.9979,-0.5000,0.9958
38,-0.10,95,0.00,0.0000,0.9980,-0.9980,-0.5000,0.9960
38,-0.10,96,0.00,0.0000,0.9982,-0.9982,-0.5000,0.9964
38,-0.10,97,0.00,0.0000,0.9986,-0.9986,-0.5000,0.9971
38,-0.10,98,0.00,0.0000,0.9990,-0.9990,-0.5000,0.9980
38,-0.10,99,0.00,0.0000,0.9995,-0.9995,-0.5000,0.9989
38,-0.10,100,0.00,0.0000,1.9909,-1.9909,48.5960,101.1738
39,-0.00,1,0.00,0.0000,0.9379,-0.9379,-0.4981,0.8797
39,-0.00,2,0.00,0.0000,0.8777,-0.8777,-0.4925,0.7704
39,-0.00,3,0.00,0.0000,0.8338,-0.8338,-0.4862,0.6952
39,-0.00,4,0.00,0.0000,0.8053,-0.8053,-0.4810,0.6484
39,-0.01,5,0.00,0.0000,0.7908,-0.7908,-0.4781,0.6254
39,-0.01,6,0.00,0.0000,0.7892,-0.7892,-0.4778,0.6228
39,-0.01,7,0.00,0.0000,0.7990,-0.7990,-0.4798,0.6384
39,-0.01,8,0.00,0.0000,0.8190,-0.8190,-0.4836,0.6708
39,-0.01,9,0.00,0.0000,0.8479,-0.8479,-0.4884,0.7190
39,-0.01,10,0.00,0.0000,0.8840,-0.8840,-0.4933,0.7815
39,-0.01,11,0.00,0.0000,0.9253,-0.9253,-0.4972,0.8561
39,-0.01,12,0.00,0.0000,0.9691,-0.9691,-0.4995,0.9392
39,-0.01,13,0.00,0.0000,1.0125,-1.0125,-0.4999,1.0251
39,-0.01,14,0.00,0.0000,1.0518,-1.0518,-0.4987,1.1062
39,-0.02,15,0.00,0.0000,1.0837,-1.0837,-0.4965,1.1744
39,-0.02,16,0.00,0.0000,1.1054,-1.1054,-0.4944,1.2219
39,-0.02,17,0.00,0.0000,1.1153,-1.1153,-0.4933,1.2440
39,-0.02,18,0.00,0.0000,1.1134,-1.1134,-0.4936,1.2397
39,-0.02,19,0.00,0.0000,1.1011,-1.1011,-0.4949,1.2124
39,-0.02,20,0.00,0.0000,1.0808,-1.0808,-0.4967,1.1682
39,-0.02,21,0.00,0.0000,1.0558,-1.0558,-0.4984,1.1147
39,-0.02,22,0.00,0.0000,1.0289,-1.0289,-0.4996,1.0587
39,-0.02,23,0.00,0.0000,1.0029,-1.0029,-0.5000,1.0057
39,-0.02,24,0.00,0.0000,0.9797,-0.9797,-0.4998,0.9598
39,-0.03,25,0.00,0.0000,0.9607,-0.9607,-0.4992,0.9229
39,-0.03,26,0.00,0.0000,0.9467,-0.9467,-0.4986,0.8963
39,-0.03,27,0.00,0.0000,0.9381,-0.9381,-0.4981,0.8801
39,-0.03,28,0.00,0.0000,0.9348,-0.9348,-0.4979,0.8738
39,-0.03,29,0.00,0.0000,0.9364,-0.9364,-0.4980,0.8768
39,-0.03,30,0.00,0.0000,0.9423,-0.9423,-0.4983,0.8880
39,-0.03,31,0.00,0.0000,0.9519,-0.9519,-0.4988,0.9061
39,-0.03,32,0.00,0.0000,0.9641,-0.9641,-0.4994,0.9294
39,-0.03,33,0.00,0.0000,0.9779,-0.9779,-0.4998,0.9562
39,-0.03,34,0.00,0.0000,0.9921,-0.9921,-0.5000,0.9843
39,-0.04,35,0.00,0.0000,1.0057,-1.0057,-0.5000,1.0115
39,-0.04,36,0.00,0.0000,1.0176,-1.0176,-0.4998,1.0356
39,-0.04,37,0.00,0.0000,1.0270,-1.0270,-0.4996,1.0547
39,-0.04,38,0.00,0.0000,1.0333,-1.0333,-0.4994,1.0677
39,-0.04,39,0.00,0.0000,1.0361,-1.0361,-0.4993,1.0736
39,-0.04,40,0.00,0.0000,1.0357,-1.0357,-0.4994,1.0727
39,-0.04,41,0.00,0.0000,1.0323,-1.0323,-0.4995,1.0657
39,-0.04,42,0.00,0.0000,1.0266,-1.0266,-0.4996,1.0539
39,-0.04,43,0.00,0.0000,1.0192,-1.0192,-0.4998,1.0389
39,-0.04,44,0.00,0.0000,1.0111,-1.0111,-0.4999,1.0224
39,-0.05,45,0.00,0.0000,1.0030,-1.0030,-0.5000,1.0059
39,-0.05,46,0.00,0.0000,0.9954,-0.9954,-0.5000,0.9908
39,-0.05,47,0.00,0.0000,0.9890,-0.9890,-0.4999,0.9782
39,-0.05,48,0.00,0.0000,0.9841,-0.9841,-0.4999,0.9685
39,-0.05,49,0.00,0.0000,0.9810,-0.9810,-0.4998,0.9624
39,-0.05,50,0.00,0.0000,0.9796,-0.9796,-0.4998,0.9597
39,-0.05,51,0.00,0.0000,0.9800,-0.9800,-0.4998,0.9604
39,-0.05,52,0.00,0.0000,0.9818,-0.9818,-0.4998,0.9640
39,-0.05,53,0.00,0.0000,0.9849,-0.9849,-0.4999,0.9700
39,-0.05,54,0.00,0.0000,0.9888,-0.9888,-0.4999,0.9778
39,-0.06,55,0.00,0.0000,0.9933,-0.9933,-0.5000,0.9866
39,-0.06,56,0.00,0.0000,0.9978,-0.9978,-0.5000,0.9957
39,-0.06,57,0.00,0.0000,1.0021,-1.0021,-0.5000,1.0042
39,-0.06,58,0.00,0.0000,1.0058,-1.0058,-0.5000,1.0117
39,-0.06,59,0.00,0.0000,1.0087,-1.0087,-0.5000,1.0175
39,-0.06,60,0.00,0.0000,1.0106,-1.0106,-0.4999,1.0212
39,-0.06,61,0.00,0.0000,1.0114,-1.0114,-0.4999,1.0229
39,-0.06,62,0.00,0.0000,1.0112,-1.0112,-0.4999,1.0226
39,-0.06,63,0.00,0.0000,1.0102,-1.0102,-0.4999,1.0204
39,-0.06,64,0.00,0.0000,1.0084,-1.0084,-0.5000,1.0168
39,-0.07,65,0.00,0.0000,1.0061,-1.0061,-0.5000,1.0122
39,-0.07,66,0.00,0.0000,1.0035,-1.0035,-0.5000,1.0071
39,-0.07,67,0.00,0.0000,1.0010,-1.0010,-0.5000,1.0019
39,-0.07,68,0.00,0.0000,0.9986,-0.9986,-0.5000,0.9971
39,-0.07,69,0.00,0.0000,0.9965,-0.9965,-0.5000,0.9931
39,-0.07,70,0.00,0.0000,0.9950,-0.9950,-0.5000,0.9900
39,-0.07,71,0.00,0.0000,0.9940,-0.9940,-0.5000,0.9880
39,-0.07,72,0.00,0.0000,0.9936,-0.9936,-0.5000,0.9872
39,-0.07,73,0.00,0.0000,0.9937,-0.9937,-0.5000,0.9874
39,-0.07,74,0.00,0.0000,0.9943,-0.9943,-0.5000,0.9887
39,-0.08,75,0.00,0.0000,0.9953,-0.9953,-0.5000,0.9907
39,-0.08,76,0.00,0.0000,0.9966,-0.9966,-0.5000,0.9933
39,-0.08,77,0.00,0.0000,0.9981,-0.9981,-0.5000,0.9961
39,-0.08,78,0.00,0.0000,0.9995,-0.9995,-0.5000,0.9990
39,-0.08,79,0.00,0.0000,1.0009,-1.0009,-0.5000,1.0017
39,-0.08,80,0.00,0.0000,1.0020,-1.0020,-0.5000,1.0040
39,-0.08,81,0.00,0.0000,1.0029,-1.0029,-0.5000,1.0057
39,-0.08,82,0.00,0.0000,1.0034,-1.0034,-0.5000,1.0068
39,-0.08,83,0.00,0.0000,1.0036,-1.0036,-0.5000,1.0073
39,-0.08,84,0.00,0.0000,1.0035,-1.0035,-0.5000,1.0071
39,-0.09,85,0.00,0.0000,1.0032,-1.0032,-0.5000,1.0063
39,-0.09,86,0.00,0.0000,1.0026,-1.0026,-0.5000,1.0051
39,-0.09,87,0.00,0.0000,1.0018,-1.0018,-0.5000,1.0036
39,-0.09,88,0.00,0.0000,1.0010,-1.0010,-0.5000,1.0020
39,-0.09,89,0.00,0.0000,1.0002,-1.0002,-0.5000,1.0004
39,-0.09,90,0.00,0.0000,0.9994,-0.9994,-0.5000,0.9989
39,-0.09,91,0.00,0.0000,0.9988,-0.9988,-0.5000,0.9976
39,-0.09,92,0.00,0.0000,0.9983,-0.9983,-0.5000,0.9967
39,-0.09,93,0.00,0.0000,0.9980,-0.9980,-0.5000,0.9961
39,-0.09,94,0.00,0.0000,0.9979,-0.9979,-0.5000,0.9959
39,-0.10,95,0.00,0.0000,0.9980,-0.9980,-0.5000,0.9961
39,-0.10,96,0.00,0.0000,0.9983,-0.9983,-0.5000,0.9965
39,-0.10,97,0.00,0.0000,0.9986,-0.9986,-0.5000,0.9972
39,-0.10,98,0.00,0.0000,0.9990,-0.9990,-0.5000,0.9981
39,-0.10,99,0.00,0.0000,0.9995,-0.9995,-0.5000,0.9990
39,-0.10,100,0.00,0.0000,1.9909,-1.9909,48.5984,101.1785
40,-0.00,1,0.00,0.0000,0.9151,-0.9151,-0.4964,0.8373
40,-0.00,2,0.00,0.0000,0.8577,-0.8577,-0.4899,0.7356
40,-0.00,3,0.00,0.0000,0.8169,-0.8169,-0.4832,0.6673
40,-0.00,4,0.00,0.0000,0.7915,-0.7915,-0.4783,0.6265
40,-0.01,5,0.00,0.0000,0.7801,-0.7801,-0.4758,0.6086
40,-0.01,6,0.00,0.0000,0.7814,-0.7814,-0.4761,0.6106
40,-0.01,7,0.00,0.0000,0.7939,-0.7939,-0.4788,0.6303
40,-0.01,8,0.00,0.0000,0.8165,-0.8165,-0.4832,0.6667
40,-0.01,9,0.00,0.0000,0.8478,-0.8478,-0.4884,0.7188
40,-0.01,10,0.00,0.0000,0.8861,-0.8861,-0.4935,0.7852
40,-0.01,11,0.00,0.0000,0.9293,-0.9293,-0.4975,0.8636
40,-0.01,12,0.00,0.0000,0.9747,-0.9747,-0.4997,0.9501
40,-0.01,13,0.00,0.0000,1.0191,-1.0191,-0.4998,1.0386
40,-0.01,14,0.00,0.0000,1.0589,-1.0589,-0.4983,1.1213
40,-0.02,15,0.00,0.0000,1.0906,-1.0906,-0.4959,1.1895
40,-0.02,16,0.00,0.0000,1.1115,-1.1115,-0.4938,1.2355
40,-0.02,17,0.00,0.0000,1.1202,-1.1202,-0.4928,1.2548
40,-0.02,18,0.00,0.0000,1.1167,-1.1167,-0.4932,1.2470
40,-0.02,19,0.00,0.0000,1.1027,-1.1027,-0.4947,1.2160
40,-0.02,20,0.00,0.0000,1.0810,-1.0810,-0.4967,1.1685
40,-0.02,21,0.00,0.0000,1.0547,-1.0547,-0.4985,1.1124
40,-0.02,22,0.00,0.0000,1.0269,-1.0269,-0.4996,1.0546
40,-0.02,23,0.00,0.0000,1.0003,-1.0003,-0.5000,1.0006
40,-0.02,24,0.00,0.0000,0.9768,-0.9768,-0.4997,0.9542
40,-0.03,25,0.00,0.0000,0.9578,-0.9578,-0.4991,0.9173
40,-0.03,26,0.00,0.0000,0.9439,-0.9439,-0.4984,0.8909
40,-0.03,27,0.00,0.0000,0.9355,-0.9355,-0.4979,0.8752
40,-0.03,28,0.00,0.0000,0.9325,-0.9325,-0.4977,0.8695
40,-0.03,29,0.00,0.0000,0.9344,-0.9344,-0.4979,0.8732
40,-0.03,30,0.00,0.0000,0.9408,-0.9408,-0.4982,0.8851
40,-0.03,31,0.00,0.0000,0.9508,-0.9508,-0.4988,0.9039
40,-0.03,32,0.00,0.0000,0.9634,-0.9634,-0.4993,0.9281
40,-0.03,33,0.00,0.0000,0.9775,-0.9775,-0.4997,0.9556
40,-0.03,34,0.00,0.0000,0.9922,-0.9922,-0.5000,0.9844
40,-0.04,35,0.00,0.0000,1.0061,-1.0061,-0.5000,1.0122
40,-0.04,36,0.00,0.0000,1.0183,-1.0183,-0.4998,1.0369
40,-0.04,37,0.00,0.0000,1.0279,-1.0279,-0.4996,1.0565
40,-0.04,38,0.00,0.0000,1.0343,-1.0343,-0.4994,1.0698
40,-0.04,39,0.00,0.0000,1.0373,-1.0373,-0.4993,1.0759
40,-0.04,40,0.00,0.0000,1.0368,-1.0368,-0.4993,1.0750
40,-0.04,41,0.00,0.0000,1.0334,-1.0334,-0.4994,1.0679
40,-0.04,42,0.00,0.0000,1.0275,-1.0275,-0.4996,1.0558
40,-0.04,43,0.00,0.0000,1.0201,-1.0201,-0.4998,1.0405
40,-0.04,44,0.00,0.0000,1.0118,-1.0118,-0.4999,1.0237
40,-0.05,45,0.00,0.0000,1.0034,-1.0034,-0.5000,1.0068
40,-0.05,46,0.00,0.0000,0.9956,-0.9956,-0.5000,0.9913
40,-0.05,47,0.00,0.0000,0.9890,-0.9890,-0.4999,0.9782
40,-0.05,48,0.00,0.0000,0.9840,-0.9840,-0.4999,0.9682
40,-0.05,49,0.00,0.0000,0.9806,-0.9806,-0.4998,0.9616
40,-0.05,50,0.00,0.0000,0.9791,-0.9791,-0.4998,0.9587
40,-0.05,51,0.00,0.0000,0.9793,-0.9793,-0.4998,0.9591
40,-0.05,52,0.00,0.0000,0.9811,-0.9811,-0.4998,0.9626
40,-0.05,53,0.00,0.0000,0.9842,-0.9842,-0.4999,0.9686
40,-0.05,54,0.00,0.0000,0.9881,-0.9881,-0.4999,0.9764
40,-0.06,55,0.00,0.0000,0.9926,-0.9926,-0.5000,0.9853
40,-0.06,56,0.00,0.0000,0.9973,-0.9973,-0.5000,0.9945
40,-0.06,57,0.00,0.0000,1.0017,-1.0017,-0.5000,1.0033
40,-0.06,58,0.00,0.0000,1.0055,-1.0055,-0.5000,1.0111
40,-0.06,59,0.00,0.0000,1.0086,-1.0086,-0.5000,1.0172
40,-0.06,60,0.00,0.0000,1.0106,-1.0106,-0.4999,1.0214
40,-0.06,61,0.00,0.0000,1.0116,-1.0116,-0.4999,1.0234
40,-0.06,62,0.00,0.0000,1.0116,-1.0116,-0.4999,1.0233
40,-0.06,63,0.00,0.0000,1.0106,-1.0106,-0.4999,1.0214
40,-0.06,64,0.00,0.0000,1.0089,-1.0089,-0.5000,1.0179
40,-0.07,65,0.00,0.0000,1.0066,-1.0066,-0.5000,1.0133
40,-0.07,66,0.00,0.0000,1.0041,-1.0041,-0.5000,1.0082
40,-0.07,67,0.00,0.0000,1.0014,-1.0014,-0.5000,1.0029
40,-0.07,68,0.00,0.0000,0.9990,-0.9990,-0.5000,0.9979
40,-0.07,69,0.00,0.0000,0.9968,-0.9968,-0.5000,0.9937
40,-0.07,70,0.00,0.0000,0.9951,-0.9951,-0.5000,0.9903
40,-0.07,71,0.00,0.0000,0.9940,-0.9940,-0.5000,0.9881
40,-0.07,72,0.00,0.0000,0.9935,-0.9935,-0.5000,0.9870
40,-0.07,73,0.00,0.0000,0.9935,-0.9935,-0.5000,0.9870
40,-0.07,74,0.00,0.0000,0.9940,-0.9940,-0.5000,0.9881
40,-0.08,75,0.00,0.0000,0.9950,-0.9950,-0.5000,0.9900
40,-0.08,76,0.00,0.0000,0.9962,-0.9962,-0.5000,0.9925
40,-0.08,77,0.00,0.0000,0.9977,-0.9977,-0.5000,0.9953
40,-0.08,78,0.00,0.0000,0.9991,-0.9991,-0.5000,0.9983
40,-0.08,79,0.00,0.0000,1.0005,-1.0005,-0.5000,1.0011
40,-0.08,80,0.00,0.0000,1.0017,-1.0017,-0.5000,1.0035
40,-0.08,81,0.00,0.0000,1.0027,-1.0027,-0.5000,1.0054
40,-0.08,82,0.00,0.0000,1.0033,-1.0033,-0.5000,1.0067
40,-0.08,83,0.00,0.0000,1.0037,-1.0037,-0.5000,1.0073
40,-0.08,84,0.00,0.0000,1.0036,-1.0036,-0.5000,1.0073
40,-0.09,85,0.00,0.0000,1.0033,-1.0033,-0.5000,1.0067
40,-0.09,86,0.00,0.0000,1.0028,-1.0028,-0.5000,1.0056
40,-0.09,87,0.00,0.0000,1.0021,-1.0021,-0.5000,1.0042
40,-0.09,88,0.00,0.0000,1.0013,-1.0013,-0.5000,1.0026
40,-0.09,89,0.00,0.0000,1.0004,-1.0004,-0.5000,1.0009
40,-0.09,90,0.00,0.0000,0.9997,-0.9997,-0.5000,0.9993
40,-0.09,91,0.00,0.0000,0.9990,-0.9990,-0.5000,0.9980
40,-0.09,92,0.00,0.0000,0.9985,-0.9985,-0.5000,0.9969
40,-0.09,93,0.00,0.0000,0.9981,-0.9981,-0.5000,0.9962
40,-0.09,94,0.00,0.0000,0.9979,-0.9979,-0.5000,0.9959
40,-0.10,95,0.00,0.0000,0.9980,-0.9980,-0.5000,0.9959
40,-0.10,96,0.00,0.0000,0.9981,-0.9981,-0.5000,0.9963
40,-0.10,97,0.00,0.0000,0.9984,-0.9984,-0.5000,0.9969
40,-0.10,98,0.00,0.0000,0.9988,-0.9988,-0.5000,0.9977
40,-0.10,99,0.00,0.0000,0.9993,-0.9993,-0.5000,0.9986
40,-0.10,100,0.00,0.0000,1.9905,-1.9905,48.5810,101.1430
41,-0.00,1,0.00,0.0000,0.9367,-0.9367,-0.4980,0.8774
41,-0.00,2,0.00,0.0000,0.8771,-0.8771,-0.4925,0.7694
41,-0.00,3,0.00,0.0000,0.8337,-0.8337,-0.4862,0.6950
41,-0.00,4,0.00,0.0000,0.8055,-0.8055,-0.4811,0.6488
41,-0.01,5,0.00,0.0000,0.7913,-0.7913,-0.4782,0.6261
41,-0.01,6,0.00,0.0000,0.7897,-0.7897,-0.4779,0.6236
41,-0.01,7,0.00,0.0000,0.7994,-0.7994,-0.4799,0.6391
41,-0.01,8,0.00,0.0000,0.8193,-0.8193,-0.4837,0.6712
41,-0.01,9,0.00,0.0000,0.8479,-0.8479,-0.4884,0.7190
41,-0.01,10,0.00,0.0000,0.8837,-0.8837,-0.4932,0.7809
41,-0.01,11,0.00,0.0000,0.9246,-0.9246,-0.4972,0.8549
41,-0.01,12,0.00,0.0000,0.9681,-0.9681,-0.4995,0.9373
41,-0.01,13,0.00,0.0000,1.0112,-1.0112,-0.4999,1.0225
41,-0.01,14,0.00,0.0000,1.0503,-1.0503,-0.4987,1.1032
41,-0.02,15,0.00,0.0000,1.0823,-1.0823,-0.4966,1.1714
41,-0.02,16,0.00,0.0000,1.1042,-1.1042,-0.4946,1.2194
41,-0.02,17,0.00,0.0000,1.1146,-1.1146,-0.4934,1.2423
41,-0.02,18,0.00,0.0000,1.1132,-1.1132,-0.4936,1.2393
41,-0.02,19,0.00,0.0000,1.1015,-1.1015,-0.4948,1.2133
41,-0.02,20,0.00,0.0000,1.0818,-1.0818,-0.4967,1.1704
41,-0.02,21,0.00,0.0000,1.0572,-1.0572,-0.4984,1.1177
41,-0.02,22,0.00,0.0000,1.0306,-1.0306,-0.4995,1.0622
41,-0.02,23,0.00,0.0000,1.0047,-1.0047,-0.5000,1.0094
41,-0.02,24,0.00,0.0000,0.9815,-0.9815,-0.4998,0.9632
41,-0.03,25,0.00,0.0000,0.9623,-0.9623,-0.4993,0.9260
41,-0.03,26,0.00,0.0000,0.9481,-0.9481,-0.4987,0.8988
41,-0.03,27,0.00,0.0000,0.9391,-0.9391,-0.4981,0.8818
41,-0.03,28,0.00,0.0000,0.9353,-0.9353,-0.4979,0.8748
41,-0.03,29,0.00,0.0000,0.9365,-0.9365,-0.4980,0.8770
41,-0.03,30,0.00,0.0000,0.9420,-0.9420,-0.4983,0.8874
41,-0.03,31,0.00,0.0000,0.9512,-0.9512,-0.4988,0.9047
41,-0.03,32,0.00,0.0000,0.9630,-0.9630,-0.4993,0.9274
41,-0.03,33,0.00,0.0000,0.9765,-0.9765,-0.4997,0.9536
41,-0.03,34,0.00,0.0000,0.9907,-0.9907,-0.5000,0.9814
41,-0.04,35,0.00,0.0000,1.0042,-1.0042,-0.5000,1.0085
41,-0.04,36,0.00,0.0000,1.0162,-1.0162,-0.4999,1.0327
41,-0.04,37,0.00,0.0000,1.0258,-1.0258,-0.4997,1.0523
41,-0.04,38,0.00,0.0000,1.0324,-1.0324,-0.4995,1.0659
41,-0.04,39,0.00,0.0000,1.0357,-1.0357,-0.4994,1.0726
41,-0.04,40,0.00,0.0000,1.0356,-1.0356,-0.4994,1.0725
41,-0.04,41,0.00,0.0000,1.0326,-1.0326,-0.4995,1.0663
41,-0.04,42,0.00,0.0000,1.0272,-1.0272,-0.4996,1.0552
41,-0.04,43,0.00,0.0000,1.0202,-1.0202,-0.4998,1.0407
41,-0.04,44,0.00,0.0000,1.0122,-1.0122,-0.4999,1.0245
41,-0.05,45,0.00,0.0000,1.0041,-1.0041,-0.5000,1.0082
41,-0.05,46,0.00,0.0000,0.9965,-0.9965,-0.5000,0.9931
41,-0.05,47,0.00,0.0000,0.9900,-0.9900,-0.4999,0.9801
41,-0.05,48,0.00,0.0000,0.9850,-0.9850,-0.4999,0.9702
41,-0.05,49,0.00,0.0000,0.9816,-0.9816,-0.4998,0.9635
41,-0.05,50,0.00,0.0000,0.9799,-0.9799,-0.4998,0.9603
41,-0.05,51,0.00,0.0000,0.9800,-0.9800,-0.4998,0.9604
41,-0.05,52,0.00,0.0000,0.9816,-0.9816,-0.4998,0.9636
41,-0.05,53,0.00,0.0000,0.9845,-0.9845,-0.4999,0.9692
41,-0.05,54,0.00,0.0000,0.9882,-0.9882,-0.4999,0.9766
41,-0.06,55,0.00,0.0000,0.9926,-0.9926,-0.5000,0.9852
41,-0.06,56,0.00,0.0000,0.9970,-0.9970,-0.5000,0.9941
41,-0.06,57,0.00,0.0000,1.0013,-1.0013,-0.5000,1.0027
41,-0.06,58,0.00,0.0000,1.0051,-1.0051,-0.5000,1.0102
41,-0.06,59,0.00,0.0000,1.0081,-1.0081,-0.5000,1.0163
41,-0.06,60,0.00,0.0000,1.0102,-1.0102,-0.4999,1.0204
41,-0.06,61,0.00,0.0000,1.0112,-1.0112,-0.4999,1.0225
41,-0.06,62,0.00,0.0000,1.0112,-1.0112,-0.4999,1.0225
41,-0.06,63,0.00,0.0000,1.0103,-1.0103,-0.4999,1.0207
41,-0.06,64,0.00,0.0000,1.0087,-1.0087,-0.5000,1.0174
41,-0.07,65,0.00,0.0000,1.0065,-1.0065,-0.5000,1.0131
41,-0.07,66,0.00,0.0000,1.0040,-1.0040,-0.5000,1.0081
41,-0.07,67,0.00,0.0000,1.0015,-1.0015,-0.5000,1.0030
41,-0.07,68,0.00,0.0000,0.9991,-0.9991,-0.5000,0.9982
41,-0.07,69,0.00,0.0000,0.9970,-0.9970,-0.5000,0.9940
41,-0.07,70,0.00,0.0000,0.9954,-0.9954,-0.5000,0.9907
41,-0.07,71,0.00,0.0000,0.9942,-0.9942,-0.5000,0.9885
41,-0.07,72,0.00,0.0000,0.9937,-0.9937,-0.5000,0.9875
41,-0.07,73,0.00,0.0000,0.9937,-0.9937,-0.5000,0.9875
41,-0.07,74,0.00,0.0000,0.9942,-0.9942,-0.5000,0.9885
41,-0.08,75,0.00,0.0000,0.9951,-0.9951,-0.5000,0.9903
41,-0.08,76,0.00,0.0000,0.9963,-0.9963,-0.5000,0.9927
41,-0.08,77,0.00,0.0000,0.9977,-0.9977,-0.5000,0.9955
41,-0.08,78,0.00,0.0000,0.9992,-0.9992,-0.5000,0.9983
41,-0.08,79,0.00,0.0000,1.0005,-1.0005,-0.5000,1.0010
41,-0.08,80,0.00,0.0000,1.0017,-1.0017,-0.5000,1.0034
41,-0.08,81,0.00,0.0000,1.0026,-1.0026,-0.5000,1.0052
41,-0.08,82,0.00,0.0000,1.0032,-1.0032,-0.5000,1.0065
41,-0.08,83,0.00,0.0000,1.0035,-1.0035,-0.5000,1.0071
41,-0.08,84,0.00,0.0000,1.0035,-1.0035,-0.5000,1.0071
41,-0.09,85,0.00,0.0000,1.0032,-1.0032,-0.5000,1.0065
41,-0.09,86,0.00,0.0000,1.0027,-1.0027,-0.5000,1.0054
41,-0.09,87,0.00,0.0000,1.0020,-1.0020,-0.5000,1.0040
41,-0.09,88,0.00,0.0000,1.0012,-1.0012,-0.5000,1.0024
41,-0.09,89,0.00,0.0000,1.0004,-1.0004,-0.5000,1.0008
41,-0.09,90,0.00,0.0000,0.9996,-0.9996,-0.5000,0.9993
41,-0.09,91,0.00,0.0000,0.9990,-0.9990,-0.5000,0.9980
41,-0.09,92,0.00,0.0000,0.9985,-0.9985,-0.5000,0.9970
41,-0.09,93,0.00,0.0000,0.9982,-0.9982,-0.5000,0.9963
41,-0.09,94,0.00,0.0000,0.9980,-0.9980,-0.5000,0.9960
41,-0.10,95,0.00,0.0000,0.9980,-0.9980,-0.5000,0.9960
41,-0.10,96,0.00,0.0000,0.9982,-0.9982,-0.5000,0.9964
41,-0.10,97,0.00,0.0000,0.9985,-0.9985,-0.5000,0.9970
41,-0.10,98,0.00,0.0000,0.9989,-0.9989,-0.5000,0.9978
41,-0.10,99,0.00,0.0000,0.9994,-0.9994,-0.5000,0.9987
41,-0.10,100,0.00,0.0000,1.9906,-1.9906,48.5840,101.1493
42,-0.00,1,0.00,0.0000,0.9248,-0.9248,-0.4972,0.8553
42,-0.00,2,0.00,0.0000,0.8666,-0.8666,-0.4911,0.7510
42,-0.00,3,0.00,0.0000,0.8247,-0.8247,-0.4846,0.6801
42,-0.00,4,0.00,0.0000,0.7981,-0.7981,-0.4796,0.6369
42,-0.01,5,0.00,0.0000,0.7854,-0.7854,-0.4770,0.6168
42,-0.01,6,0.00,0.0000,0.7853,-0.7853,-0.4770,0.6167
42,-0.01,7,0.00,0.0000,0.7965,-0.7965,-0.4793,0.6344
42,-0.01,8,0.00,0.0000,0.8177,-0.8177,-0.4834,0.6687
42,-0.01,9,0.00,0.0000,0.8476,-0.8476,-0.4884,0.7184
42,-0.01,10,0.00,0.0000,0.8846,-0.8846,-0.4933,0.7825
42,-0.01,11,0.00,0.0000,0.9265,-0.9265,-0.4973,0.8585
42,-0.01,12,0.00,0.0000,0.9709,-0.9709,-0.4996,0.9427
42,-0.01,13,0.00,0.0000,1.0146,-1.0146,-0.4999,1.0294
42,-0.01,14,0.00,0.0000,1.0540,-1.0540,-0.4985,1.1110
42,-0.02,15,0.00,0.0000,1.0859,-1.0859,-0.4963,1.1793
42,-0.02,16,0.00,0.0000,1.1075,-1.1075,-0.4942,1.2266
42,-0.02,17,0.00,0.0000,1.1173,-1.1173,-0.4931,1.2483
42,-0.02,18,0.00,0.0000,1.1151,-1.1151,-0.4934,1.2435
42,-0.02,19,0.00,0.0000,1.1025,-1.1025,-0.4947,1.2156
42,-0.02,20,0.00,0.0000,1.0821,-1.0821,-0.4966,1.1708
42,-0.02,21,0.00,0.0000,1.0568,-1.0568,-0.4984,1.1167
42,-0.02,22,0.00,0.0000,1.0297,-1.0297,-0.4996,1.0603
42,-0.02,23,0.00,0.0000,1.0034,-1.0034,-0.5000,1.0069
42,-0.02,24,0.00,0.0000,0.9800,-0.9800,-0.4998,0.9604
42,-0.03,25,0.00,0.0000,0.9608,-0.9608,-0.4992,0.9231
42,-0.03,26,0.00,0.0000,0.9466,-0.9466,-0.4986,0.8960
42,-0.03,27,0.00,0.0000,0.9377,-0.9377,-0.4981,0.8792
42,-0.03,28,0.00,0.0000,0.9341,-0.9341,-0.4978,0.8725
42,-0.03,29,0.00,0.0000,0.9354,-0.9354,-0.4979,0.8750
42,-0.03,30,0.00,0.0000,0.9411,-0.9411,-0.4983,0.8857
42,-0.03,31,0.00,0.0000,0.9505,-0.9505,-0.4988,0.9034
42,-0.03,32,0.00,0.0000,0.9625,-0.9625,-0.4993,0.9265
42,-0.03,33,0.00,0.0000,0.9763,-0.9763,-0.4997,0.9531
42,-0.03,34,0.00,0.0000,0.9906,-0.9906,-0.5000,0.9812
42,-0.04,35,0.00,0.0000,1.0043,-1.0043,-0.5000,1.0087
42,-0.04,36,0.00,0.0000,1.0165,-1.0165,-0.4999,1.0333
42,-0.04,37,0.00,0.0000,1.0262,-1.0262,-0.4997,1.0532
42,-0.04,38,0.00,0.0000,1.0329,-1.0329,-0.4995,1.0669
42,-0.04,39,0.00,0.0000,1.0362,-1.0362,-0.4993,1.0738
42,-0.04,40,0.00,0.0000,1.0362,-1.0362,-0.4993,1.0738
42,-0.04,41,0.00,0.0000,1.0332,-1.0332,-0.4994,1.0676
42,-0.04,42,0.00,0.0000,1.0278,-1.0278,-0.4996,1.0564
42,-0.04,43,0.00,0.0000,1.0207,-1.0207,-0.4998,1.0418
42,-0.04,44,0.00,0.0000,1.0126,-1.0126,-0.4999,1.0254
42,-0.05,45,0.00,0.0000,1.0044,-1.0044,-0.5000,1.0088
42,-0.05,46,0.00,0.0000,0.9967,-0.9967,-0.5000,0.9934
42,-0.05,47,0.00,0.0000,0.9901,-0.9901,-0.5000,0.9803
42,-0.05,48,0.00,0.0000,0.9849,-0.9849,-0.4999,0.9701
42,-0.05,49,0.00,0.0000,0.9814,-0.9814,-0.4998,0.9632
42,-0.05,50,0.00,0.0000,0.9797,-0.9797,-0.4998,0.9598
42,-0.05,51,0.00,0.0000,0.9797,-0.9797,-0.4998,0.9598
42,-0.05,52,0.00,0.0000,0.9812,-0.9812,-0.4998,0.9628
42,-0.05,53,0.00,0.0000,0.9840,-0.9840,-0.4999,0.9683
42,-0.05,54,0.00,0.0000,0.9878,-0.9878,-0.4999,0.9758
42,-0.06,55,0.00,0.0000,0.9921,-0.9921,-0.5000,0.9843
42,-0.06,56,0.00,0.0000,0.9967,-0.9967,-0.5000,0.9934
42,-0.06,57,0.00,0.0000,1.0010,-1.0010,-0.5000,1.0021
42,-0.06,58,0.00,0.0000,1.0049,-1.0049,-0.5000,1.0098
42,-0.06,59,0.00,0.0000,1.0080,-1.0080,-0.5000,1.0160
42,-0.06,60,0.00,0.0000,1.0101,-1.0101,-0.4999,1.0204
42,-0.06,61,0.00,0.0000,1.0113,-1.0113,-0.4999,1.0227
42,-0.06,62,0.00,0.0000,1.0114,-1.0114,-0.4999,1.0229
42,-0.06,63,0.00,0.0000,1.0106,-1.0106,-0.4999,1.0212
42,-0.06,64,0.00,0.0000,1.0090,-1.0090,-0.5000,1.0180
42,-0.07,65,0.00,0.0000,1.0068,-1.0068,-0.5000,1.0137
42,-0.07,66,0.00,0.0000,1.0044,-1.0044,-0.5000,1.0087
42,-0.07,67,0.00,0.0000,1.0018,-1.0018,-0.5000,1.0036
42,-0.07,68,0.00,0.0000,0.9994,-0.9994,-0.5000,0.9987
42,-0.07,69,0.00,0.0000,0.9972,-0.9972,-0.5000,0.9944
42,-0.07,70,0.00,0.0000,0.9955,-0.9955,-0.5000,0.9910
42,-0.07,71,0.00,0.0000,0.9943,-0.9943,-0.5000,0.9886
42,-0.07,72,0.00,0.0000,0.9937,-0.9937,-0.5000,0.9874
42,-0.07,73,0.00,0.0000,0.9936,-0.9936,-0.5000,0.9873
42,-0.07,74,0.00,0.0000,0.9941,-0.9941,-0.5000,0.9882
42,-0.08,75,0.00,0.0000,0.9949,-0.9949,-0.5000,0.9899
42,-0.08,76,0.00,0.0000,0.9961,-0.9961,-0.5000,0.9922
42,-0.08,77,0.00,0.0000,0.9975,-0.9975,-0.5000,0.9950
42,-0.08,78,0.00,0.0000,0.9989,-0.9989,-0.5000,0.9978
42,-0.08,79,0.00,0.0000,1.0003,-1.0003,-0.5000,1.0006
42,-0.08,80,0.00,0.0000,1.0015,-1.0015,-0.5000,1.0031
42,-0.08,81,0.00,0.0000,1.0025,-1.0025,-0.5000,1.0050
42,-0.08,82,0.00,0.0000,1.0032,-1.0032,-0.5000,1.0064
42,-0.08,83,0.00,0.0000,1.0035,-1.0035,-0.5000,1.0071
42,-0.08,84,0.00,0.0000,1.0036,-1.0036,-0.5000,1.0072
42,-0.09,85,0.00,0.0000,1.0033,-1.0033,-0.5000,1.0067
42,-0.09,86,0.00,0.0000,1.0028,-1.0028,-0.5000,1.0057
42,-0.09,87,0.00,0.0000,1.0022,-1.0022,-0.5000,1.0043
42,-0.09,88,0.00,0.0000,1.0014,-1.0014,-0.5000,1.0028
42,-0.09,89,0.00,0.0000,1.0006,-1.0006,-0.5000,1.0011
42,-0.09,90,0.00,0.0000,0.9998,-0.9998,-0.5000,0.9996
42,-0.09,91,0.00,0.0000,0.9991,-0.9991,-0.5000,0.9982
42,-0.09,92,0.00,0.0000,0.9986,-0.9986,-0.5000,0.9971
42,-0.09,93,0.00,0.0000,0.9982,-0.9982,-0.5000,0.9964
42,-0.09,94,0.00,0.0000,0.9980,-0.9980,-0.5000,0.9960
42,-0.10,95,0.00,0.0000,0.9980,-0.9980,-0.5000,0.9960
42,-0.10,96,0.00,0.0000,0.9981,-0.9981,-0.5000,0.9963
42,-0.10,97,0.00,0.0000,0.9984,-0.9984,-0.5000,0.9968
42,-0.10,98,0.00,0.0000,0.9988,-0.9988,-0.5000,0.9976
42,-0.10,99,0.00,0.0000,0.9992,-0.9992,-0.5000,0.9985
42,-0.10,100,0.00,0.0000,1.9904,-1.9904,48.5737,101.1281
43,-0.00,1,0.00,0.0000,0.9135,-0.9135,-0.4963,0.8346
43,-0.00,2,0.00,0.0000,0.8571,-0.8571,-0.4898,0.7347
43,-0.00,3,0.00,0.0000,0.8171,-0.8171,-0.4833,0.6676
43,-0.00,4,0.00,0.0000,0.7921,-0.7921,-0.4784,0.6275
43,-0.01,5,0.00,0.0000,0.7810,-0.7810,-0.4760,0.6100
43,-0.01,6,0.00,0.0000,0.7822,-0.7822,-0.4763,0.6119
43,-0.01,7,0.00,0.0000,0.7947,-0.7947,-0.4789,0.6315
43,-0.01,8,0.00,0.0000,0.8172,-0.8172,-0.4833,0.6679
43,-0.01,9,0.00,0.0000,0.8489,-0.8489,-0.4886,0.7207
43,-0.01,10,0.00,0.0000,0.8883,-0.8883,-0.4938,0.7892
43,-0.01,11,0.00,0.0000,0.9336,-0.9336,-0.4978,0.8717
43,-0.01,12,0.00,0.0000,0.9822,-0.9822,-0.4998,0.9648
43,-0.01,13,0.00,0.0000,1.0305,-1.0305,-0.4995,1.0619
43,-0.01,14,0.00,0.0000,1.0720,-1.0720,-0.4974,1.1493
43,-0.02,15,0.00,0.0000,1.1006,-1.1006,-0.4949,1.2114
43,-0.02,16,0.00,0.0000,1.1151,-1.1151,-0.4934,1.2434
43,-0.02,17,0.00,0.0000,1.1161,-1.1161,-0.4933,1.2458
43,-0.02,18,0.00,0.0000,1.1058,-1.1058,-0.4944,1.2228
43,-0.02,19,0.00,0.0000,1.0871,-1.0871,-0.4962,1.1817
43,-0.02,20,0.00,0.0000,1.0632,-1.0632,-0.4980,1.1304
43,-0.02,21,0.00,0.0000,1.0374,-1.0374,-0.4993,1.0761
43,-0.02,22,0.00,0.0000,1.0122,-1.0122,-0.4999,1.0245
43,-0.02,23,0.00,0.0000,0.9896,-0.9896,-0.4999,0.9792
43,-0.02,24,0.00,0.0000,0.9706,-0.9706,-0.4996,0.9421
43,-0.03,25,0.00,0.0000,0.9561,-0.9561,-0.4990,0.9141
43,-0.03,26,0.00,0.0000,0.9462,-0.9462,-0.4986,0.8953
43,-0.03,27,0.00,0.0000,0.9412,-0.9412,-0.4983,0.8858
43,-0.03,28,0.00,0.0000,0.9408,-0.9408,-0.4982,0.8851
43,-0.03,29,0.00,0.0000,0.9445,-0.9445,-0.4985,0.8921
43,-0.03,30,0.00,0.0000,0.9518,-0.9518,-0.4988,0.9059
43,-0.03,31,0.00,0.0000,0.9618,-0.9618,-0.4993,0.9251
43,-0.03,32,0.00,0.0000,0.9737,-0.9737,-0.4997,0.9482
43,-0.03,33,0.00,0.0000,0.9865,-0.9865,-0.4999,0.9732
43,-0.03,34,0.00,0.0000,0.9991,-0.9991,-0.5000,0.9983
43,-0.04,35,0.00,0.0000,1.0107,-1.0107,-0.4999,1.0215
43,-0.04,36,0.00,0.0000,1.0204,-1.0204,-0.4998,1.0411
43,-0.04,37,0.00,0.0000,1.0275,-1.0275,-0.4996,1.0557
43,-0.04,38,0.00,0.0000,1.0317,-1.0317,-0.4995,1.0644
43,-0.04,39,0.00,0.0000,1.0329,-1.0329,-0.4995,1.0670
43,-0.04,40,0.00,0.0000,1.0314,-1.0314,-0.4995,1.0637
43,-0.04,41,0.00,0.0000,1.0274,-1.0274,-0.4996,1.0556
43,-0.04,42,0.00,0.0000,1.0216,-1.0216,-0.4998,1.0438
43,-0.04,43,0.00,0.0000,1.0148,-1.0148,-0.4999,1.0297
43,-0.04,44,0.00,0.0000,1.0074,-1.0074,-0.5000,1.0149
43,-0.05,45,0.00,0.0000,1.0003,-1.0003,-0.5000,1.0005
43,-0.05,46,0.00,0.0000,0.9939,-0.9939,-0.5000,0.9877
43,-0.05,47,0.00,0.0000,0.9886,-0.9886,-0.4999,0.9773
43,-0.05,48,0.00,0.0000,0.9847,-0.9847,-0.4999,0.9696
43,-0.05,49,0.00,0.0000,0.9824,-0.9824,-0.4998,0.9651
43,-0.05,50,0.00,0.0000,0.9816,-0.9816,-0.4998,0.9636
43,-0.05,51,0.00,0.0000,0.9823,-0.9823,-0.4998,0.9650
43,-0.05,52,0.00,0.0000,0.9843,-0.9843,-0.4999,0.9688
43,-0.05,53,0.00,0.0000,0.9873,-0.9873,-0.4999,0.9747
43,-0.05,54,0.00,0.0000,0.9909,-0.9909,-0.5000,0.9819
43,-0.06,55,0.00,0.0000,0.9949,-0.9949,-0.5000,0.9898
43,-0.06,56,0.00,0.0000,0.9989,-0.9989,-0.5000,0.9978
43,-0.06,57,0.00,0.0000,1.0026,-1.0026,-0.5000,1.0052
43,-0.06,58,0.00,0.0000,1.0057,-1.0057,-0.5000,1.0115
43,-0.06,59,0.00,0.0000,1.0081,-1.0081,-0.5000,1.0163
43,-0.06,60,0.00,0.0000,1.0096,-1.0096,-0.5000,1.0193
43,-0.06,61,0.00,0.0000,1.0102,-1.0102,-0.4999,1.0205
43,-0.06,62,0.00,0.0000,1.0099,-1.0099,-0.5000,1.0200
43,-0.06,63,0.00,0.0000,1.0089,-1.0089,-0.5000,1.0179
43,-0.06,64,0.00,0.0000,1.0073,-1.0073,-0.5000,1.0146
43,-0.07,65,0.00,0.0000,1.0052,-1.0052,-0.5000,1.0105
43,-0.07,66,0.00,0.0000,1.0030,-1.0030,-0.5000,1.0060
43,-0.07,67,0.00,0.0000,1.0007,-1.0007,-0.5000,1.0014
43,-0.07,68,0.00,0.0000,0.9986,-0.9986,-0.5000,0.9973
43,-0.07,69,0.00,0.0000,0.9969,-0.9969,-0.5000,0.9937
43,-0.07,70,0.00,0.0000,0.9955,-0.9955,-0.5000,0.9910
43,-0.07,71,0.00,0.0000,0.9947,-0.9947,-0.5000,0.9893
43,-0.07,72,0.00,0.0000,0.9943,-0.9943,-0.5000,0.9886
43,-0.07,73,0.00,0.0000,0.9944,-0.9944,-0.5000,0.9889
43,-0.07,74,0.00,0.0000,0.9950,-0.9950,-0.5000,0.9899
43,-0.08,75,0.00,0.0000,0.9958,-0.9958,-0.5000,0.9917
43,-0.08,76,0.00,0.0000,0.9970,-0.9970,-0.5000,0.9939
43,-0.08,77,0.00,0.0000,0.9982,-0.9982,-0.5000,0.9964
43,-0.08,78,0.00,0.0000,0.9995,-0.9995,-0.5000,0.9989
43,-0.08,79,0.00,0.0000,1.0006,-1.0006,-0.5000,1.0013
43,-0.08,80,0.00,0.0000,1.0017,-1.0017,-0.5000,1.0033
43,-0.08,81,0.00,0.0000,1.0024,-1.0024,-0.5000,1.0049
43,-0.08,82,0.00,0.0000,1.0030,-1.0030,-0.5000,1.0059
43,-0.08,83,0.00,0.0000,1.0032,-1.0032,-0.5000,1.0064
43,-0.08,84,0.00,0.0000,1.0031,-1.0031,-0.5000,1.0063
43,-0.09,85,0.00,0.0000,1.0028,-1.0028,-0.5000,1.0057
43,-0.09,86,0.00,0.0000,1.0023,-1.0023,-0.5000,1.0047
43,-0.09,87,0.00,0.0000,1.0017,-1.0017,-0.5000,1.0035
43,-0.09,88,0.00,0.0000,1.0010,-1.0010,-0.5000,1.0020
43,-0.09,89,0.00,0.0000,1.0003,-1.0003,-0.5000,1.0006
43,-0.09,90,0.00,0.0000,0.9996,-0.9996,-0.5000,0.9993
43,-0.09,91,0.00,0.0000,0.9991,-0.9991,-0.5000,0.9982
43,-0.09,92,0.00,0.0000,0.9986,-0.9986,-0.5000,0.9973
43,-0.09,93,0.00,0.0000,0.9983,-0.9983,-0.5000,0.9967
43,-0.09,94,0.00,0.0000,0.9982,-0.9982,-0.5000,0.9964
43,-0.10,95,0.00,0.0000,0.9982,-0.9982,-0.5000,0.9965
43,-0.10,96,0.00,0.0000,0.9984,-0.9984,-0.5000,0.9968
43,-0.10,97,0.00,0.0000,0.9987,-0.9987,-0.5000,0.9973
43,-0.10,98,0.00,0.0000,0.9990,-0.9990,-0.5000,0.9980
43,-0.10,99,0.00,0.0000,0.9994,-0.9994,-0.5000,0.9988
43,-0.10,100,0.00,0.0000,1.9906,-1.9906,48.5850,101.1512
44,-0.00,1,0.00,0.0000,0.9340,-0.9340,-0.4978,0.8723
44,-0.00,2,0.00,0.0000,0.8756,-0.8756,-0.4923,0.7667
44,-0.00,3,0.00,0.0000,0.8331,-0.8331,-0.4861,0.6941
44,-0.00,4,0.00,0.0000,0.8055,-0.8055,-0.4811,0.6489
44,-0.01,5,0.00,0.0000,0.7916,-0.7916,-0.4783,0.6266
44,-0.01,6,0.00,0.0000,0.7901,-0.7901,-0.4780,0.6242
44,-0.01,7,0.00,0.0000,0.7996,-0.7996,-0.4799,0.6394
44,-0.01,8,0.00,0.0000,0.8191,-0.8191,-0.4836,0.6709
44,-0.01,9,0.00,0.0000,0.8471,-0.8471,-0.4883,0.7175
44,-0.01,10,0.00,0.0000,0.8821,-0.8821,-0.4931,0.7781
44,-0.01,11,0.00,0.0000,0.9222,-0.9222,-0.4970,0.8505
44,-0.01,12,0.00,0.0000,0.9650,-0.9650,-0.4994,0.9313
44,-0.01,13,0.00,0.0000,1.0076,-1.0076,-0.5000,1.0152
44,-0.01,14,0.00,0.0000,1.0466,-1.0466,-0.4989,1.0953
44,-0.02,15,0.00,0.0000,1.0788,-1.0788,-0.4969,1.1638
44,-0.02,16,0.00,0.0000,1.1015,-1.1015,-0.4949,1.2133
44,-0.02,17,0.00,0.0000,1.1130,-1.1130,-0.4936,1.2388
44,-0.02,18,0.00,0.0000,1.1131,-1.1131,-0.4936,1.2390
44,-0.02,19,0.00,0.0000,1.1028,-1.1028,-0.4947,1.2163
44,-0.02,20,0.00,0.0000,1.0845,-1.0845,-0.4964,1.1762
44,-0.02,21,0.00,0.0000,1.0610,-1.0610,-0.4981,1.1257
44,-0.02,22,0.00,0.0000,1.0351,-1.0351,-0.4994,1.0714
44,-0.02,23,0.00,0.0000,1.0094,-1.0094,-0.5000,1.0189
44,-0.02,24,0.00,0.0000,0.9861,-0.9861,-0.4999,0.9723
44,-0.03,25,0.00,0.0000,0.9664,-0.9664,-0.4994,0.9340
44,-0.03,26,0.00,0.0000,0.9515,-0.9515,-0.4988,0.9053
44,-0.03,27,0.00,0.0000,0.9415,-0.9415,-0.4983,0.8865
44,-0.03,28,0.00,0.0000,0.9367,-0.9367,-0.4980,0.8774
44,-0.03,29,0.00,0.0000,0.9367,-0.9367,-0.4980,0.8774
44,-0.03,30,0.00,0.0000,0.9411,-0.9411,-0.4983,0.8856
44,-0.03,31,0.00,0.0000,0.9492,-0.9492,-0.4987,0.9009
44,-0.03,32,0.00,0.0000,0.9601,-0.9601,-0.4992,0.9217
44,-0.03,33,0.00,0.0000,0.9729,-0.9729,-0.4996,0.9465
44,-0.03,34,0.00,0.0000,0.9865,-0.9865,-0.4999,0.9733
44,-0.04,35,0.00,0.0000,1.0000,-1.0000,-0.5000,1.0000
44,-0.04,36,0.00,0.0000,1.0123,-1.0123,-0.4999,1.0247
44,-0.04,37,0.00,0.0000,1.0224,-1.0224,-0.4997,1.0454
44,-0.04,38,0.00,0.0000,1.0299,-1.0299,-0.4996,1.0606
44,-0.04,39,0.00,0.0000,1.0342,-1.0342,-0.4994,1.0695
44,-0.04,40,0.00,0.0000,1.0352,-1.0352,-0.4994,1.0717
44,-0.04,41,0.00,0.0000,1.0334,-1.0334,-0.4994,1.0678
44,-0.04,42,0.00,0.0000,1.0290,-1.0290,-0.4996,1.0587
44,-0.04,43,0.00,0.0000,1.0227,-1.0227,-0.4997,1.0458
44,-0.04,44,0.00,0.0000,1.0152,-1.0152,-0.4999,1.0307
44,-0.05,45,0.00,0.0000,1.0074,-1.0074,-0.5000,1.0148
44,-0.05,46,0.00,0.0000,0.9998,-0.9998,-0.5000,0.9995
44,-0.05,47,0.00,0.0000,0.9930,-0.9930,-0.5000,0.9860
44,-0.05,48,0.00,0.0000,0.9874,-0.9874,-0.4999,0.9750
44,-0.05,49,0.00,0.0000,0.9834,-0.9834,-0.4999,0.9671
44,-0.05,50,0.00,0.0000,0.9810,-0.9810,-0.4998,0.9625
44,-0.05,51,0.00,0.0000,0.9803,-0.9803,-0.4998,0.9611
44,-0.05,52,0.00,0.0000,0.9812,-0.9812,-0.4998,0.9627
44,-0.05,53,0.00,0.0000,0.9833,-0.9833,-0.4999,0.9670
44,-0.05,54,0.00,0.0000,0.9866,-0.9866,-0.4999,0.9733
44,-0.06,55,0.00,0.0000,0.9905,-0.9905,-0.5000,0.9810
44,-0.06,56,0.00,0.0000,0.9948,-0.9948,-0.5000,0.9895
44,-0.06,57,0.00,0.0000,0.9990,-0.9990,-0.5000,0.9980
44,-0.06,58,0.00,0.0000,1.0029,-1.0029,-0.5000,1.0059
44,-0.06,59,0.00,0.0000,1.0063,-1.0063,-0.5000,1.0126
44,-0.06,60,0.00,0.0000,1.0088,-1.0088,-0.5000,1.0176
44,-0.06,61,0.00,0.0000,1.0103,-1.0103,-0.4999,1.0208
44,-0.06,62,0.00,0.0000,1.0109,-1.0109,-0.4999,1.0220
44,-0.06,63,0.00,0.0000,1.0106,-1.0106,-0.4999,1.0213
44,-0.06,64,0.00,0.0000,1.0095,-1.0095,-0.5000,1.0190
44,-0.07,65,0.00,0.0000,1.0077,-1.0077,-0.5000,1.0154
44,-0.07,66,0.00,0.0000,1.0055,-1.0055,-0.5000,1.0110
44,-0.07,67,0.00,0.0000,1.0031,-1.0031,-0.5000,1.0062
44,-0.07,68,0.00,0.0000,1.0007,-1.0007,-0.5000,1.0013
44,-0.07,69,0.00,0.0000,0.9985,-0.9985,-0.5000,0.9969
44,-0.07,70,0.00,0.0000,0.9966,-0.9966,-0.5000,0.9932
44,-0.07,71,0.00,0.0000,0.9952,-0.9952,-0.5000,0.9904
44,-0.07,72,0.00,0.0000,0.9943,-0.9943,-0.5000,0.9886
44,-0.07,73,0.00,0.0000,0.9939,-0.9939,-0.5000,0.9878
44,-0.07,74,0.00,0.0000,0.9940,-0.9940,-0.5000,0.9881
44,-0.08,75,0.00,0.0000,0.9946,-0.9946,-0.5000,0.9893
44,-0.08,76,0.00,0.0000,0.9956,-0.9956,-0.5000,0.9912
44,-0.08,77,0.00,0.0000,0.9968,-0.9968,-0.5000,0.9936
44,-0.08,78,0.00,0.0000,0.9981,-0.9981,-0.5000,0.9962
44,-0.08,79,0.00,0.0000,0.9995,-0.9995,-0.5000,0.9989
44,-0.08,80,0.00,0.0000,1.0007,-1.0007,-0.5000,1.0014
44,-0.08,81,0.00,0.0000,1.0018,-1.0018,-0.5000,1.0036
44,-0.08,82,0.00,0.0000,1.0026,-1.0026,-0.5000,1.0053
44,-0.08,83,0.00,0.0000,1.0032,-1.0032,-0.5000,1.0063
44,-0.08,84,0.00,0.0000,1.0034,-1.0034,-0.5000,1.0068
44,-0.09,85,0.00,0.0000,1.0033,-1.0033,-0.5000,1.0067
44,-0.09,86,0.00,0.0000,1.0030,-1.0030,-0.5000,1.0061
44,-0.09,87,0.00,0.0000,1.0025,-1.0025,-0.5000,1.0050
44,-0.09,88,0.00,0.0000,1.0018,-1.0018,-0.5000,1.0037
44,-0.09,89,0.00,0.0000,1.0011,-1.0011,-0.5000,1.0022
44,-0.09,90,0.00,0.0000,1.0003,-1.0003,-0.5000,1.0007
44,-0.09,91,0.00,0.0000,0.9996,-0.9996,-0.5000,0.9992
44,-0.09,92,0.00,0.0000,0.9990,-0.9990,-0.5000,0.9980
44,-0.09,93,0.00,0.0000,0.9985,-0.9985,-0.5000,0.9971
44,-0.09,94,0.00,0.0000,0.9982,-0.9982,-0.5000,0.9965
44,-0.10,95,0.00,0.0000,0.9981,-0.9981,-0.5000,0.9962
44,-0.10,96,0.00,0.0000,0.9981,-0.9981,-0.5000,0.9962
44,-0.10,97,0.00,0.0000,0.9983,-0.9983,-0.5000,0.9966
44,-0.10,98,0.00,0.0000,0.9986,-0.9986,-0.5000,0.9972
44,-0.10,99,0.00,0.0000,0.9990,-0.9990,-0.5000,0.9979
44,-0.10,100,0.00,0.0000,1.9897,-1.9897,48.5413,101.0622
45,-0.00,1,0.00,0.0000,0.9183,-0.9183,-0.4967,0.8432
45,-0.00,2,0.00,0.0000,0.8621,-0.8621,-0.4905,0.7433
45,-0.00,3,0.00,0.0000,0.8219,-0.8219,-0.4841,0.6756
45,-0.00,4,0.00,0.0000,0.7966,-0.7966,-0.4793,0.6346
45,-0.01,5,0.00,0.0000,0.7849,-0.7849,-0.4769,0.6161
45,-0.01,6,0.00,0.0000,0.7854,-0.7854,-0.4770,0.6168
45,-0.01,7,0.00,0.0000,0.7968,-0.7968,-0.4794,0.6349
45,-0.01,8,0.00,0.0000,0.8180,-0.8180,-0.4834,0.6691
45,-0.01,9,0.00,0.0000,0.8476,-0.8476,-0.4884,0.7184
45,-0.01,10,0.00,0.0000,0.8841,-0.8841,-0.4933,0.7816
45,-0.01,11,0.00,0.0000,0.9254,-0.9254,-0.4972,0.8564
45,-0.01,12,0.00,0.0000,0.9691,-0.9691,-0.4995,0.9392
45,-0.01,13,0.00,0.0000,1.0123,-1.0123,-0.4999,1.0247
45,-0.01,14,0.00,0.0000,1.0514,-1.0514,-0.4987,1.1055
45,-0.02,15,0.00,0.0000,1.0834,-1.0834,-0.4965,1.1738
45,-0.02,16,0.00,0.0000,1.1055,-1.1055,-0.4944,1.2221
45,-0.02,17,0.00,0.0000,1.1161,-1.1161,-0.4933,1.2457
45,-0.02,18,0.00,0.0000,1.1151,-1.1151,-0.4934,1.2435
45,-0.02,19,0.00,0.0000,1.1038,-1.1038,-0.4946,1.2183
45,-0.02,20,0.00,0.0000,1.0845,-1.0845,-0.4964,1.1761
45,-0.02,21,0.00,0.0000,1.0601,-1.0601,-0.4982,1.1239
45,-0.02,22,0.00,0.0000,1.0337,-1.0337,-0.4994,1.0685
45,-0.02,23,0.00,0.0000,1.0077,-1.0077,-0.5000,1.0154
45,-0.02,24,0.00,0.0000,0.9842,-0.9842,-0.4999,0.9686
45,-0.03,25,0.00,0.0000,0.9645,-0.9645,-0.4994,0.9303
45,-0.03,26,0.00,0.0000,0.9496,-0.9496,-0.4987,0.9018
45,-0.03,27,0.00,0.0000,0.9399,-0.9399,-0.4982,0.8834
45,-0.03,28,0.00,0.0000,0.9353,-0.9353,-0.4979,0.8747
45,-0.03,29,0.00,0.0000,0.9355,-0.9355,-0.4979,0.8752
45,-0.03,30,0.00,0.0000,0.9402,-0.9402,-0.4982,0.8839
45,-0.03,31,0.00,0.0000,0.9485,-0.9485,-0.4987,0.8996
45,-0.03,32,0.00,0.0000,0.9597,-0.9597,-0.4992,0.9209
45,-0.03,33,0.00,0.0000,0.9727,-0.9727,-0.4996,0.9461
45,-0.03,34,0.00,0.0000,0.9866,-0.9866,-0.4999,0.9733
45,-0.04,35,0.00,0.0000,1.0002,-1.0002,-0.5000,1.0004
45,-0.04,36,0.00,0.0000,1.0126,-1.0126,-0.4999,1.0254
45,-0.04,37,0.00,0.0000,1.0229,-1.0229,-0.4997,1.0463
45,-0.04,38,0.00,0.0000,1.0304,-1.0304,-0.4995,1.0617
45,-0.04,39,0.00,0.0000,1.0348,-1.0348,-0.4994,1.0707
45,-0.04,40,0.00,0.0000,1.0359,-1.0359,-0.4994,1.0730
45,-0.04,41,0.00,0.0000,1.0340,-1.0340,-0.4994,1.0691
45,-0.04,42,0.00,0.0000,1.0295,-1.0295,-0.4996,1.0599
45,-0.04,43,0.00,0.0000,1.0232,-1.0232,-0.4997,1.0469
45,-0.04,44,0.00,0.0000,1.0157,-1.0157,-0.4999,1.0316
45,-0.05,45,0.00,0.0000,1.0077,-1.0077,-0.5000,1.0155
45,-0.05,46,0.00,0.0000,1.0000,-1.0000,-0.5000,1.0000
45,-0.05,47,0.00,0.0000,0.9931,-0.9931,-0.5000,0.9862
45,-0.05,48,0.00,0.0000,0.9874,-0.9874,-0.4999,0.9750
45,-0.05,49,0.00,0.0000,0.9833,-0.9833,-0.4999,0.9669
45,-0.05,50,0.00,0.0000,0.9808,-0.9808,-0.4998,0.9620
45,-0.05,51,0.00,0.0000,0.9800,-0.9800,-0.4998,0.9605
45,-0.05,52,0.00,0.0000,0.9808,-0.9808,-0.4998,0.9620
45,-0.05,53,0.00,0.0000,0.9829,-0.9829,-0.4999,0.9661
45,-0.05,54,0.00,0.0000,0.9861,-0.9861,-0.4999,0.9724
45,-0.06,55,0.00,0.0000,0.9900,-0.9900,-0.5000,0.9802
45,-0.06,56,0.00,0.0000,0.9943,-0.9943,-0.5000,0.9887
45,-0.06,57,0.00,0.0000,0.9987,-0.9987,-0.5000,0.9973
45,-0.06,58,0.00,0.0000,1.0027,-1.0027,-0.5000,1.0053
45,-0.06,59,0.00,0.0000,1.0061,-1.0061,-0.5000,1.0122
45,-0.06,60,0.00,0.0000,1.0087,-1.0087,-0.5000,1.0174
45,-0.06,61,0.00,0.0000,1.0104,-1.0104,-0.4999,1.0208
45,-0.06,62,0.00,0.0000,1.0110,-1.0110,-0.4999,1.0222
45,-0.06,63,0.00,0.0000,1.0108,-1.0108,-0.4999,1.0217
45,-0.06,64,0.00,0.0000,1.0097,-1.0097,-0.5000,1.0196
45,-0.07,65,0.00,0.0000,1.0080,-1.0080,-0.5000,1.0161
45,-0.07,66,0.00,0.0000,1.0058,-1.0058,-0.5000,1.0117
45,-0.07,67,0.00,0.0000,1.0034,-1.0034,-0.5000,1.0068
45,-0.07,68,0.00,0.0000,1.0010,-1.0010,-0.5000,1.0020
45,-0.07,69,0.00,0.0000,0.9987,-0.9987,-0.5000,0.9975
45,-0.07,70,0.00,0.0000,0.9968,-0.9968,-0.5000,0.9936
45,-0.07,71,0.00,0.0000,0.9953,-0.9953,-0.5000,0.9906
45,-0.07,72,0.00,0.0000,0.9943,-0.9943,-0.5000,0.9887
45,-0.07,73,0.00,0.0000,0.9939,-0.9939,-0.5000,0.9878
45,-0.07,74,0.00,0.0000,0.9939,-0.9939,-0.5000,0.9879
45,-0.08,75,0.00,0.0000,0.9945,-0.9945,-0.5000,0.9890
45,-0.08,76,0.00,0.0000,0.9954,-0.9954,-0.5000,0.9908
45,-0.08,77,0.00,0.0000,0.9965,-0.9965,-0.5000,0.9931
45,-0.08,78,0.00,0.0000,0.9979,-0.9979,-0.5000,0.9957
45,-0.08,79,0.00,0.0000,0.9992,-0.9992,-0.5000,0.9984
45,-0.08,80,0.00,0.0000,1.0005,-1.0005,-0.5000,1.0010
45,-0.08,81,0.00,0.0000,1.0016,-1.0016,-0.5000,1.0033
45,-0.08,82,0.00,0.0000,1.0025,-1.0025,-0.5000,1.0050
45,-0.08,83,0.00,0.0000,1.0031,-1.0031,-0.5000,1.0062
45,-0.08,84,0.00,0.0000,1.0034,-1.0034,-0.5000,1.0068
45,-0.09,85,0.00,0.0000,1.0034,-1.0034,-0.5000,1.0068
45,-0.09,86,0.00,0.0000,1.0031,-1.0031,-0.5000,1.0063
45,-0.09,87,0.00,0.0000,1.0026,-1.0026,-0.5000,1.0053
45,-0.09,88,0.00,0.0000,1.0020,-1.0020,-0.5000,1.0040
45,-0.09,89,0.00,0.0000,1.0013,-1.0013,-0.5000,1.0025
45,-0.09,90,0.00,0.0000,1.0005,-1.0005,-0.5000,1.0010
45,-0.09,91,0.00,0.0000,0.9998,-0.9998,-0.5000,0.9995
45,-0.09,92,0.00,0.0000,0.9991,-0.9991,-0.5000,0.9983
45,-0.09,93,0.00,0.0000,0.9986,-0.9986,-0.5000,0.9973
45,-0.09,94,0.00,0.0000,0.9983,-0.9983,-0.5000,0.9966
45,-0.10,95,0.00,0.0000,0.9981,-0.9981,-0.5000,0.9962
45,-0.10,96,0.00,0.0000,0.9981,-0.9981,-0.5000,0.9962
45,-0.10,97,0.00,0.0000,0.9982,-0.9982,-0.5000,0.9965
45,-0.10,98,0.00,0.0000,0.9985,-0.9985,-0.5000,0.9970
45,-0.10,99,0.00,0.0000,0.9988,-0.9988,-0.5000,0.9977
45,-0.10,100,0.00,0.0000,1.9895,-1.9895,48.5296,101.0383
46,-0.00,1,0.00,0.0000,0.9321,-0.9321,-0.4977,0.8687
46,-0.00,2,0.00,0.0000,0.8747,-0.8747,-0.4921,0.7650
46,-0.00,3,0.00,0.0000,0.8329,-0.8329,-0.4860,0.6937
46,-0.00,4,0.00,0.0000,0.8058,-0.8058,-0.4811,0.6494
46,-0.01,5,0.00,0.0000,0.7923,-0.7923,-0.4784,0.6277
46,-0.01,6,0.00,0.0000,0.7909,-0.7909,-0.4781,0.6255
46,-0.01,7,0.00,0.0000,0.8005,-0.8005,-0.4801,0.6408
46,-0.01,8,0.00,0.0000,0.8198,-0.8198,-0.4838,0.6721
46,-0.01,9,0.00,0.0000,0.8476,-0.8476,-0.4884,0.7184
46,-0.01,10,0.00,0.0000,0.8823,-0.8823,-0.4931,0.7784
46,-0.01,11,0.00,0.0000,0.9220,-0.9220,-0.4970,0.8501
46,-0.01,12,0.00,0.0000,0.9644,-0.9644,-0.4994,0.9301
46,-0.01,13,0.00,0.0000,1.0066,-1.0066,-0.5000,1.0132
46,-0.01,14,0.00,0.0000,1.0453,-1.0453,-0.4990,1.0926
46,-0.02,15,0.00,0.0000,1.0774,-1.0774,-0.4970,1.1608
46,-0.02,16,0.00,0.0000,1.1002,-1.1002,-0.4950,1.2104
46,-0.02,17,0.00,0.0000,1.1120,-1.1120,-0.4937,1.2366
46,-0.02,18,0.00,0.0000,1.1126,-1.1126,-0.4937,1.2378
46,-0.02,19,0.00,0.0000,1.1029,-1.1029,-0.4947,1.2164
46,-0.02,20,0.00,0.0000,1.0851,-1.0851,-0.4964,1.1775
46,-0.02,21,0.00,0.0000,1.0621,-1.0621,-0.4981,1.1280
46,-0.02,22,0.00,0.0000,1.0366,-1.0366,-0.4993,1.0744
46,-0.02,23,0.00,0.0000,1.0111,-1.0111,-0.4999,1.0224
46,-0.02,24,0.00,0.0000,0.9878,-0.9878,-0.4999,0.9758
46,-0.03,25,0.00,0.0000,0.9681,-0.9681,-0.4995,0.9373
46,-0.03,26,0.00,0.0000,0.9529,-0.9529,-0.4989,0.9081
46,-0.03,27,0.00,0.0000,0.9427,-0.9427,-0.4984,0.8887
46,-0.03,28,0.00,0.0000,0.9375,-0.9375,-0.4980,0.8789
46,-0.03,29,0.00,0.0000,0.9371,-0.9371,-0.4980,0.8781
46,-0.03,30,0.00,0.0000,0.9410,-0.9410,-0.4983,0.8855
46,-0.03,31,0.00,0.0000,0.9486,-0.9486,-0.4987,0.8999
46,-0.03,32,0.00,0.0000,0.9592,-0.9592,-0.4992,0.9200
46,-0.03,33,0.00,0.0000,0.9716,-0.9716,-0.4996,0.9441
46,-0.03,34,0.00,0.0000,0.9851,-0.9851,-0.4999,0.9704
46,-0.04,35,0.00,0.0000,0.9984,-0.9984,-0.5000,0.9968
46,-0.04,36,0.00,0.0000,1.0107,-1.0107,-0.4999,1.0215
46,-0.04,37,0.00,0.0000,1.0210,-1.0210,-0.4998,1.0424
46,-0.04,38,0.00,0.0000,1.0287,-1.0287,-0.4996,1.0582
46,-0.04,39,0.00,0.0000,1.0333,-1.0333,-0.4994,1.0678
46,-0.04,40,0.00,0.0000,1.0349,-1.0349,-0.4994,1.0709
46,-0.04,41,0.00,0.0000,1.0334,-1.0334,-0.4994,1.0680
46,-0.04,42,0.00,0.0000,1.0294,-1.0294,-0.4996,1.0597
46,-0.04,43,0.00,0.0000,1.0235,-1.0235,-0.4997,1.0475
46,-0.04,44,0.00,0.0000,1.0163,-1.0163,-0.4999,1.0329
46,-0.05,45,0.00,0.0000,1.0086,-1.0086,-0.5000,1.0173
46,-0.05,46,0.00,0.0000,1.0010,-1.0010,-0.5000,1.0021
46,-0.05,47,0.00,0.0000,0.9942,-0.9942,-0.5000,0.9884
46,-0.05,48,0.00,0.0000,0.9885,-0.9885,-0.4999,0.9772
46,-0.05,49,0.00,0.0000,0.9843,-0.9843,-0.4999,0.9688
46,-0.05,50,0.00,0.0000,0.9816,-0.9816,-0.4998,0.9636
46,-0.05,51,0.00,0.0000,0.9806,-0.9806,-0.4998,0.9616
46,-0.05,52,0.00,0.0000,0.9812,-0.9812,-0.4998,0.9627
46,-0.05,53,0.00,0.0000,0.9831,-0.9831,-0.4999,0.9664
46,-0.05,54,0.00,0.0000,0.9860,-0.9860,-0.4999,0.9723
46,-0.06,55,0.00,0.0000,0.9898,-0.9898,-0.4999,0.9796
46,-0.06,56,0.00,0.0000,0.9939,-0.9939,-0.5000,0.9878
46,-0.06,57,0.00,0.0000,0.9981,-0.9981,-0.5000,0.9962
46,-0.06,58,0.00,0.0000,1.0021,-1.0021,-0.5000,1.0041
46,-0.06,59,0.00,0.0000,1.0055,-1.0055,-0.5000,1.0110
46,-0.06,60,0.00,0.0000,1.0081,-1.0081,-0.5000,1.0163
46,-0.06,61,0.00,0.0000,1.0099,-1.0099,-0.5000,1.0199
46,-0.06,62,0.00,0.0000,1.0107,-1.0107,-0.4999,1.0215
46,-0.06,63,0.00,0.0000,1.0106,-1.0106,-0.4999,1.0213
46,-0.06,64,0.00,0.0000,1.0096,-1.0096,-0.5000,1.0194
46,-0.07,65,0.00,0.0000,1.0080,-1.0080,-0.5000,1.0162
46,-0.07,66,0.00,0.0000,1.0060,-1.0060,-0.5000,1.0120
46,-0.07,67,0.00,0.0000,1.0037,-1.0037,-0.5000,1.0073
46,-0.07,68,0.00,0.0000,1.0013,-1.0013,-0.5000,1.0026
46,-0.07,69,0.00,0.0000,0.9991,-0.9991,-0.5000,0.9981
46,-0.07,70,0.00,0.0000,0.9971,-0.9971,-0.5000,0.9943
46,-0.07,71,0.00,0.0000,0.9956,-0.9956,-0.5000,0.9912
46,-0.07,72,0.00,0.0000,0.9946,-0.9946,-0.5000,0.9892
46,-0.07,73,0.00,0.0000,0.9941,-0.9941,-0.5000,0.9882
46,-0.07,74,0.00,0.0000,0.9941,-0.9941,-0.5000,0.9882
46,-0.08,75,0.00,0.0000,0.9945,-0.9945,-0.5000,0.9891
46,-0.08,76,0.00,0.0000,0.9954,-0.9954,-0.5000,0.9907
46,-0.08,77,0.00,0.0000,0.9965,-0.9965,-0.5000,0.9929
46,-0.08,78,0.00,0.0000,0.9977,-0.9977,-0.5000,0.9955
46,-0.08,79,0.00,0.0000,0.9991,-0.9991,-0.5000,0.9981
46,-0.08,80,0.00,0.0000,1.0003,-1.0003,-0.5000,1.0006
46,-0.08,81,0.00,0.0000,1.0014,-1.0014,-0.5000,1.0029
46,-0.08,82,0.00,0.0000,1.0023,-1.0023,-0.5000,1.0047
46,-0.08,83,0.00,0.0000,1.0030,-1.0030,-0.5000,1.0059
46,-0.08,84,0.00,0.0000,1.0033,-1.0033,-0.5000,1.0066
46,-0.09,85,0.00,0.0000,1.0033,-1.0033,-0.5000,1.0066
46,-0.09,86,0.00,0.0000,1.0031,-1.0031,-0.5000,1.0062
46,-0.09,87,0.00,0.0000,1.0026,-1.0026,-0.5000,1.0053
46,-0.09,88,0.00,0.0000,1.0020,-1.0020,-0.5000,1.0041
46,-0.09,89,0.00,0.0000,1.0013,-1.0013,-0.5000,1.0027
46,-0.09,90,0.00,0.0000,1.0006,-1.0006,-0.5000,1.0012
46,-0.09,91,0.00,0.0000,0.9999,-0.9999,-0.5000,0.9998
46,-0.09,92,0.00,0.0000,0.9992,-0.9992,-0.5000,0.9985
46,-0.09,93,0.00,0.0000,0.9987,-0.9987,-0.5000,0.9975
46,-0.09,94,0.00,0.0000,0.9984,-0.9984,-0.5000,0.9968
46,-0.10,95,0.00,0.0000,0.9982,-0.9982,-0.5000,0.9964
46,-0.10,96,0.00,0.0000,0.9981,-0.9981,-0.5000,0.9963
46,-0.10,97,0.00,0.0000,0.9983,-0.9983,-0.5000,0.9965
46,-0.10,98,0.00,0.0000,0.9985,-0.9985,-0.5000,0.9970
46,-0.10,99,0.00,0.0000,0.9988,-0.9988,-0.5000,0.9977
46,-0.10,100,0.00,0.0000,1.9894,-1.9894,48.5260,101.0308
47,-0.00,1,0.00,0.0000,0.9290,-0.9290,-0.4975,0.8630
47,-0.00,2,0.00,0.0000,0.8721,-0.8721,-0.4918,0.7605
47,-0.00,3,0.00,0.0000,0.8307,-0.8307,-0.4857,0.6901
47,-0.00,4,0.00,0.0000,0.8041,-0.8041,-0.4808,0.6466
47,-0.01,5,0.00,0.0000,0.7909,-0.7909,-0.4781,0.6256
47,-0.01,6,0.00,0.0000,0.7899,-0.7899,-0.4779,0.6239
47,-0.01,7,0.00,0.0000,0.7997,-0.7997,-0.4799,0.6395
47,-0.01,8,0.00,0.0000,0.8192,-0.8192,-0.4837,0.6711
47,-0.01,9,0.00,0.0000,0.8472,-0.8472,-0.4883,0.7177
47,-0.01,10,0.00,0.0000,0.8820,-0.8820,-0.4930,0.7779
47,-0.01,11,0.00,0.0000,0.9218,-0.9218,-0.4969,0.8497
47,-0.01,12,0.00,0.0000,0.9642,-0.9642,-0.4994,0.9297
47,-0.01,13,0.00,0.0000,1.0064,-1.0064,-0.5000,1.0129
47,-0.01,14,0.00,0.0000,1.0452,-1.0452,-0.4990,1.0925
47,-0.02,15,0.00,0.0000,1.0774,-1.0774,-0.4970,1.1608
47,-0.02,16,0.00,0.0000,1.1003,-1.1003,-0.4950,1.2108
47,-0.02,17,0.00,0.0000,1.1123,-1.1123,-0.4937,1.2373
47,-0.02,18,0.00,0.0000,1.1130,-1.1130,-0.4936,1.2388
47,-0.02,19,0.00,0.0000,1.1035,-1.1035,-0.4946,1.2176
47,-0.02,20,0.00,0.0000,1.0858,-1.0858,-0.4963,1.1790
47,-0.02,21,0.00,0.0000,1.0628,-1.0628,-0.4980,1.1296
47,-0.02,22,0.00,0.0000,1.0373,-1.0373,-0.4993,1.0761
47,-0.02,23,0.00,0.0000,1.0119,-1.0119,-0.4999,1.0239
47,-0.02,24,0.00,0.0000,0.9885,-0.9885,-0.4999,0.9772
47,-0.03,25,0.00,0.0000,0.9687,-0.9687,-0.4995,0.9384
47,-0.03,26,0.00,0.0000,0.9534,-0.9534,-0.4989,0.9089
47,-0.03,27,0.00,0.0000,0.9429,-0.9429,-0.4984,0.8891
47,-0.03,28,0.00,0.0000,0.9375,-0.9375,-0.4980,0.8790
47,-0.03,29,0.00,0.0000,0.9369,-0.9369,-0.4980,0.8778
47,-0.03,30,0.00,0.0000,0.9407,-0.9407,-0.4982,0.8848
47,-0.03,31,0.00,0.0000,0.9481,-0.9481,-0.4987,0.8989
47,-0.03,32,0.00,0.0000,0.9585,-0.9585,-0.4991,0.9187
47,-0.03,33,0.00,0.0000,0.9708,-0.9708,-0.4996,0.9425
47,-0.03,34,0.00,0.0000,0.9842,-0.9842,-0.4999,0.9687
47,-0.04,35,0.00,0.0000,0.9976,-0.9976,-0.5000,0.9951
47,-0.04,36,0.00,0.0000,1.0099,-1.0099,-0.5000,1.0199
47,-0.04,37,0.00,0.0000,1.0203,-1.0203,-0.4998,1.0411
47,-0.04,38,0.00,0.0000,1.0282,-1.0282,-0.4996,1.0572
47,-0.04,39,0.00,0.0000,1.0331,-1.0331,-0.4995,1.0673
47,-0.04,40,0.00,0.0000,1.0348,-1.0348,-0.4994,1.0709
47,-0.04,41,0.00,0.0000,1.0336,-1.0336,-0.4994,1.0684
47,-0.04,42,0.00,0.0000,1.0298,-1.0298,-0.4996,1.0606
47,-0.04,43,0.00,0.0000,1.0241,-1.0241,-0.4997,1.0487
47,-0.04,44,0.00,0.0000,1.0170,-1.0170,-0.4999,1.0343
47,-0.05,45,0.00,0.0000,1.0093,-1.0093,-0.5000,1.0187
47,-0.05,46,0.00,0.0000,1.0018,-1.0018,-0.5000,1.0035
47,-0.05,47,0.00,0.0000,0.9949,-0.9949,-0.5000,0.9897
47,-0.05,48,0.00,0.0000,0.9891,-0.9891,-0.4999,0.9782
47,-0.05,49,0.00,0.0000,0.9847,-0.9847,-0.4999,0.9696
47,-0.05,50,0.00,0.0000,0.9819,-0.9819,-0.4998,0.9641
47,-0.05,51,0.00,0.0000,0.9807,-0.9807,-0.4998,0.9618
47,-0.05,52,0.00,0.0000,0.9811,-0.9811,-0.4998,0.9625
47,-0.05,53,0.00,0.0000,0.9828,-0.9828,-0.4999,0.9659
47,-0.05,54,0.00,0.0000,0.9856,-0.9856,-0.4999,0.9715
47,-0.06,55,0.00,0.0000,0.9893,-0.9893,-0.4999,0.9787
47,-0.06,56,0.00,0.0000,0.9934,-0.9934,-0.5000,0.9868
47,-0.06,57,0.00,0.0000,0.9976,-0.9976,-0.5000,0.9952
47,-0.06,58,0.00,0.0000,1.0016,-1.0016,-0.5000,1.0031
47,-0.06,59,0.00,0.0000,1.0050,-1.0050,-0.5000,1.0101
47,-0.06,60,0.00,0.0000,1.0078,-1.0078,-0.5000,1.0156
47,-0.06,61,0.00,0.0000,1.0097,-1.0097,-0.5000,1.0194
47,-0.06,62,0.00,0.0000,1.0106,-1.0106,-0.4999,1.0213
47,-0.06,63,0.00,0.0000,1.0106,-1.0106,-0.4999,1.0213
47,-0.06,64,0.00,0.0000,1.0098,-1.0098,-0.5000,1.0197
47,-0.07,65,0.00,0.0000,1.0083,-1.0083,-0.5000,1.0167
47,-0.07,66,0.00,0.0000,1.0063,-1.0063,-0.5000,1.0127
47,-0.07,67,0.00,0.0000,1.0040,-1.0040,-0.5000,1.0081
47,-0.07,68,0.00,0.0000,1.0017,-1.0017,-0.5000,1.0033
47,-0.07,69,0.00,0.0000,0.9994,-0.9994,-0.5000,0.9988
47,-0.07,70,0.00,0.0000,0.9974,-0.9974,-0.5000,0.9949
47,-0.07,71,0.00,0.0000,0.9959,-0.9959,-0.5000,0.9917
47,-0.07,72,0.00,0.0000,0.9948,-0.9948,-0.5000,0.9895
47,-0.07,73,0.00,0.0000,0.9942,-0.9942,-0.5000,0.9884
47,-0.07,74,0.00,0.0000,0.9941,-0.9941,-0.5000,0.9882
47,-0.08,75,0.00,0.0000,0.9944,-0.9944,-0.5000,0.9889
47,-0.08,76,0.00,0.0000,0.9952,-0.9952,-0.5000,0.9904
47,-0.08,77,0.00,0.0000,0.9963,-0.9963,-0.5000,0.9925
47,-0.08,78,0.00,0.0000,0.9975,-0.9975,-0.5000,0.9950
47,-0.08,79,0.00,0.0000,0.9988,-0.9988,-0.5000,0.9976
47,-0.08,80,0.00,0.0000,1.0001,-1.0001,-0.5000,1.0002
47,-0.08,81,0.00,0.0000,1.0012,-1.0012,-0.5000,1.0024
47,-0.08,82,0.00,0.0000,1.0021,-1.0021,-0.5000,1.0043
47,-0.08,83,0.00,0.0000,1.0028,-1.0028,-0.5000,1.0056
47,-0.08,84,0.00,0.0000,1.0032,-1.0032,-0.5000,1.0064
47,-0.09,85,0.00,0.0000,1.0033,-1.0033,-0.5000,1.0066
47,-0.09,86,0.00,0.0000,1.0031,-1.0031,-0.5000,1.0063
47,-0.09,87,0.00,0.0000,1.0027,-1.0027,-0.5000,1.0055
47,-0.09,88,0.00,0.0000,1.0022,-1.0022,-0.5000,1.0044
47,-0.09,89,0.00,0.0000,1.0015,-1.0015,-0.5000,1.0030
47,-0.09,90,0.00,0.0000,1.0008,-1.0008,-0.5000,1.0015
47,-0.09,91,0.00,0.0000,1.0000,-1.0000,-0.5000,1.0001
47,-0.09,92,0.00,0.0000,0.9994,-0.9994,-0.5000,0.9988
47,-0.09,93,0.00,0.0000,0.9989,-0.9989,-0.5000,0.9977
47,-0.09,94,0.00,0.0000,0.9985,-0.9985,-0.5000,0.9969
