episode,reward,steps,duration,epsilon
1,-3.70,500,0.00,0.0000,-0.0112,0.0007,1.6092,-0.0070,-0.1718
2,-3.10,500,0.00,0.0000,0.0015,0.0021,1.5934,0.0021,-0.1568
3,-3.30,500,0.00,0.0000,-0.0072,0.0040,1.6081,-0.0046,-0.1660
4,-4.50,500,0.00,0.0000,-0.0104,0.0009,1.6078,-0.0063,-0.1707
5,-0.80,500,0.00,0.0000,0.0046,0.0038,1.6055,0.0032,-0.1541
6,-2.20,500,0.00,0.0000,-0.0006,0.0040,1.6053,0.0003,-0.1592
7,-3.30,500,0.00,0.0000,-0.0045,0.0014,1.6011,-0.0020,-0.1639
8,-0.80,500,0.00,0.0000,0.0038,0.0038,1.5970,0.0033,-0.1540
9,-2.80,500,0.00,0.0000,-0.0033,0.0013,1.5985,-0.0013,-0.1625
10,-2.70,500,0.00,0.0000,-0.0042,0.0040,1.6015,-0.0014,-0.1623
11,-3.70,500,0.00,0.0000,-0.0069,0.0014,1.6022,-0.0034,-0.1664
12,-3.00,500,0.00,0.0000,-0.0037,0.0014,1.6021,-0.0016,-0.1632
13,-2.30,500,0.00,0.0000,-0.0003,0.0013,1.6019,0.0005,-0.1598
14,-0.50,500,0.00,0.0000,0.0062,0.0044,1.6028,0.0045,-0.1519
15,-3.60,500,0.00,0.0000,-0.0045,0.0015,1.6048,-0.0021,-0.1642
16,-4.20,500,0.00,0.0000,-0.0062,0.0011,1.6058,-0.0034,-0.1662
17,1.05,451,0.00,0.0000,0.0114,0.0179,1.6064,0.0078,-0.1404
18,-1.60,500,0.00,0.0000,0.0019,0.0039,1.6063,0.0017,-0.1567
19,-2.70,500,0.00,0.0000,-0.0024,0.0019,1.6058,-0.0009,-0.1620
20,-3.70,500,0.00,0.0000,-0.0063,0.0014,1.6050,-0.0033,-0.1660
21,-3.30,500,0.00,0.0000,-0.0053,0.0020,1.6037,-0.0025,-0.1646
22,-2.80,500,0.00,0.0000,-0.0031,0.0013,1.6017,-0.0013,-0.1627
23,-3.40,500,0.00,0.0000,-0.0051,0.0014,1.6000,-0.0024,-0.1644
24,-2.00,500,0.00,0.0000,-0.0005,0.0040,1.5982,0.0008,-0.1583
25,-2.70,500,0.00,0.0000,-0.0018,0.0014,1.5977,-0.0005,-0.1609
26,-2.70,500,0.00,0.0000,-0.0022,0.0013,1.5992,-0.0006,-0.1614
27,-0.30,500,0.00,0.0000,0.0052,0.0043,1.6012,0.0041,-0.1528
28,-3.80,500,0.00,0.0000,-0.0067,0.0015,1.6033,-0.0034,-0.1663
29,-0.80,500,0.00,0.0000,0.0031,0.0037,1.6042,0.0025,-0.1554
30,-2.50,500,0.00,0.0000,-0.0027,0.0018,1.6051,-0.0011,-0.1623
31,-1.60,500,0.00,0.0000,0.0001,0.0037,1.6057,0.0006,-0.1586
32,-1.70,500,0.00,0.0000,-0.0003,0.0037,1.6062,0.0003,-0.1591
33,-3.90,500,0.00,0.0000,-0.0077,0.0014,1.6065,-0.0042,-0.1676
34,-2.50,500,0.00,0.0000,-0.0026,0.0012,1.6063,-0.0012,-0.1626
35,-4.80,500,0.00,0.0000,-0.0100,0.0017,1.6060,-0.0055,-0.1698
36,-2.70,500,0.00,0.0000,-0.0021,0.0019,1.6049,-0.0007,-0.1616
37,-1.70,500,0.00,0.0000,0.0019,0.0040,1.6037,0.0020,-0.1564
38,-2.90,500,0.00,0.0000,-0.0008,0.0015,1.6024,0.0000,-0.1603
39,-0.80,500,0.00,0.0000,0.0058,0.0046,1.6018,0.0046,-0.1521
40,-3.50,500,0.00,0.0000,-0.0030,0.0017,1.6018,-0.0010,-0.1623
41,-1.80,500,0.00,0.0000,0.0027,0.0019,1.6017,0.0024,-0.1564
42,-3.50,500,0.00,0.0000,-0.0035,0.0016,1.6025,-0.0013,-0.1629
43,-1.90,500,0.00,0.0000,0.0012,0.0041,1.6030,0.0017,-0.1570
44,-1.80,500,0.00,0.0000,0.0015,0.0039,1.6033,0.0016,-0.1569
45,-3.70,500,0.00,0.0000,-0.0054,0.0021,1.6038,-0.0025,-0.1647
46,-2.60,500,0.00,0.0000,-0.0017,0.0019,1.6037,-0.0004,-0.1611
47,-2.60,500,0.00,0.0000,-0.0017,0.0019,1.6037,-0.0005,-0.1611
48,-0.90,500,0.00,0.0000,0.0035,0.0042,1.6038,0.0029,-0.1547
49,-2.90,500,0.00,0.0000,-0.0029,0.0013,1.6041,-0.0013,-0.1626
50,-2.30,500,0.00,0.0000,-0.0012,0.0017,1.6044,-0.0002,-0.1608
51,-2.70,500,0.00,0.0000,-0.0027,0.0013,1.6049,-0.0012,-0.1625
52,-2.50,500,0.00,0.0000,-0.0020,0.0012,1.6051,-0.0008,-0.1619
53,-3.00,500,0.00,0.0000,-0.0039,0.0019,1.6054,-0.0018,-0.1635
54,-3.10,500,0.00,0.0000,-0.0038,0.0014,1.6054,-0.0019,-0.1637
55,-3.20,500,0.00,0.0000,-0.0040,0.0020,1.6052,-0.0019,-0.1635
56,-2.10,500,0.00,0.0000,-0.0000,0.0018,1.6049,0.0005,-0.1596
57,-2.80,500,0.00,0.0000,-0.0017,0.0008,1.6045,-0.0006,-0.1617
58,-3.60,500,0.00,0.0000,-0.0045,0.0022,1.6045,-0.0020,-0.1639
59,-1.70,500,0.00,0.0000,0.0023,0.0047,1.6040,0.0022,-0.1558
60,-3.20,500,0.00,0.0000,-0.0019,0.0010,1.6034,-0.0006,-0.1617
61,-1.70,500,0.00,0.0000,0.0035,0.0013,1.6032,0.0026,-0.1561
62,-2.90,500,0.00,0.0000,-0.0008,0.0015,1.6039,0.0001,-0.1604
63,-3.10,500,0.00,0.0000,-0.0014,0.0016,1.6046,-0.0004,-0.1611
64,-0.60,500,0.00,0.0000,0.0064,0.0039,1.6053,0.0045,-0.1522
65,-5.20,500,0.00,0.0000,-0.0094,0.0019,1.6061,-0.0051,-0.1691
66,-2.80,500,0.00,0.0000,-0.0012,0.0014,1.6058,-0.0003,-0.1611
67,-1.70,500,0.00,0.0000,0.0021,0.0040,1.6054,0.0020,-0.1564
68,-3.20,500,0.00,0.0000,-0.0024,0.0009,1.6049,-0.0011,-0.1624
69,-4.10,500,0.00,0.0000,-0.0056,0.0011,1.6046,-0.0029,-0.1655
70,-2.90,500,0.00,0.0000,-0.0013,0.0015,1.6040,-0.0003,-0.1610
71,-1.20,500,0.00,0.0000,0.0049,0.0018,1.6036,0.0033,-0.1545
72,-3.20,500,0.00,0.0000,-0.0025,0.0021,1.6043,-0.0008,-0.1618
73,-2.70,500,0.00,0.0000,-0.0004,0.0014,1.6045,0.0002,-0.1601
74,-2.60,500,0.00,0.0000,-0.0002,0.0014,1.6049,0.0003,-0.1600
75,-4.00,500,0.00,0.0000,-0.0051,0.0017,1.6054,-0.0026,-0.1648
76,-2.80,500,0.00,0.0000,-0.0008,0.0015,1.6056,-0.0001,-0.1607
77,-1.60,500,0.00,0.0000,0.0030,0.0040,1.6057,0.0024,-0.1556
78,-3.80,500,0.00,0.0000,-0.0043,0.0016,1.6059,-0.0021,-0.1641
79,-0.40,500,0.00,0.0000,0.0070,0.0038,1.6056,0.0048,-0.1517
80,-3.10,500,0.00,0.0000,-0.0022,0.0015,1.6058,-0.0009,-0.1621
81,-3.00,500,0.00,0.0000,-0.0021,0.0014,1.6058,-0.0008,-0.1620
82,-4.10,500,0.00,0.0000,-0.0059,0.0016,1.6056,-0.0031,-0.1657
83,-2.20,500,0.00,0.0000,0.0008,0.0013,1.6051,0.0008,-0.1590
84,-2.30,500,0.00,0.0000,0.0003,0.0018,1.6049,0.0006,-0.1594
85,-2.70,500,0.00,0.0000,-0.0011,0.0014,1.6050,-0.0002,-0.1609
86,-2.70,500,0.00,0.0000,-0.0012,0.0014,1.6051,-0.0003,-0.1611
87,-3.20,500,0.00,0.0000,-0.0029,0.0015,1.6053,-0.0013,-0.1627
88,-2.60,500,0.00,0.0000,-0.0009,0.0014,1.6053,-0.0001,-0.1608
89,-4.20,500,0.00,0.0000,-0.0060,0.0011,1.6053,-0.0032,-0.1660
90,-3.70,500,0.00,0.0000,-0.0043,0.0016,1.6052,-0.0020,-0.1640
91,-2.80,500,0.00,0.0000,-0.0004,0.0013,1.6046,0.0002,-0.1602
92,-3.20,500,0.00,0.0000,-0.0014,0.0016,1.6043,-0.0003,-0.1611
93,-1.60,500,0.00,0.0000,0.0041,0.0042,1.6041,0.0033,-0.1542
94,-2.60,500,0.00,0.0000,0.0012,0.0016,1.6042,0.0013,-0.1585
95,-2.40,500,0.00,0.0000,0.0018,0.0021,1.6044,0.0016,-0.1576
96,-3.40,500,0.00,0.0000,-0.0019,0.0011,1.6049,-0.0007,-0.1618
97,-3.50,500,0.00,0.0000,-0.0024,0.0017,1.6054,-0.0010,-0.1621
98,-2.10,500,0.00,0.0000,0.0020,0.0020,1.6057,0.0017,-0.1576
99,-2.50,500,0.00,0.0000,0.0005,0.0014,1.6060,0.0007,-0.1594
100,-2.60,500,0.00,0.0000,-0.0004,0.0020,1.6062,0.0003,-0.1600
101,-3.00,500,0.00,0.0000,-0.0017,0.0015,1.6061,-0.0007,-0.1616
102,-3.70,500,0.00,0.0000,-0.0044,0.0014,1.6061,-0.0022,-0.1643
103,-3.80,500,0.00,0.0000,-0.0050,0.0022,1.6058,-0.0024,-0.1645
104,-3.60,500,0.00,0.0000,-0.0039,0.0016,1.6048,-0.0017,-0.1635
105,-1.60,500,0.00,0.0000,0.0030,0.0041,1.6034,0.0026,-0.1553
106,-2.60,500,0.00,0.0000,0.0002,0.0015,1.6024,0.0008,-0.1593
107,-2.00,500,0.00,0.0000,0.0026,0.0014,1.6018,0.0020,-0.1569
108,-3.20,500,0.00,0.0000,-0.0021,0.0016,1.6027,-0.0006,-0.1616
109,-3.40,500,0.00,0.0000,-0.0030,0.0016,1.6035,-0.0012,-0.1625
110,-4.10,500,0.00,0.0000,-0.0052,0.0017,1.6040,-0.0026,-0.1648
111,-3.40,500,0.00,0.0000,-0.0030,0.0022,1.6042,-0.0012,-0.1623
112,-4.00,500,0.00,0.0000,-0.0045,0.0011,1.6042,-0.0022,-0.1644
113,-2.10,500,0.00,0.0000,0.0022,0.0020,1.6040,0.0020,-0.1572
114,-3.20,500,0.00,0.0000,-0.0011,0.0011,1.6040,-0.0001,-0.1610
115,-3.30,500,0.00,0.0000,-0.0014,0.0017,1.6042,-0.0002,-0.1610
116,-3.00,500,0.00,0.0000,-0.0002,0.0016,1.6044,0.0005,-0.1598
117,-2.50,500,0.00,0.0000,0.0014,0.0015,1.6049,0.0012,-0.1584
118,-2.80,500,0.00,0.0000,-0.0006,0.0021,1.6057,0.0002,-0.1601
119,-0.70,500,0.00,0.0000,0.0054,0.0044,1.6062,0.0040,-0.1530
120,-1.60,500,0.00,0.0000,0.0009,0.0039,1.6071,0.0011,-0.1578
121,-1.40,500,0.00,0.0000,-0.0005,0.0043,1.6080,0.0001,-0.1591
122,-2.90,500,0.00,0.0000,-0.0055,0.0018,1.6080,-0.0031,-0.1654
123,-3.80,500,0.00,0.0000,-0.0074,0.0014,1.6069,-0.0042,-0.1674
124,-4.80,500,0.00,0.0000,-0.0094,0.0011,1.6047,-0.0052,-0.1694
125,-2.40,500,0.00,0.0000,0.0000,0.0014,1.6019,0.0005,-0.1595
126,-2.60,500,0.00,0.0000,0.0001,0.0013,1.6006,0.0006,-0.1593
127,-3.00,500,0.00,0.0000,-0.0010,0.0016,1.6008,0.0001,-0.1602
128,-4.00,500,0.00,0.0000,-0.0046,0.0018,1.6018,-0.0019,-0.1639
129,-2.70,500,0.00,0.0000,0.0011,0.0016,1.6019,0.0012,-0.1583
130,-2.50,500,0.00,0.0000,0.0015,0.0016,1.6033,0.0015,-0.1581
131,-3.10,500,0.00,0.0000,-0.0007,0.0016,1.6047,0.0001,-0.1603
132,-2.50,500,0.00,0.0000,0.0007,0.0043,1.6057,0.0011,-0.1578
133,-3.60,500,0.00,0.0000,-0.0032,0.0016,1.6064,-0.0014,-0.1630
134,-2.20,500,0.00,0.0000,0.0012,0.0042,1.6065,0.0014,-0.1574
135,-3.30,500,0.00,0.0000,-0.0023,0.0020,1.6063,-0.0009,-0.1619
136,-1.40,500,0.00,0.0000,0.0037,0.0040,1.6060,0.0029,-0.1549
137,-1.80,500,0.00,0.0000,0.0023,0.0019,1.6057,0.0019,-0.1573
138,-2.50,500,0.00,0.0000,-0.0003,0.0014,1.6056,0.0002,-0.1602
139,-2.20,500,0.00,0.0000,0.0002,0.0013,1.6057,0.0005,-0.1598
140,-3.70,500,0.00,0.0000,-0.0053,0.0015,1.6058,-0.0028,-0.1651
141,-2.60,500,0.00,0.0000,-0.0018,0.0013,1.6056,-0.0007,-0.1618
142,-4.90,500,0.00,0.0000,-0.0098,0.0017,1.6055,-0.0053,-0.1695
143,-3.70,500,0.00,0.0000,-0.0054,0.0015,1.6047,-0.0027,-0.1651
144,-3.50,500,0.00,0.0000,-0.0042,0.0015,1.6037,-0.0019,-0.1639
145,-2.60,500,0.00,0.0000,-0.0002,0.0014,1.6024,0.0003,-0.1598
146,-2.60,500,0.00,0.0000,0.0001,0.0021,1.6016,0.0007,-0.1590
147,0.70,500,0.00,0.0000,0.0112,0.0043,1.6013,0.0076,-0.1468
148,-1.00,500,0.00,0.0000,0.0049,0.0040,1.6026,0.0038,-0.1533
149,-3.30,500,0.00,0.0000,-0.0032,0.0015,1.6039,-0.0013,-0.1628
150,-3.80,500,0.00,0.0000,-0.0055,0.0016,1.6048,-0.0027,-0.1652
151,-2.30,500,0.00,0.0000,-0.0007,0.0018,1.6052,0.0001,-0.1603
152,-1.40,500,0.00,0.0000,0.0017,0.0039,1.6056,0.0017,-0.1569
153,-2.90,500,0.00,0.0000,-0.0032,0.0013,1.6058,-0.0015,-0.1631
154,-3.70,500,0.00,0.0000,-0.0061,0.0015,1.6059,-0.0032,-0.1660
155,-1.50,500,0.00,0.0000,0.0007,0.0044,1.6058,0.0012,-0.1576
156,-1.20,500,0.00,0.0000,0.0017,0.0044,1.6055,0.0018,-0.1567
157,-2.00,500,0.00,0.0000,-0.0009,0.0039,1.6051,0.0001,-0.1594
158,-3.90,500,0.00,0.0000,-0.0070,0.0015,1.6046,-0.0037,-0.1668
159,-2.50,500,0.00,0.0000,-0.0022,0.0018,1.6039,-0.0008,-0.1617
160,-3.10,500,0.00,0.0000,-0.0039,0.0008,1.6033,-0.0019,-0.1639
161,-3.30,500,0.00,0.0000,-0.0047,0.0014,1.6028,-0.0022,-0.1642
162,-3.00,500,0.00,0.0000,-0.0032,0.0014,1.6023,-0.0014,-0.1627
163,-2.80,500,0.00,0.0000,-0.0031,0.0042,1.6018,-0.0008,-0.1612
164,-1.70,500,0.00,0.0000,0.0016,0.0018,1.6012,0.0017,-0.1576
165,-2.20,500,0.00,0.0000,0.0002,0.0013,1.6010,0.0008,-0.1592
166,-3.10,500,0.00,0.0000,-0.0026,0.0009,1.6013,-0.0010,-0.1623
167,-2.10,500,0.00,0.0000,0.0000,0.0041,1.6019,0.0010,-0.1581
168,-2.00,500,0.00,0.0000,0.0011,0.0013,1.6023,0.0012,-0.1585
169,-3.50,500,0.00,0.0000,-0.0042,0.0015,1.6031,-0.0019,-0.1638
170,-3.60,500,0.00,0.0000,-0.0043,0.0010,1.6037,-0.0021,-0.1642
171,-3.00,500,0.00,0.0000,-0.0023,0.0015,1.6042,-0.0008,-0.1620
172,-2.30,500,0.00,0.0000,-0.0002,0.0041,1.6046,0.0007,-0.1586
173,-2.20,500,0.00,0.0000,0.0002,0.0047,1.6047,0.0010,-0.1579
174,-2.40,500,0.00,0.0000,0.0002,0.0020,1.6046,0.0007,-0.1593
175,-3.40,500,0.00,0.0000,-0.0031,0.0016,1.6045,-0.0013,-0.1628
176,-2.30,500,0.00,0.0000,0.0001,0.0048,1.6042,0.0011,-0.1579
177,-3.10,500,0.00,0.0000,-0.0013,0.0010,1.6036,-0.0004,-0.1612
178,-2.70,500,0.00,0.0000,-0.0000,0.0009,1.6033,0.0005,-0.1599
179,-3.50,500,0.00,0.0000,-0.0026,0.0010,1.6035,-0.0011,-0.1624
180,-2.40,500,0.00,0.0000,0.0010,0.0014,1.6038,0.0011,-0.1587
181,-2.00,500,0.00,0.0000,0.0022,0.0020,1.6043,0.0018,-0.1573
182,-1.30,500,0.00,0.0000,0.0042,0.0018,1.6050,0.0030,-0.1554
183,-1.10,500,0.00,0.0000,0.0040,0.0045,1.6058,0.0031,-0.1543
184,1.27,427,0.00,0.0000,0.0114,0.0183,1.6064,0.0080,-0.1401
185,-3.00,500,0.00,0.0000,-0.0036,0.0019,1.6068,-0.0017,-0.1633
186,-5.70,500,0.00,0.0000,-0.0130,0.0011,1.6069,-0.0075,-0.1732
187,-2.50,500,0.00,0.0000,-0.0025,0.0012,1.6067,-0.0013,-0.1626
188,-4.10,500,0.00,0.0000,-0.0081,0.0015,1.6066,-0.0046,-0.1680
189,-2.30,500,0.00,0.0000,-0.0022,0.0017,1.6063,-0.0009,-0.1620
190,-3.20,500,0.00,0.0000,-0.0049,0.0007,1.6059,-0.0027,-0.1652
191,-2.70,500,0.00,0.0000,-0.0034,0.0018,1.6055,-0.0016,-0.1631
192,-3.10,500,0.00,0.0000,-0.0045,0.0013,1.6050,-0.0022,-0.1643
193,-3.00,500,0.00,0.0000,-0.0038,0.0013,1.6044,-0.0018,-0.1635
194,-1.30,500,0.00,0.0000,0.0021,0.0016,1.6038,0.0018,-0.1574
195,-2.80,500,0.00,0.0000,-0.0029,0.0019,1.6035,-0.0011,-0.1623
196,-3.20,500,0.00,0.0000,-0.0041,0.0020,1.6031,-0.0017,-0.1634
197,-3.10,500,0.00,0.0000,-0.0028,0.0008,1.6026,-0.0013,-0.1626
198,-3.60,500,0.00,0.0000,-0.0047,0.0016,1.6024,-0.0021,-0.1641
199,-2.70,500,0.00,0.0000,-0.0007,0.0008,1.6021,0.0000,-0.1605
200,-2.10,500,0.00,0.0000,0.0011,0.0040,1.6022,0.0015,-0.1571
201,-3.20,500,0.00,0.0000,-0.0019,0.0016,1.6026,-0.0006,-0.1614
202,-3.60,500,0.00,0.0000,-0.0028,0.0009,1.6032,-0.0013,-0.1627
203,-3.60,500,0.00,0.0000,-0.0027,0.0017,1.6040,-0.0011,-0.1623
204,-2.70,500,0.00,0.0000,0.0004,0.0022,1.6046,0.0009,-0.1590
205,-1.60,500,0.00,0.0000,0.0046,0.0020,1.6051,0.0033,-0.1549
206,-3.30,500,0.00,0.0000,-0.0015,0.0023,1.6058,-0.0002,-0.1609
207,-1.50,500,0.00,0.0000,0.0048,0.0017,1.6061,0.0033,-0.1549
208,-2.30,500,0.00,0.0000,0.0013,0.0020,1.6065,0.0013,-0.1583
209,-3.30,500,0.00,0.0000,-0.0022,0.0010,1.6068,-0.0010,-0.1624
210,-2.40,500,0.00,0.0000,0.0005,0.0020,1.6069,0.0007,-0.1592
211,-1.70,500,0.00,0.0000,0.0022,0.0040,1.6070,0.0019,-0.1565
212,-4.10,500,0.00,0.0000,-0.0058,0.0011,1.6070,-0.0032,-0.1659
213,-4.10,500,0.00,0.0000,-0.0063,0.0022,1.6068,-0.0033,-0.1658
214,-1.30,500,0.00,0.0000,0.0037,0.0040,1.6062,0.0027,-0.1550
215,-2.90,500,0.00,0.0000,-0.0019,0.0014,1.6060,-0.0008,-0.1618
216,-2.80,500,0.00,0.0000,-0.0016,0.0014,1.6057,-0.0006,-0.1615
217,-3.20,500,0.00,0.0000,-0.0030,0.0009,1.6054,-0.0014,-0.1631
218,-3.80,500,0.00,0.0000,-0.0050,0.0016,1.6050,-0.0024,-0.1647
219,-2.40,500,0.00,0.0000,0.0001,0.0014,1.6045,0.0005,-0.1597
220,-1.80,500,0.00,0.0000,0.0025,0.0007,1.6041,0.0018,-0.1576
221,-3.10,500,0.00,0.0000,-0.0023,0.0015,1.6041,-0.0008,-0.1619
222,-4.80,500,0.00,0.0000,-0.0079,0.0012,1.6042,-0.0042,-0.1677
223,-0.60,500,0.00,0.0000,0.0066,0.0039,1.6035,0.0047,-0.1518
224,-1.90,500,0.00,0.0000,0.0018,0.0041,1.6041,0.0018,-0.1565
225,-3.40,500,0.00,0.0000,-0.0032,0.0016,1.6043,-0.0013,-0.1628
226,-3.30,500,0.00,0.0000,-0.0024,0.0009,1.6043,-0.0011,-0.1624
227,-0.80,500,0.00,0.0000,0.0050,0.0045,1.6045,0.0039,-0.1532
228,-2.90,500,0.00,0.0000,-0.0017,0.0015,1.6046,-0.0005,-0.1614
229,-2.70,500,0.00,0.0000,-0.0009,0.0012,1.6047,-0.0002,-0.1608
230,-4.10,500,0.00,0.0000,-0.0060,0.0016,1.6049,-0.0031,-0.1657
231,-2.10,500,0.00,0.0000,0.0004,0.0039,1.6049,0.0009,-0.1581
232,-2.60,500,0.00,0.0000,-0.0009,0.0020,1.6048,-0.0001,-0.1604
233,-0.50,500,0.00,0.0000,0.0059,0.0038,1.6048,0.0041,-0.1527
234,-2.00,500,0.00,0.0000,0.0009,0.0012,1.6050,0.0010,-0.1590
235,-2.10,500,0.00,0.0000,0.0004,0.0018,1.6052,0.0006,-0.1592
236,-3.50,500,0.00,0.0000,-0.0045,0.0009,1.6055,-0.0023,-0.1646
237,-3.60,500,0.00,0.0000,-0.0050,0.0013,1.6057,-0.0026,-0.1649
238,-2.10,500,0.00,0.0000,-0.0002,0.0018,1.6057,0.0004,-0.1598
239,-3.20,500,0.00,0.0000,-0.0040,0.0020,1.6058,-0.0018,-0.1635
240,-3.30,500,0.00,0.0000,-0.0041,0.0014,1.6056,-0.0020,-0.1639
241,-3.10,500,0.00,0.0000,-0.0033,0.0018,1.6055,-0.0015,-0.1629
242,-3.50,500,0.00,0.0000,-0.0044,0.0015,1.6052,-0.0022,-0.1641
243,-0.60,500,0.00,0.0000,0.0052,0.0042,1.6049,0.0038,-0.1532
244,-3.60,500,0.00,0.0000,-0.0046,0.0015,1.6047,-0.0022,-0.1643
245,-3.60,500,0.00,0.0000,-0.0042,0.0010,1.6043,-0.0020,-0.1641
246,-3.30,500,0.00,0.0000,-0.0031,0.0015,1.6040,-0.0013,-0.1627
247,1.73,467,0.00,0.0000,0.0136,0.0172,1.6037,0.0093,-0.1382
248,-1.60,500,0.00,0.0000,0.0027,0.0018,1.6037,0.0022,-0.1567
249,-3.00,500,0.00,0.0000,-0.0023,0.0015,1.6039,-0.0008,-0.1620
250,-3.20,500,0.00,0.0000,-0.0032,0.0015,1.6040,-0.0014,-0.1629
251,-3.10,500,0.00,0.0000,-0.0030,0.0014,1.6041,-0.0012,-0.1627
252,-3.80,500,0.00,0.0000,-0.0053,0.0010,1.6041,-0.0027,-0.1652
253,-2.20,500,0.00,0.0000,-0.0004,0.0039,1.6040,0.0005,-0.1588
254,-1.70,500,0.00,0.0000,0.0012,0.0040,1.6039,0.0015,-0.1572
255,-2.30,500,0.00,0.0000,-0.0003,0.0013,1.6038,0.0003,-0.1600
256,-2.60,500,0.00,0.0000,-0.0013,0.0013,1.6038,-0.0003,-0.1610
257,-3.00,500,0.00,0.0000,-0.0034,0.0042,1.6040,-0.0012,-0.1617
258,-3.30,500,0.00,0.0000,-0.0039,0.0015,1.6039,-0.0018,-0.1636
259,-2.40,500,0.00,0.0000,-0.0014,0.0041,1.6038,0.0000,-0.1597
260,-1.60,500,0.00,0.0000,0.0014,0.0039,1.6036,0.0017,-0.1570
261,-1.20,500,0.00,0.0000,0.0029,0.0039,1.6033,0.0025,-0.1555
262,-2.80,500,0.00,0.0000,-0.0020,0.0014,1.6033,-0.0008,-0.1617
263,-2.70,500,0.00,0.0000,-0.0019,0.0013,1.6033,-0.0006,-0.1616
264,-2.50,500,0.00,0.0000,-0.0013,0.0019,1.6035,-0.0003,-0.1607
265,-2.60,500,0.00,0.0000,-0.0017,0.0013,1.6037,-0.0005,-0.1614
266,-3.70,500,0.00,0.0000,-0.0054,0.0015,1.6039,-0.0027,-0.1650
267,-2.80,500,0.00,0.0000,-0.0026,0.0019,1.6040,-0.0009,-0.1620
268,-3.10,500,0.00,0.0000,-0.0034,0.0019,1.6041,-0.0015,-0.1629
269,-3.30,500,0.00,0.0000,-0.0039,0.0015,1.6041,-0.0018,-0.1636
270,-1.90,500,0.00,0.0000,0.0011,0.0018,1.6040,0.0011,-0.1584
271,-2.90,500,0.00,0.0000,-0.0022,0.0014,1.6041,-0.0008,-0.1619
272,-3.50,500,0.00,0.0000,-0.0042,0.0021,1.6042,-0.0019,-0.1636
273,-4.10,500,0.00,0.0000,-0.0061,0.0017,1.6042,-0.0030,-0.1657
274,-4.40,500,0.00,0.0000,-0.0068,0.0017,1.6039,-0.0034,-0.1663
275,-1.60,500,0.00,0.0000,0.0030,0.0039,1.6035,0.0025,-0.1554
276,-2.00,500,0.00,0.0000,0.0023,0.0020,1.6032,0.0019,-0.1570
277,-0.30,500,0.00,0.0000,0.0078,0.0039,1.6033,0.0054,-0.1506
278,-3.20,500,0.00,0.0000,-0.0016,0.0010,1.6037,-0.0005,-0.1615
279,-3.10,500,0.00,0.0000,-0.0014,0.0016,1.6042,-0.0004,-0.1611
280,-4.10,500,0.00,0.0000,-0.0049,0.0011,1.6047,-0.0025,-0.1648
281,-4.20,500,0.00,0.0000,-0.0052,0.0012,1.6050,-0.0026,-0.1652
282,-3.30,500,0.00,0.0000,-0.0023,0.0022,1.6052,-0.0007,-0.1617
283,-2.60,500,0.00,0.0000,0.0003,0.0021,1.6051,0.0008,-0.1592
284,-1.40,500,0.00,0.0000,0.0040,0.0047,1.6050,0.0033,-0.1541
285,-1.20,500,0.00,0.0000,0.0046,0.0047,1.6048,0.0037,-0.1535
286,-1.90,500,0.00,0.0000,0.0019,0.0048,1.6045,0.0021,-0.1561
287,-2.80,500,0.00,0.0000,-0.0007,0.0015,1.6042,0.0001,-0.1603
288,-3.20,500,0.00,0.0000,-0.0024,0.0015,1.6039,-0.0008,-0.1620
289,-3.20,500,0.00,0.0000,-0.0026,0.0015,1.6037,-0.0010,-0.1622
290,-2.10,500,0.00,0.0000,0.0001,0.0047,1.6034,0.0011,-0.1578
291,-3.20,500,0.00,0.0000,-0.0028,0.0009,1.6030,-0.0012,-0.1626
292,-2.30,500,0.00,0.0000,-0.0000,0.0019,1.6028,0.0006,-0.1593
293,-2.90,500,0.00,0.0000,-0.0022,0.0014,1.6027,-0.0007,-0.1618
294,-3.60,500,0.00,0.0000,-0.0048,0.0015,1.6027,-0.0022,-0.1643
295,-3.00,500,0.00,0.0000,-0.0024,0.0008,1.6026,-0.0010,-0.1622
296,-2.20,500,0.00,0.0000,-0.0001,0.0019,1.6027,0.0006,-0.1594
297,-3.90,500,0.00,0.0000,-0.0054,0.0010,1.6029,-0.0028,-0.1652
298,-2.40,500,0.00,0.0000,-0.0005,0.0013,1.6031,0.0002,-0.1602
299,-3.60,500,0.00,0.0000,-0.0046,0.0015,1.6035,-0.0021,-0.1642
300,-3.50,500,0.00,0.0000,-0.0044,0.0021,1.6037,-0.0019,-0.1637
301,-3.40,500,0.00,0.0000,-0.0034,0.0015,1.6037,-0.0016,-0.1630
302,-3.30,500,0.00,0.0000,-0.0028,0.0015,1.6038,-0.0012,-0.1624
303,-3.10,500,0.00,0.0000,-0.0023,0.0021,1.6039,-0.0007,-0.1616
304,-3.40,500,0.00,0.0000,-0.0031,0.0022,1.6039,-0.0011,-0.1624
305,-2.70,500,0.00,0.0000,0.0001,0.0013,1.6038,0.0005,-0.1596
306,-2.90,500,0.00,0.0000,-0.0004,0.0016,1.6039,0.0003,-0.1600
307,2.50,397,0.00,0.0000,0.0190,0.0208,1.6041,0.0127,-0.1310
308,-2.70,500,0.00,0.0000,0.0001,0.0015,1.6045,0.0005,-0.1596
309,-3.70,500,0.00,0.0000,-0.0037,0.0016,1.6050,-0.0018,-0.1634
310,-2.90,500,0.00,0.0000,-0.0014,0.0015,1.6053,-0.0004,-0.1612
311,-3.50,500,0.00,0.0000,-0.0035,0.0016,1.6055,-0.0017,-0.1633
312,-2.70,500,0.00,0.0000,-0.0011,0.0020,1.6056,-0.0002,-0.1606
313,-1.80,500,0.00,0.0000,0.0017,0.0018,1.6058,0.0015,-0.1579
314,-2.40,500,0.00,0.0000,-0.0008,0.0041,1.6059,0.0002,-0.1593
315,-1.80,500,0.00,0.0000,0.0011,0.0040,1.6059,0.0013,-0.1575
316,-2.80,500,0.00,0.0000,-0.0019,0.0014,1.6058,-0.0008,-0.1618
317,-0.60,500,0.00,0.0000,0.0049,0.0043,1.6058,0.0036,-0.1535
318,-3.10,500,0.00,0.0000,-0.0035,0.0020,1.6057,-0.0016,-0.1631
319,-0.20,500,0.00,0.0000,0.0059,0.0036,1.6056,0.0041,-0.1528
320,-3.40,500,0.00,0.0000,-0.0046,0.0008,1.6055,-0.0024,-0.1647
321,-3.90,500,0.00,0.0000,-0.0064,0.0009,1.6054,-0.0035,-0.1665
322,-0.50,500,0.00,0.0000,0.0043,0.0043,1.6053,0.0033,-0.1541
323,-2.10,500,0.00,0.0000,-0.0007,0.0018,1.6052,0.0000,-0.1604
324,-2.80,500,0.00,0.0000,-0.0031,0.0013,1.6050,-0.0014,-0.1629
325,-3.10,500,0.00,0.0000,-0.0040,0.0007,1.6049,-0.0020,-0.1641
326,-0.50,500,0.00,0.0000,0.0042,0.0036,1.6048,0.0032,-0.1544
327,-3.80,500,0.00,0.0000,-0.0065,0.0009,1.6048,-0.0035,-0.1666
328,-1.60,500,0.00,0.0000,0.0004,0.0039,1.6047,0.0009,-0.1582
329,-4.40,500,0.00,0.0000,-0.0086,0.0010,1.6046,-0.0047,-0.1686
330,-2.50,500,0.00,0.0000,-0.0022,0.0018,1.6044,-0.0008,-0.1617
331,-2.70,500,0.00,0.0000,-0.0030,0.0019,1.6042,-0.0012,-0.1624
332,-2.50,500,0.00,0.0000,-0.0019,0.0012,1.6040,-0.0007,-0.1617
333,-2.50,500,0.00,0.0000,-0.0025,0.0041,1.6039,-0.0006,-0.1608
334,-1.80,500,0.00,0.0000,0.0005,0.0017,1.6037,0.0009,-0.1590
335,-2.30,500,0.00,0.0000,-0.0012,0.0018,1.6035,-0.0001,-0.1606
336,-2.00,500,0.00,0.0000,0.0004,0.0012,1.6034,0.0006,-0.1594
337,-3.00,500,0.00,0.0000,-0.0037,0.0040,1.6035,-0.0014,-0.1621
338,-1.40,500,0.00,0.0000,0.0019,0.0039,1.6035,0.0019,-0.1565
339,-2.50,500,0.00,0.0000,-0.0012,0.0013,1.6035,-0.0003,-0.1609
340,-1.50,500,0.00,0.0000,0.0017,0.0039,1.6037,0.0017,-0.1568
341,-1.60,500,0.00,0.0000,0.0015,0.0017,1.6039,0.0015,-0.1580
342,-0.06,461,0.00,0.0000,0.0053,0.0170,1.6042,0.0046,-0.1466
343,-1.90,500,0.00,0.0000,0.0004,0.0018,1.6043,0.0007,-0.1592
344,-2.40,500,0.00,0.0000,-0.0013,0.0012,1.6043,-0.0003,-0.1611
345,-4.30,500,0.00,0.0000,-0.0080,0.0016,1.6045,-0.0042,-0.1677
346,-2.80,500,0.00,0.0000,-0.0029,0.0013,1.6044,-0.0012,-0.1626
347,-2.60,500,0.00,0.0000,-0.0023,0.0019,1.6044,-0.0008,-0.1618
348,-2.00,500,0.00,0.0000,-0.0000,0.0018,1.6043,0.0004,-0.1596
349,-3.50,500,0.00,0.0000,-0.0053,0.0014,1.6043,-0.0026,-0.1650
350,-3.00,500,0.00,0.0000,-0.0035,0.0014,1.6042,-0.0016,-0.1632
351,-3.90,500,0.00,0.0000,-0.0063,0.0015,1.6042,-0.0033,-0.1660
352,-3.30,500,0.00,0.0000,-0.0043,0.0020,1.6040,-0.0020,-0.1636
353,-2.40,500,0.00,0.0000,-0.0016,0.0041,1.6039,-0.0001,-0.1599
354,-3.40,500,0.00,0.0000,-0.0042,0.0015,1.6036,-0.0019,-0.1639
355,-2.70,500,0.00,0.0000,-0.0016,0.0014,1.6034,-0.0004,-0.1613
356,-2.70,500,0.00,0.0000,-0.0014,0.0014,1.6032,-0.0003,-0.1610
357,-1.40,500,0.00,0.0000,0.0026,0.0046,1.6031,0.0024,-0.1554
358,-3.00,500,0.00,0.0000,-0.0022,0.0015,1.6031,-0.0007,-0.1618
359,-2.00,500,0.00,0.0000,0.0014,0.0013,1.6031,0.0014,-0.1582
360,-1.50,500,0.00,0.0000,0.0025,0.0040,1.6033,0.0024,-0.1558
361,-3.40,500,0.00,0.0000,-0.0034,0.0020,1.6035,-0.0014,-0.1628
362,-3.30,500,0.00,0.0000,-0.0031,0.0015,1.6037,-0.0012,-0.1627
363,-1.70,500,0.00,0.0000,0.0025,0.0012,1.6038,0.0020,-0.1572
364,-3.30,500,0.00,0.0000,-0.0030,0.0021,1.6041,-0.0012,-0.1624
365,-4.00,500,0.00,0.0000,-0.0052,0.0011,1.6043,-0.0026,-0.1651
366,-4.60,500,0.00,0.0000,-0.0072,0.0018,1.6045,-0.0038,-0.1668
367,-3.50,500,0.00,0.0000,-0.0032,0.0010,1.6045,-0.0014,-0.1631
368,-4.20,500,0.00,0.0000,-0.0056,0.0018,1.6045,-0.0027,-0.1651
369,-3.60,500,0.00,0.0000,-0.0032,0.0017,1.6043,-0.0013,-0.1628
370,-2.40,500,0.00,0.0000,0.0011,0.0021,1.6041,0.0013,-0.1583
371,-3.20,500,0.00,0.0000,-0.0015,0.0023,1.6039,-0.0001,-0.1607
372,-2.80,500,0.00,0.0000,0.0003,0.0016,1.6037,0.0008,-0.1592
373,-3.70,500,0.00,0.0000,-0.0026,0.0018,1.6035,-0.0009,-0.1621
374,-2.80,500,0.00,0.0000,0.0009,0.0017,1.6033,0.0011,-0.1586
375,-2.60,500,0.00,0.0000,0.0017,0.0016,1.6032,0.0015,-0.1578
376,-2.30,500,0.00,0.0000,0.0024,0.0022,1.6035,0.0022,-0.1568
377,-2.60,500,0.00,0.0000,0.0013,0.0022,1.6038,0.0015,-0.1579
378,-3.40,500,0.00,0.0000,-0.0014,0.0018,1.6041,-0.0002,-0.1609
379,-3.10,500,0.00,0.0000,-0.0004,0.0017,1.6043,0.0004,-0.1599
380,-1.70,500,0.00,0.0000,0.0038,0.0042,1.6045,0.0031,-0.1545
381,2.66,339,0.00,0.0000,0.0222,0.0246,1.6046,0.0147,-0.1260
382,-3.50,500,0.00,0.0000,-0.0025,0.0017,1.6048,-0.0010,-0.1622
383,-2.30,500,0.00,0.0000,0.0004,0.0042,1.6049,0.0010,-0.1580
384,-3.80,500,0.00,0.0000,-0.0045,0.0014,1.6049,-0.0023,-0.1643
385,-3.60,500,0.00,0.0000,-0.0044,0.0016,1.6048,-0.0021,-0.1641
386,-2.20,500,0.00,0.0000,0.0003,0.0013,1.6047,0.0006,-0.1595
387,-2.50,500,0.00,0.0000,-0.0010,0.0013,1.6046,-0.0002,-0.1609
388,-2.70,500,0.00,0.0000,-0.0020,0.0013,1.6047,-0.0007,-0.1618
389,-2.00,500,0.00,0.0000,-0.0002,0.0040,1.6047,0.0006,-0.1586
390,-2.90,500,0.00,0.0000,-0.0030,0.0013,1.6047,-0.0013,-0.1627
391,-1.10,500,0.00,0.0000,0.0029,0.0016,1.6047,0.0022,-0.1567
392,-1.40,500,0.00,0.0000,0.0013,0.0038,1.6048,0.0015,-0.1572
393,-1.60,500,0.00,0.0000,0.0006,0.0039,1.6048,0.0010,-0.1579
394,-3.70,500,0.00,0.0000,-0.0060,0.0008,1.6049,-0.0033,-0.1661
395,-4.10,500,0.00,0.0000,-0.0076,0.0009,1.6049,-0.0041,-0.1677
396,-1.90,500,0.00,0.0000,-0.0008,0.0039,1.6049,0.0003,-0.1593
397,-2.60,500,0.00,0.0000,-0.0028,0.0018,1.6048,-0.0011,-0.1624
398,-0.90,500,0.00,0.0000,0.0025,0.0043,1.6047,0.0023,-0.1558
399,-3.50,500,0.00,0.0000,-0.0060,0.0020,1.6045,-0.0029,-0.1654
400,-3.60,500,0.00,0.0000,-0.0059,0.0008,1.6042,-0.0031,-0.1659
401,-2.30,500,0.00,0.0000,-0.0015,0.0018,1.6039,-0.0004,-0.1610
402,-3.80,500,0.00,0.0000,-0.0066,0.0015,1.6037,-0.0034,-0.1663
403,-3.20,500,0.00,0.0000,-0.0042,0.0012,1.6034,-0.0021,-0.1639
404,-1.80,500,0.00,0.0000,0.0002,0.0039,1.6032,0.0008,-0.1582
405,-2.40,500,0.00,0.0000,-0.0015,0.0019,1.6030,-0.0003,-0.1609
406,-1.90,500,0.00,0.0000,0.0003,0.0018,1.6028,0.0008,-0.1591
407,-3.90,500,0.00,0.0000,-0.0061,0.0010,1.6028,-0.0031,-0.1659
408,-2.50,500,0.00,0.0000,-0.0015,0.0019,1.6028,-0.0002,-0.1608
409,-3.00,500,0.00,0.0000,-0.0029,0.0014,1.6029,-0.0011,-0.1625
410,-3.10,500,0.00,0.0000,-0.0031,0.0014,1.6030,-0.0013,-0.1627
411,-2.20,500,0.00,0.0000,-0.0005,0.0041,1.6031,0.0006,-0.1587
412,-2.30,500,0.00,0.0000,-0.0000,0.0013,1.6031,0.0005,-0.1597
413,-3.10,500,0.00,0.0000,-0.0025,0.0015,1.6033,-0.0010,-0.1621
414,-1.40,500,0.00,0.0000,0.0029,0.0040,1.6035,0.0024,-0.1554
415,-2.90,500,0.00,0.0000,-0.0018,0.0014,1.6038,-0.0005,-0.1615
416,-4.10,500,0.00,0.0000,-0.0060,0.0023,1.6041,-0.0029,-0.1652
417,-3.60,500,0.00,0.0000,-0.0039,0.0016,1.6043,-0.0018,-0.1635
418,-3.80,500,0.00,0.0000,-0.0047,0.0016,1.6044,-0.0022,-0.1643
419,-2.20,500,0.00,0.0000,0.0011,0.0020,1.6044,0.0012,-0.1584
420,-1.40,500,0.00,0.0000,0.0041,0.0018,1.6045,0.0029,-0.1555
421,-4.60,500,0.00,0.0000,-0.0069,0.0018,1.6048,-0.0035,-0.1665
422,-1.00,500,0.00,0.0000,0.0053,0.0040,1.6048,0.0038,-0.1532
423,-3.50,500,0.00,0.0000,-0.0030,0.0016,1.6050,-0.0012,-0.1627
424,1.16,441,0.00,0.0000,0.0122,0.0186,1.6051,0.0086,-0.1390
425,-3.00,500,0.00,0.0000,-0.0011,0.0015,1.6050,-0.0003,-0.1609
426,-3.20,500,0.00,0.0000,-0.0019,0.0010,1.6050,-0.0008,-0.1619
427,-4.10,500,0.00,0.0000,-0.0053,0.0017,1.6050,-0.0027,-0.1650
428,-2.60,500,0.00,0.0000,-0.0004,0.0020,1.6050,0.0003,-0.1599
429,-1.30,500,0.00,0.0000,0.0036,0.0040,1.6049,0.0029,-0.1549
430,-1.20,500,0.00,0.0000,0.0038,0.0040,1.6047,0.0030,-0.1547
431,-2.30,500,0.00,0.0000,-0.0002,0.0041,1.6046,0.0007,-0.1586
432,-1.50,500,0.00,0.0000,0.0024,0.0040,1.6044,0.0022,-0.1560
433,-0.80,500,0.00,0.0000,0.0044,0.0044,1.6041,0.0035,-0.1537
434,-3.90,500,0.00,0.0000,-0.0055,0.0010,1.6039,-0.0028,-0.1654
435,-3.60,500,0.00,0.0000,-0.0045,0.0009,1.6036,-0.0023,-0.1644
436,-3.20,500,0.00,0.0000,-0.0036,0.0014,1.6035,-0.0016,-0.1632
437,-0.80,500,0.00,0.0000,0.0038,0.0044,1.6034,0.0032,-0.1544
438,-2.50,500,0.00,0.0000,-0.0012,0.0013,1.6033,-0.0003,-0.1609
439,-2.30,500,0.00,0.0000,-0.0010,0.0018,1.6033,0.0000,-0.1604
440,-2.10,500,0.00,0.0000,-0.0004,0.0018,1.6034,0.0004,-0.1599
441,-3.50,500,0.00,0.0000,-0.0054,0.0021,1.6036,-0.0025,-0.1647
442,-3.00,500,0.00,0.0000,-0.0037,0.0020,1.6036,-0.0016,-0.1631
443,-2.80,500,0.00,0.0000,-0.0028,0.0013,1.6035,-0.0012,-0.1625
444,-2.60,500,0.00,0.0000,-0.0022,0.0013,1.6035,-0.0008,-0.1619
445,-2.70,500,0.00,0.0000,-0.0023,0.0012,1.6035,-0.0010,-0.1621
446,-2.20,500,0.00,0.0000,-0.0007,0.0012,1.6036,0.0001,-0.1604
447,-2.90,500,0.00,0.0000,-0.0032,0.0013,1.6038,-0.0013,-0.1629
448,-2.70,500,0.00,0.0000,-0.0024,0.0013,1.6039,-0.0009,-0.1621
449,-3.10,500,0.00,0.0000,-0.0037,0.0014,1.6041,-0.0017,-0.1634
450,-2.90,500,0.00,0.0000,-0.0030,0.0013,1.6043,-0.0012,-0.1627
451,-3.30,500,0.00,0.0000,-0.0041,0.0013,1.6044,-0.0020,-0.1639
452,-3.80,500,0.00,0.0000,-0.0057,0.0014,1.6045,-0.0029,-0.1654
453,-2.30,500,0.00,0.0000,-0.0004,0.0013,1.6046,0.0002,-0.1603
454,-3.30,500,0.00,0.0000,-0.0038,0.0015,1.6047,-0.0017,-0.1635
455,-2.80,500,0.00,0.0000,-0.0017,0.0014,1.6048,-0.0006,-0.1615
456,-1.00,500,0.00,0.0000,0.0041,0.0039,1.6049,0.0031,-0.1545
457,-2.80,500,0.00,0.0000,-0.0016,0.0014,1.6051,-0.0004,-0.1614
458,-2.90,500,0.00,0.0000,-0.0016,0.0014,1.6053,-0.0006,-0.1614
459,-1.50,500,0.00,0.0000,0.0026,0.0040,1.6054,0.0023,-0.1559
460,-2.50,500,0.00,0.0000,-0.0001,0.0014,1.6055,0.0003,-0.1600
461,-2.20,500,0.00,0.0000,0.0008,0.0013,1.6057,0.0009,-0.1591
462,-3.00,500,0.00,0.0000,-0.0019,0.0015,1.6059,-0.0007,-0.1618
463,-2.50,500,0.00,0.0000,-0.0004,0.0020,1.6060,0.0003,-0.1600
464,-3.60,500,0.00,0.0000,-0.0036,0.0010,1.6060,-0.0019,-0.1637
465,-1.40,500,0.00,0.0000,0.0031,0.0040,1.6061,0.0025,-0.1555
466,-2.90,500,0.00,0.0000,-0.0017,0.0021,1.6061,-0.0005,-0.1613
467,-4.20,500,0.00,0.0000,-0.0060,0.0017,1.6060,-0.0031,-0.1657
468,-3.40,500,0.00,0.0000,-0.0030,0.0016,1.6057,-0.0014,-0.1628
469,-3.00,500,0.00,0.0000,-0.0017,0.0015,1.6054,-0.0005,-0.1615
470,-2.90,500,0.00,0.0000,-0.0013,0.0021,1.6051,-0.0002,-0.1607
471,-2.60,500,0.00,0.0000,-0.0002,0.0014,1.6049,0.0004,-0.1599
472,-3.50,500,0.00,0.0000,-0.0032,0.0016,1.6046,-0.0013,-0.1628
473,-2.60,500,0.00,0.0000,-0.0002,0.0021,1.6043,0.0006,-0.1596
474,-2.80,500,0.00,0.0000,-0.0005,0.0015,1.6040,0.0002,-0.1602
475,-0.20,500,0.00,0.0000,0.0079,0.0044,1.6038,0.0055,-0.1503
476,-2.80,500,0.00,0.0000,-0.0004,0.0009,1.6038,0.0002,-0.1603
477,-2.60,500,0.00,0.0000,-0.0002,0.0021,1.6039,0.0006,-0.1596
478,-2.00,500,0.00,0.0000,0.0022,0.0012,1.6040,0.0017,-0.1576
479,-2.90,500,0.00,0.0000,-0.0014,0.0021,1.6043,-0.0002,-0.1608
480,-2.30,500,0.00,0.0000,0.0007,0.0020,1.6045,0.0009,-0.1587
481,-3.00,500,0.00,0.0000,-0.0018,0.0015,1.6048,-0.0006,-0.1615
482,-2.20,500,0.00,0.0000,0.0007,0.0019,1.6050,0.0010,-0.1589
483,-3.10,500,0.00,0.0000,-0.0022,0.0015,1.6052,-0.0009,-0.1620
484,-2.20,500,0.00,0.0000,0.0006,0.0013,1.6053,0.0008,-0.1593
485,-3.80,500,0.00,0.0000,-0.0048,0.0010,1.6055,-0.0025,-0.1648
486,-2.00,500,0.00,0.0000,0.0010,0.0019,1.6056,0.0011,-0.1586
487,-2.00,500,0.00,0.0000,0.0007,0.0041,1.6057,0.0011,-0.1578
488,-2.70,500,0.00,0.0000,-0.0013,0.0014,1.6057,-0.0004,-0.1612
489,-2.00,500,0.00,0.0000,0.0010,0.0018,1.6057,0.0010,-0.1586
490,-2.80,500,0.00,0.0000,-0.0018,0.0014,1.6058,-0.0006,-0.1617
491,-3.20,500,0.00,0.0000,-0.0032,0.0015,1.6058,-0.0015,-0.1631
492,-0.70,500,0.00,0.0000,0.0050,0.0036,1.6057,0.0035,-0.1537
493,-2.80,500,0.00,0.0000,-0.0019,0.0014,1.6058,-0.0007,-0.1618
494,-3.30,500,0.00,0.0000,-0.0034,0.0009,1.6058,-0.0018,-0.1635
495,-4.80,500,0.00,0.0000,-0.0088,0.0017,1.6058,-0.0048,-0.1685
496,-3.10,500,0.00,0.0000,-0.0028,0.0014,1.6056,-0.0013,-0.1627
497,-3.00,500,0.00,0.0000,-0.0023,0.0014,1.6055,-0.0010,-0.1622
498,-3.60,500,0.00,0.0000,-0.0043,0.0015,1.6053,-0.0021,-0.1641
499,-2.10,500,0.00,0.0000,0.0009,0.0019,1.6052,0.0010,-0.1587
500,-3.20,500,0.00,0.0000,-0.0029,0.0021,1.6051,-0.0011,-0.1624
501,0.62,384,0.00,0.0000,0.0097,0.0210,1.6049,0.0072,-0.1403
502,-2.80,500,0.00,0.0000,-0.0013,0.0014,1.6045,-0.0002,-0.1611
503,-3.30,500,0.00,0.0000,-0.0031,0.0015,1.6041,-0.0012,-0.1627
504,-3.10,500,0.00,0.0000,-0.0026,0.0021,1.6037,-0.0008,-0.1619
505,-3.10,500,0.00,0.0000,-0.0023,0.0015,1.6032,-0.0008,-0.1619
506,-2.40,500,0.00,0.0000,0.0002,0.0014,1.6028,0.0007,-0.1594
507,-3.60,500,0.00,0.0000,-0.0041,0.0016,1.6026,-0.0017,-0.1636
508,-2.00,500,0.00,0.0000,0.0009,0.0041,1.6024,0.0015,-0.1573
509,-2.90,500,0.00,0.0000,-0.0014,0.0013,1.6022,-0.0003,-0.1610
510,-2.00,500,0.00,0.0000,0.0013,0.0019,1.6021,0.0015,-0.1579
511,-2.80,500,0.00,0.0000,-0.0015,0.0021,1.6023,-0.0001,-0.1607
512,-3.10,500,0.00,0.0000,-0.0021,0.0015,1.6024,-0.0007,-0.1616
513,-3.40,500,0.00,0.0000,-0.0034,0.0016,1.6026,-0.0014,-0.1629
514,-1.90,500,0.00,0.0000,0.0011,0.0041,1.6028,0.0016,-0.1571
515,-2.30,500,0.00,0.0000,0.0002,0.0020,1.6030,0.0008,-0.1591
516,-4.50,500,0.00,0.0000,-0.0070,0.0012,1.6032,-0.0036,-0.1668
517,-4.10,500,0.00,0.0000,-0.0056,0.0011,1.6033,-0.0028,-0.1654
518,-3.10,500,0.00,0.0000,-0.0021,0.0015,1.6033,-0.0007,-0.1616
519,-2.70,500,0.00,0.0000,-0.0007,0.0020,1.6035,0.0001,-0.1600
520,-2.50,500,0.00,0.0000,-0.0002,0.0020,1.6037,0.0006,-0.1595
521,-2.90,500,0.00,0.0000,-0.0012,0.0015,1.6038,-0.0002,-0.1609
522,-1.80,500,0.00,0.0000,0.0026,0.0019,1.6040,0.0021,-0.1568
523,-0.90,500,0.00,0.0000,0.0052,0.0039,1.6044,0.0039,-0.1533
524,-2.50,500,0.00,0.0000,0.0003,0.0014,1.6047,0.0006,-0.1595
525,-2.20,500,0.00,0.0000,0.0011,0.0013,1.6051,0.0011,-0.1588
526,-2.00,500,0.00,0.0000,0.0016,0.0017,1.6055,0.0014,-0.1581
527,-4.40,500,0.00,0.0000,-0.0067,0.0017,1.6060,-0.0035,-0.1664
528,-4.40,500,0.00,0.0000,-0.0066,0.0017,1.6061,-0.0035,-0.1664
529,-1.30,500,0.00,0.0000,0.0033,0.0045,1.6062,0.0027,-0.1551
530,-3.10,500,0.00,0.0000,-0.0023,0.0015,1.6061,-0.0009,-0.1622
531,-3.30,500,0.00,0.0000,-0.0028,0.0015,1.6060,-0.0013,-0.1626
532,-3.70,500,0.00,0.0000,-0.0043,0.0016,1.6059,-0.0021,-0.1641
533,-3.80,500,0.00,0.0000,-0.0045,0.0016,1.6057,-0.0022,-0.1643
534,-2.50,500,0.00,0.0000,0.0002,0.0014,1.6053,0.0005,-0.1596
535,1.40,401,0.00,0.0000,0.0133,0.0202,1.6051,0.0093,-0.1371
536,-1.50,500,0.00,0.0000,0.0029,0.0046,1.6048,0.0025,-0.1553
537,-1.90,500,0.00,0.0000,0.0013,0.0041,1.6045,0.0016,-0.1571
538,-2.10,500,0.00,0.0000,0.0010,0.0013,1.6041,0.0011,-0.1588
539,-2.60,500,0.00,0.0000,-0.0008,0.0014,1.6038,-0.0000,-0.1604
540,-4.50,500,0.00,0.0000,-0.0073,0.0009,1.6037,-0.0039,-0.1672
541,-0.70,500,0.00,0.0000,0.0048,0.0038,1.6036,0.0036,-0.1537
542,-3.00,500,0.00,0.0000,-0.0029,0.0020,1.6036,-0.0011,-0.1622
543,-2.60,500,0.00,0.0000,-0.0014,0.0013,1.6035,-0.0003,-0.1611
544,-3.10,500,0.00,0.0000,-0.0032,0.0014,1.6035,-0.0014,-0.1629
545,-2.10,500,0.00,0.0000,-0.0005,0.0040,1.6036,0.0006,-0.1589
546,-2.80,500,0.00,0.0000,-0.0022,0.0014,1.6035,-0.0009,-0.1619
547,-2.80,500,0.00,0.0000,-0.0026,0.0019,1.6036,-0.0009,-0.1620
548,-3.40,500,0.00,0.0000,-0.0046,0.0015,1.6036,-0.0021,-0.1642
549,-3.30,500,0.00,0.0000,-0.0041,0.0014,1.6035,-0.0019,-0.1638
550,-3.20,500,0.00,0.0000,-0.0036,0.0013,1.6035,-0.0017,-0.1633
551,-3.40,500,0.00,0.0000,-0.0042,0.0015,1.6035,-0.0020,-0.1638
552,-0.60,500,0.00,0.0000,0.0046,0.0044,1.6034,0.0036,-0.1536
553,-2.60,500,0.00,0.0000,-0.0015,0.0013,1.6035,-0.0003,-0.1612
554,-2.90,500,0.00,0.0000,-0.0023,0.0014,1.6036,-0.0009,-0.1620
555,-2.60,500,0.00,0.0000,-0.0012,0.0013,1.6037,-0.0003,-0.1609
556,-2.40,500,0.00,0.0000,-0.0007,0.0013,1.6039,0.0001,-0.1605
557,-3.50,500,0.00,0.0000,-0.0045,0.0015,1.6042,-0.0021,-0.1642
558,-0.90,500,0.00,0.0000,0.0041,0.0038,1.6044,0.0031,-0.1544
559,-2.60,500,0.00,0.0000,-0.0013,0.0019,1.6046,-0.0003,-0.1608
560,-2.40,500,0.00,0.0000,-0.0006,0.0013,1.6048,0.0001,-0.1604
561,-3.00,500,0.00,0.0000,-0.0028,0.0020,1.6051,-0.0011,-0.1623
562,-3.40,500,0.00,0.0000,-0.0038,0.0015,1.6052,-0.0019,-0.1636
563,0.90,497,0.00,0.0000,0.0096,0.0159,1.6053,0.0068,-0.1430
564,-2.60,500,0.00,0.0000,-0.0012,0.0013,1.6054,-0.0003,-0.1611
565,-1.80,500,0.00,0.0000,0.0016,0.0012,1.6055,0.0013,-0.1584
566,-3.60,500,0.00,0.0000,-0.0046,0.0015,1.6056,-0.0024,-0.1645
567,-2.00,500,0.00,0.0000,0.0002,0.0040,1.6057,0.0008,-0.1584
568,-4.10,500,0.00,0.0000,-0.0066,0.0016,1.6057,-0.0034,-0.1664
569,-4.30,500,0.00,0.0000,-0.0074,0.0022,1.6056,-0.0038,-0.1669
570,-3.60,500,0.00,0.0000,-0.0048,0.0015,1.6053,-0.0023,-0.1645
571,-1.80,500,0.00,0.0000,0.0011,0.0040,1.6049,0.0014,-0.1574
572,-3.50,500,0.00,0.0000,-0.0040,0.0015,1.6044,-0.0019,-0.1636
573,-2.60,500,0.00,0.0000,-0.0007,0.0014,1.6040,-0.0000,-0.1604
574,-3.30,500,0.00,0.0000,-0.0032,0.0015,1.6037,-0.0013,-0.1628
575,-2.20,500,0.00,0.0000,0.0007,0.0013,1.6034,0.0010,-0.1589
576,-3.10,500,0.00,0.0000,-0.0023,0.0015,1.6032,-0.0007,-0.1618
577,-2.30,500,0.00,0.0000,0.0006,0.0014,1.6031,0.0009,-0.1590
578,-2.40,500,0.00,0.0000,0.0003,0.0014,1.6031,0.0008,-0.1593
579,-3.00,500,0.00,0.0000,-0.0017,0.0015,1.6033,-0.0004,-0.1613
580,-2.30,500,0.00,0.0000,0.0006,0.0020,1.6034,0.0010,-0.1587
581,-3.90,500,0.00,0.0000,-0.0045,0.0017,1.6036,-0.0022,-0.1640
582,-2.70,500,0.00,0.0000,-0.0005,0.0015,1.6038,0.0003,-0.1602
583,-4.10,500,0.00,0.0000,-0.0053,0.0017,1.6041,-0.0025,-0.1648
584,-3.80,500,0.00,0.0000,-0.0040,0.0017,1.6041,-0.0018,-0.1635
585,-2.60,500,0.00,0.0000,0.0002,0.0021,1.6042,0.0006,-0.1592
586,-3.10,500,0.00,0.0000,-0.0013,0.0016,1.6043,-0.0003,-0.1609
587,-2.80,500,0.00,0.0000,-0.0005,0.0021,1.6045,0.0004,-0.1599
588,-1.80,500,0.00,0.0000,0.0027,0.0042,1.6046,0.0024,-0.1557
589,-3.60,500,0.00,0.0000,-0.0030,0.0017,1.6046,-0.0012,-0.1626
590,-4.00,500,0.00,0.0000,-0.0041,0.0018,1.6046,-0.0019,-0.1637
591,-2.90,500,0.00,0.0000,-0.0007,0.0022,1.6045,0.0003,-0.1600
592,-1.90,500,0.00,0.0000,0.0023,0.0048,1.6043,0.0024,-0.1557
593,-2.30,500,0.00,0.0000,0.0018,0.0015,1.6041,0.0016,-0.1579
594,-1.80,500,0.00,0.0000,0.0032,0.0020,1.6039,0.0026,-0.1562
595,-3.30,500,0.00,0.0000,-0.0021,0.0022,1.6039,-0.0005,-0.1614
596,-3.10,500,0.00,0.0000,-0.0013,0.0016,1.6038,-0.0001,-0.1608
597,-2.30,500,0.00,0.0000,0.0016,0.0014,1.6037,0.0014,-0.1580
598,-1.10,500,0.00,0.0000,0.0049,0.0040,1.6038,0.0037,-0.1535
599,-2.90,500,0.00,0.0000,-0.0007,0.0015,1.6040,0.0000,-0.1604
600,-3.10,500,0.00,0.0000,-0.0016,0.0015,1.6043,-0.0005,-0.1613
601,-3.40,500,0.00,0.0000,-0.0030,0.0016,1.6046,-0.0012,-0.1627
602,-2.30,500,0.00,0.0000,0.0005,0.0020,1.6048,0.0009,-0.1590
603,-3.20,500,0.00,0.0000,-0.0026,0.0015,1.6050,-0.0010,-0.1623
604,-4.00,500,0.00,0.0000,-0.0052,0.0017,1.6051,-0.0026,-0.1649
605,-3.60,500,0.00,0.0000,-0.0038,0.0016,1.6051,-0.0018,-0.1635
606,-2.30,500,0.00,0.0000,0.0008,0.0008,1.6051,0.0008,-0.1593
607,-2.30,500,0.00,0.0000,0.0006,0.0014,1.6052,0.0008,-0.1593
608,-3.90,500,0.00,0.0000,-0.0049,0.0016,1.6054,-0.0024,-0.1646
609,-1.00,500,0.00,0.0000,0.0045,0.0039,1.6054,0.0034,-0.1540
610,-3.20,500,0.00,0.0000,-0.0027,0.0021,1.6054,-0.0010,-0.1622
611,-2.40,500,0.00,0.0000,-0.0003,0.0042,1.6053,0.0006,-0.1587
612,-2.20,500,0.00,0.0000,0.0008,0.0013,1.6051,0.0010,-0.1590
613,-3.60,500,0.00,0.0000,-0.0040,0.0016,1.6050,-0.0018,-0.1637
614,-3.60,500,0.00,0.0000,-0.0040,0.0022,1.6048,-0.0018,-0.1634
615,-3.80,500,0.00,0.0000,-0.0042,0.0009,1.6045,-0.0022,-0.1643
616,-2.90,500,0.00,0.0000,-0.0014,0.0015,1.6042,-0.0003,-0.1611
617,-1.60,500,0.00,0.0000,0.0030,0.0019,1.6040,0.0024,-0.1565
618,-1.20,500,0.00,0.0000,0.0046,0.0018,1.6039,0.0032,-0.1549
619,-2.20,500,0.00,0.0000,0.0011,0.0014,1.6041,0.0012,-0.1587
620,-1.50,500,0.00,0.0000,0.0028,0.0046,1.6043,0.0025,-0.1553
621,-0.00,500,0.00,0.0000,0.0077,0.0043,1.6045,0.0054,-0.1506
622,-1.80,500,0.00,0.0000,0.0014,0.0040,1.6047,0.0016,-0.1571
623,-3.20,500,0.00,0.0000,-0.0031,0.0015,1.6049,-0.0013,-0.1629
624,-3.00,500,0.00,0.0000,-0.0027,0.0020,1.6050,-0.0011,-0.1622
625,-2.40,500,0.00,0.0000,-0.0013,0.0041,1.6050,0.0000,-0.1597
626,-3.50,500,0.00,0.0000,-0.0045,0.0015,1.6049,-0.0023,-0.1642
627,-1.90,500,0.00,0.0000,0.0008,0.0018,1.6048,0.0009,-0.1588
628,-3.80,500,0.00,0.0000,-0.0058,0.0015,1.6048,-0.0029,-0.1655
629,-1.50,500,0.00,0.0000,0.0014,0.0045,1.6047,0.0017,-0.1569
630,-4.20,500,0.00,0.0000,-0.0071,0.0016,1.6045,-0.0038,-0.1667
631,-3.30,500,0.00,0.0000,-0.0041,0.0014,1.6043,-0.0019,-0.1638
632,-1.70,500,0.00,0.0000,0.0009,0.0039,1.6040,0.0013,-0.1575
633,-1.10,500,0.00,0.0000,0.0032,0.0037,1.6037,0.0026,-0.1553
634,1.08,425,0.00,0.0000,0.0101,0.0184,1.6036,0.0075,-0.1411
635,-1.90,500,0.00,0.0000,0.0005,0.0018,1.6034,0.0009,-0.1589
636,-3.20,500,0.00,0.0000,-0.0040,0.0014,1.6033,-0.0018,-0.1636
637,-0.60,500,0.00,0.0000,0.0041,0.0043,1.6032,0.0034,-0.1540
638,-2.50,500,0.00,0.0000,-0.0018,0.0019,1.6031,-0.0005,-0.1612
639,-3.60,500,0.00,0.0000,-0.0056,0.0015,1.6032,-0.0028,-0.1652
640,-3.80,500,0.00,0.0000,-0.0063,0.0009,1.6032,-0.0033,-0.1662
641,-2.00,500,0.00,0.0000,-0.0004,0.0018,1.6032,0.0003,-0.1599
642,-3.30,500,0.00,0.0000,-0.0047,0.0014,1.6033,-0.0023,-0.1643
643,1.98,424,0.00,0.0000,0.0128,0.0178,1.6033,0.0091,-0.1386
644,-4.50,500,0.00,0.0000,-0.0089,0.0010,1.6034,-0.0048,-0.1687
645,-3.80,500,0.00,0.0000,-0.0065,0.0013,1.6034,-0.0034,-0.1662
646,-3.00,500,0.00,0.0000,-0.0039,0.0019,1.6033,-0.0018,-0.1633
647,-3.70,500,0.00,0.0000,-0.0062,0.0015,1.6033,-0.0031,-0.1658
648,1.51,387,0.00,0.0000,0.0113,0.0196,1.6032,0.0084,-0.1392
649,-3.00,500,0.00,0.0000,-0.0036,0.0012,1.6030,-0.0017,-0.1633
650,-2.50,500,0.00,0.0000,-0.0028,0.0040,1.6029,-0.0007,-0.1610
651,-1.20,500,0.00,0.0000,0.0025,0.0010,1.6026,0.0019,-0.1572
652,-2.20,500,0.00,0.0000,-0.0010,0.0012,1.6027,-0.0001,-0.1607
653,-1.40,500,0.00,0.0000,0.0017,0.0010,1.6029,0.0014,-0.1581
654,-2.50,500,0.00,0.0000,-0.0022,0.0012,1.6033,-0.0008,-0.1619
655,-2.30,500,0.00,0.0000,-0.0016,0.0012,1.6037,-0.0005,-0.1614
656,-1.90,500,0.00,0.0000,-0.0009,0.0039,1.6041,0.0003,-0.1593
657,-1.00,500,0.00,0.0000,0.0020,0.0043,1.6044,0.0020,-0.1563
658,-2.50,500,0.00,0.0000,-0.0023,0.0011,1.6046,-0.0010,-0.1622
659,-4.00,500,0.00,0.0000,-0.0077,0.0015,1.6048,-0.0041,-0.1674
660,-4.40,500,0.00,0.0000,-0.0089,0.0016,1.6049,-0.0049,-0.1687
661,-3.70,500,0.00,0.0000,-0.0064,0.0014,1.6049,-0.0034,-0.1662
662,-2.30,500,0.00,0.0000,-0.0016,0.0012,1.6048,-0.0005,-0.1615
663,-2.20,500,0.00,0.0000,-0.0011,0.0018,1.6047,-0.0003,-0.1607
664,-4.60,500,0.00,0.0000,-0.0093,0.0016,1.6047,-0.0050,-0.1690
665,-4.00,500,0.00,0.0000,-0.0066,0.0009,1.6045,-0.0036,-0.1666
666,-2.10,500,0.00,0.0000,-0.0004,0.0018,1.6043,0.0003,-0.1600
667,-1.10,500,0.00,0.0000,0.0029,0.0038,1.6042,0.0025,-0.1556
668,-2.10,500,0.00,0.0000,0.0001,0.0018,1.6041,0.0006,-0.1594
669,-1.60,500,0.00,0.0000,0.0016,0.0039,1.6041,0.0016,-0.1568
670,-3.20,500,0.00,0.0000,-0.0034,0.0014,1.6041,-0.0015,-0.1631
671,-3.40,500,0.00,0.0000,-0.0043,0.0021,1.6041,-0.0018,-0.1636
672,-2.40,500,0.00,0.0000,-0.0007,0.0019,1.6040,0.0002,-0.1601
673,2.09,410,0.00,0.0000,0.0152,0.0191,1.6039,0.0104,-0.1356
674,-0.50,500,0.00,0.0000,0.0054,0.0044,1.6039,0.0041,-0.1528
675,-2.70,500,0.00,0.0000,-0.0018,0.0020,1.6039,-0.0005,-0.1612
676,-3.80,500,0.00,0.0000,-0.0054,0.0016,1.6039,-0.0027,-0.1650
677,-2.00,500,0.00,0.0000,0.0005,0.0018,1.6039,0.0008,-0.1590
678,-1.10,500,0.00,0.0000,0.0028,0.0044,1.6040,0.0025,-0.1554
679,-3.00,500,0.00,0.0000,-0.0031,0.0014,1.6040,-0.0013,-0.1628
680,-1.70,500,0.00,0.0000,0.0011,0.0017,1.6041,0.0012,-0.1584
681,-3.00,500,0.00,0.0000,-0.0029,0.0008,1.6042,-0.0015,-0.1630
682,-2.70,500,0.00,0.0000,-0.0023,0.0013,1.6044,-0.0009,-0.1621
683,-1.90,500,0.00,0.0000,0.0004,0.0016,1.6045,0.0006,-0.1593
684,-0.90,500,0.00,0.0000,0.0032,0.0038,1.6048,0.0026,-0.1554
685,-3.50,500,0.00,0.0000,-0.0053,0.0014,1.6050,-0.0027,-0.1651
686,-3.20,500,0.00,0.0000,-0.0041,0.0008,1.6051,-0.0021,-0.1643
687,-4.10,500,0.00,0.0000,-0.0072,0.0009,1.6052,-0.0039,-0.1673
688,-3.10,500,0.00,0.0000,-0.0039,0.0014,1.6053,-0.0019,-0.1637
689,-2.90,500,0.00,0.0000,-0.0033,0.0019,1.6052,-0.0014,-0.1629
690,-3.60,500,0.00,0.0000,-0.0052,0.0009,1.6052,-0.0027,-0.1653
691,-3.30,500,0.00,0.0000,-0.0041,0.0014,1.6050,-0.0020,-0.1639
692,-3.50,500,0.00,0.0000,-0.0048,0.0022,1.6049,-0.0023,-0.1641
693,-3.70,500,0.00,0.0000,-0.0053,0.0015,1.6047,-0.0026,-0.1650
694,-4.40,500,0.00,0.0000,-0.0075,0.0017,1.6045,-0.0038,-0.1671
695,-2.70,500,0.00,0.0000,-0.0013,0.0020,1.6040,-0.0002,-0.1607
696,-3.10,500,0.00,0.0000,-0.0024,0.0015,1.6037,-0.0008,-0.1620
697,-3.90,500,0.00,0.0000,-0.0047,0.0017,1.6034,-0.0022,-0.1642
698,0.90,500,0.00,0.0000,0.0104,0.0164,1.6030,0.0076,-0.1417
699,-2.00,500,0.00,0.0000,0.0019,0.0020,1.6028,0.0018,-0.1574
700,-2.80,500,0.00,0.0000,-0.0004,0.0015,1.6026,0.0003,-0.1599
701,-4.10,500,0.00,0.0000,-0.0049,0.0012,1.6027,-0.0023,-0.1646
702,-3.70,500,0.00,0.0000,-0.0037,0.0017,1.6028,-0.0015,-0.1631
703,-3.30,500,0.00,0.0000,-0.0019,0.0016,1.6028,-0.0006,-0.1614
704,-3.80,500,0.00,0.0000,-0.0033,0.0009,1.6030,-0.0015,-0.1631
705,-2.80,500,0.00,0.0000,0.0001,0.0016,1.6032,0.0005,-0.1594
706,-3.10,500,0.00,0.0000,-0.0008,0.0016,1.6036,0.0000,-0.1604
707,-3.50,500,0.00,0.0000,-0.0021,0.0011,1.6041,-0.0008,-0.1620
708,-2.40,500,0.00,0.0000,0.0016,0.0015,1.6045,0.0015,-0.1581
709,-2.70,500,0.00,0.0000,0.0008,0.0016,1.6049,0.0009,-0.1589
710,-2.00,500,0.00,0.0000,0.0027,0.0042,1.6054,0.0023,-0.1557
711,-4.00,500,0.00,0.0000,-0.0037,0.0012,1.6057,-0.0018,-0.1637
712,-3.10,500,0.00,0.0000,-0.0006,0.0014,1.6060,0.0000,-0.1605
713,-1.70,500,0.00,0.0000,0.0037,0.0042,1.6062,0.0028,-0.1548
714,-1.90,500,0.00,0.0000,0.0031,0.0020,1.6064,0.0024,-0.1565
715,-1.20,500,0.00,0.0000,0.0054,0.0019,1.6065,0.0037,-0.1543
716,-2.20,500,0.00,0.0000,0.0017,0.0020,1.6067,0.0015,-0.1579
717,-2.90,500,0.00,0.0000,-0.0005,0.0015,1.6067,-0.0000,-0.1605
718,-1.00,500,0.00,0.0000,0.0049,0.0045,1.6068,0.0036,-0.1535
719,-0.60,500,0.00,0.0000,0.0061,0.0044,1.6068,0.0043,-0.1524
720,2.82,285,0.00,0.0000,0.0241,0.0275,1.6067,0.0158,-0.1228
721,-4.30,500,0.00,0.0000,-0.0068,0.0017,1.6065,-0.0037,-0.1666
722,-2.10,500,0.00,0.0000,-0.0004,0.0040,1.6064,0.0004,-0.1590
723,-0.90,500,0.00,0.0000,0.0033,0.0037,1.6061,0.0026,-0.1554
724,-4.10,500,0.00,0.0000,-0.0073,0.0009,1.6059,-0.0040,-0.1675
725,-2.10,500,0.00,0.0000,-0.0011,0.0017,1.6056,-0.0002,-0.1608
726,-3.30,500,0.00,0.0000,-0.0053,0.0013,1.6054,-0.0027,-0.1651
727,-3.10,500,0.00,0.0000,-0.0048,0.0018,1.6051,-0.0024,-0.1644
728,-2.10,500,0.00,0.0000,-0.0021,0.0045,1.6049,-0.0005,-0.1603
729,-3.30,500,0.00,0.0000,-0.0058,0.0019,1.6045,-0.0029,-0.1653
730,-1.00,500,0.00,0.0000,0.0018,0.0037,1.6041,0.0017,-0.1568
731,-2.70,500,0.00,0.0000,-0.0037,0.0012,1.6037,-0.0017,-0.1634
732,-2.00,500,0.00,0.0000,-0.0018,0.0039,1.6034,-0.0003,-0.1602
733,-2.30,500,0.00,0.0000,-0.0024,0.0017,1.6031,-0.0009,-0.1619
734,-2.80,500,0.00,0.0000,-0.0037,0.0006,1.6029,-0.0019,-0.1637
735,-2.30,500,0.00,0.0000,-0.0024,0.0011,1.6028,-0.0009,-0.1621
736,-3.10,500,0.00,0.0000,-0.0050,0.0013,1.6028,-0.0025,-0.1646
737,-3.50,500,0.00,0.0000,-0.0066,0.0018,1.6028,-0.0033,-0.1660
738,-1.80,500,0.00,0.0000,-0.0012,0.0038,1.6028,0.0001,-0.1595
739,0.54,459,0.00,0.0000,0.0059,0.0162,1.6027,0.0050,-0.1462
740,-2.70,500,0.00,0.0000,-0.0036,0.0017,1.6025,-0.0016,-0.1630
741,-1.50,500,0.00,0.0000,0.0008,0.0010,1.6024,0.0008,-0.1589
742,-3.40,500,0.00,0.0000,-0.0059,0.0014,1.6026,-0.0030,-0.1655
743,-3.00,500,0.00,0.0000,-0.0046,0.0013,1.6027,-0.0022,-0.1642
744,-3.80,500,0.00,0.0000,-0.0076,0.0020,1.6028,-0.0037,-0.1668
745,-4.30,500,0.00,0.0000,-0.0088,0.0009,1.6028,-0.0047,-0.1686
746,-3.40,500,0.00,0.0000,-0.0055,0.0014,1.6027,-0.0028,-0.1651
747,-1.10,500,0.00,0.0000,0.0019,0.0038,1.6026,0.0019,-0.1565
748,-2.60,500,0.00,0.0000,-0.0026,0.0012,1.6026,-0.0010,-0.1622
749,-1.80,500,0.00,0.0000,0.0001,0.0017,1.6027,0.0007,-0.1593
750,-2.00,500,0.00,0.0000,-0.0010,0.0039,1.6029,0.0003,-0.1593
751,-4.70,500,0.00,0.0000,-0.0092,0.0011,1.6030,-0.0050,-0.1690
752,-2.00,500,0.00,0.0000,-0.0002,0.0018,1.6030,0.0005,-0.1596
753,-3.70,500,0.00,0.0000,-0.0056,0.0009,1.6031,-0.0029,-0.1655
754,-2.50,500,0.00,0.0000,-0.0013,0.0013,1.6033,-0.0004,-0.1610
755,-3.70,500,0.00,0.0000,-0.0052,0.0009,1.6035,-0.0027,-0.1651
756,-2.00,500,0.00,0.0000,0.0003,0.0018,1.6037,0.0008,-0.1592
757,-2.50,500,0.00,0.0000,-0.0011,0.0013,1.6040,-0.0001,-0.1608
758,-2.60,500,0.00,0.0000,-0.0015,0.0019,1.6043,-0.0003,-0.1610
759,-3.20,500,0.00,0.0000,-0.0035,0.0021,1.6045,-0.0014,-0.1629
760,-3.70,500,0.00,0.0000,-0.0049,0.0016,1.6046,-0.0023,-0.1646
761,-2.60,500,0.00,0.0000,-0.0007,0.0014,1.6047,-0.0000,-0.1605
762,-3.60,500,0.00,0.0000,-0.0043,0.0016,1.6048,-0.0020,-0.1640
763,-2.30,500,0.00,0.0000,0.0002,0.0019,1.6047,0.0007,-0.1593
764,-4.00,500,0.00,0.0000,-0.0050,0.0011,1.6047,-0.0026,-0.1650
765,-2.10,500,0.00,0.0000,0.0013,0.0019,1.6047,0.0014,-0.1582
766,-1.70,500,0.00,0.0000,0.0030,0.0013,1.6047,0.0022,-0.1569
767,-2.30,500,0.00,0.0000,0.0010,0.0020,1.6048,0.0011,-0.1585
768,-3.60,500,0.00,0.0000,-0.0033,0.0016,1.6050,-0.0015,-0.1630
769,-3.40,500,0.00,0.0000,-0.0027,0.0016,1.6051,-0.0011,-0.1625
770,-3.20,500,0.00,0.0000,-0.0018,0.0014,1.6052,-0.0006,-0.1616
771,1.23,375,0.00,0.0000,0.0136,0.0219,1.6052,0.0094,-0.1360
772,-2.80,500,0.00,0.0000,-0.0006,0.0015,1.6052,0.0002,-0.1603
773,-3.70,500,0.00,0.0000,-0.0038,0.0017,1.6052,-0.0017,-0.1635
774,-2.60,500,0.00,0.0000,-0.0002,0.0020,1.6051,0.0005,-0.1597
775,-3.10,500,0.00,0.0000,-0.0018,0.0015,1.6050,-0.0006,-0.1616
776,-2.10,500,0.00,0.0000,0.0014,0.0019,1.6048,0.0014,-0.1581
777,-4.60,500,0.00,0.0000,-0.0071,0.0018,1.6047,-0.0036,-0.1667
778,-2.80,500,0.00,0.0000,-0.0011,0.0021,1.6044,0.0000,-0.1605
779,-3.20,500,0.00,0.0000,-0.0023,0.0016,1.6041,-0.0007,-0.1619
780,-3.40,500,0.00,0.0000,-0.0029,0.0016,1.6038,-0.0011,-0.1625
781,-0.80,500,0.00,0.0000,0.0055,0.0045,1.6035,0.0041,-0.1526
782,-2.80,500,0.00,0.0000,-0.0008,0.0015,1.6033,0.0001,-0.1604
783,-3.70,500,0.00,0.0000,-0.0038,0.0017,1.6031,-0.0017,-0.1633
784,-4.40,500,0.00,0.0000,-0.0065,0.0018,1.6030,-0.0031,-0.1659
785,-3.50,500,0.00,0.0000,-0.0030,0.0016,1.6028,-0.0013,-0.1625
786,-0.30,500,0.00,0.0000,0.0073,0.0038,1.6027,0.0052,-0.1510
787,-4.10,500,0.00,0.0000,-0.0051,0.0017,1.6028,-0.0024,-0.1645
788,-3.20,500,0.00,0.0000,-0.0024,0.0022,1.6028,-0.0006,-0.1616
789,-3.40,500,0.00,0.0000,-0.0026,0.0010,1.6028,-0.0010,-0.1624
790,-3.40,500,0.00,0.0000,-0.0028,0.0016,1.6029,-0.0010,-0.1623
791,-1.20,500,0.00,0.0000,0.0045,0.0040,1.6029,0.0034,-0.1538
792,-3.00,500,0.00,0.0000,-0.0014,0.0015,1.6031,-0.0002,-0.1610
793,-1.60,500,0.00,0.0000,0.0032,0.0019,1.6034,0.0026,-0.1562
794,-2.40,500,0.00,0.0000,0.0006,0.0014,1.6037,0.0009,-0.1591
795,-2.60,500,0.00,0.0000,-0.0002,0.0014,1.6041,0.0004,-0.1599
796,-2.40,500,0.00,0.0000,0.0004,0.0014,1.6044,0.0007,-0.1594
797,-2.70,500,0.00,0.0000,-0.0006,0.0014,1.6048,0.0000,-0.1604
798,-2.00,500,0.00,0.0000,0.0015,0.0019,1.6051,0.0014,-0.1580
799,-2.60,500,0.00,0.0000,-0.0008,0.0020,1.6055,0.0001,-0.1604
800,-2.40,500,0.00,0.0000,-0.0001,0.0013,1.6057,0.0004,-0.1600
801,-3.20,500,0.00,0.0000,-0.0026,0.0009,1.6060,-0.0013,-0.1628
802,-2.90,500,0.00,0.0000,-0.0018,0.0014,1.6062,-0.0008,-0.1617
803,-3.70,500,0.00,0.0000,-0.0046,0.0014,1.6064,-0.0024,-0.1645
804,-1.30,500,0.00,0.0000,0.0029,0.0045,1.6065,0.0024,-0.1555
805,-3.10,500,0.00,0.0000,-0.0027,0.0014,1.6066,-0.0012,-0.1627
806,-2.60,500,0.00,0.0000,-0.0009,0.0013,1.6065,-0.0002,-0.1609
807,-3.70,500,0.00,0.0000,-0.0048,0.0015,1.6065,-0.0024,-0.1647
808,-3.00,500,0.00,0.0000,-0.0023,0.0014,1.6064,-0.0010,-0.1623
809,-2.50,500,0.00,0.0000,-0.0006,0.0018,1.6063,0.0000,-0.1604
810,-4.30,500,0.00,0.0000,-0.0067,0.0017,1.6061,-0.0035,-0.1664
811,-2.10,500,0.00,0.0000,0.0007,0.0041,1.6059,0.0010,-0.1579
812,-2.50,500,0.00,0.0000,-0.0003,0.0020,1.6056,0.0003,-0.1599
813,-0.50,500,0.00,0.0000,0.0059,0.0044,1.6053,0.0043,-0.1524
814,-4.10,500,0.00,0.0000,-0.0055,0.0011,1.6051,-0.0029,-0.1655
815,-1.30,500,0.00,0.0000,0.0039,0.0018,1.6048,0.0028,-0.1557
816,-3.90,500,0.00,0.0000,-0.0049,0.0016,1.6047,-0.0024,-0.1645
817,-3.80,500,0.00,0.0000,-0.0047,0.0025,1.6045,-0.0022,-0.1639
818,-3.50,500,0.00,0.0000,-0.0036,0.0016,1.6043,-0.0015,-0.1632
819,-2.50,500,0.00,0.0000,-0.0000,0.0020,1.6041,0.0005,-0.1594
820,-2.40,500,0.00,0.0000,0.0002,0.0020,1.6039,0.0008,-0.1591
821,-3.10,500,0.00,0.0000,-0.0020,0.0015,1.6038,-0.0006,-0.1616
822,-2.80,500,0.00,0.0000,-0.0006,0.0015,1.6037,0.0001,-0.1603
823,-4.40,500,0.00,0.0000,-0.0061,0.0012,1.6037,-0.0031,-0.1659
824,-3.00,500,0.00,0.0000,-0.0016,0.0021,1.6036,-0.0002,-0.1609
825,-2.50,500,0.00,0.0000,0.0002,0.0021,1.6035,0.0008,-0.1591
826,-3.30,500,0.00,0.0000,-0.0020,0.0010,1.6034,-0.0007,-0.1619
827,-2.00,500,0.00,0.0000,0.0021,0.0020,1.6035,0.0020,-0.1572
828,-2.10,500,0.00,0.0000,0.0018,0.0020,1.6035,0.0018,-0.1576
829,-2.70,500,0.00,0.0000,-0.0001,0.0015,1.6037,0.0005,-0.1597
830,-0.90,500,0.00,0.0000,0.0057,0.0038,1.6038,0.0041,-0.1527
831,-3.00,500,0.00,0.0000,-0.0013,0.0015,1.6041,-0.0002,-0.1609
832,-3.40,500,0.00,0.0000,-0.0028,0.0016,1.6044,-0.0011,-0.1624
833,-1.60,500,0.00,0.0000,0.0026,0.0047,1.6045,0.0025,-0.1555
834,-1.00,500,0.00,0.0000,0.0048,0.0039,1.6046,0.0036,-0.1537
835,-3.90,500,0.00,0.0000,-0.0047,0.0017,1.6047,-0.0023,-0.1643
836,-1.70,500,0.00,0.0000,0.0026,0.0017,1.6048,0.0020,-0.1570
837,-3.80,500,0.00,0.0000,-0.0047,0.0016,1.6050,-0.0023,-0.1644
838,-2.70,500,0.00,0.0000,-0.0013,0.0020,1.6050,-0.0001,-0.1608
839,-3.80,500,0.00,0.0000,-0.0049,0.0016,1.6050,-0.0024,-0.1646
840,-3.00,500,0.00,0.0000,-0.0021,0.0015,1.6049,-0.0008,-0.1619
841,-2.20,500,0.00,0.0000,0.0006,0.0013,1.6049,0.0008,-0.1593
842,-2.50,500,0.00,0.0000,-0.0005,0.0014,1.6048,0.0002,-0.1603
843,-3.60,500,0.00,0.0000,-0.0041,0.0016,1.6048,-0.0020,-0.1638
844,-3.00,500,0.00,0.0000,-0.0019,0.0009,1.6048,-0.0008,-0.1620
845,-2.60,500,0.00,0.0000,-0.0008,0.0020,1.6048,0.0000,-0.1603
846,-1.80,500,0.00,0.0000,0.0019,0.0018,1.6049,0.0017,-0.1577
847,-2.60,500,0.00,0.0000,-0.0007,0.0014,1.6049,0.0001,-0.1605
848,-4.70,500,0.00,0.0000,-0.0080,0.0018,1.6050,-0.0042,-0.1676
849,-3.20,500,0.00,0.0000,-0.0024,0.0009,1.6049,-0.0011,-0.1624
850,-2.30,500,0.00,0.0000,0.0003,0.0019,1.6049,0.0008,-0.1592
851,-2.90,500,0.00,0.0000,-0.0014,0.0015,1.6049,-0.0004,-0.1611
852,-1.40,500,0.00,0.0000,0.0031,0.0044,1.6049,0.0026,-0.1551
853,-3.10,500,0.00,0.0000,-0.0023,0.0021,1.6049,-0.0008,-0.1618
854,-1.50,500,0.00,0.0000,0.0030,0.0040,1.6049,0.0025,-0.1555
855,-2.40,500,0.00,0.0000,-0.0001,0.0040,1.6049,0.0006,-0.1586
856,-3.00,500,0.00,0.0000,-0.0018,0.0015,1.6048,-0.0006,-0.1616
857,-3.10,500,0.00,0.0000,-0.0022,0.0015,1.6048,-0.0008,-0.1619
858,-3.00,500,0.00,0.0000,-0.0019,0.0015,1.6047,-0.0006,-0.1616
859,-2.30,500,0.00,0.0000,0.0006,0.0020,1.6046,0.0008,-0.1589
860,-2.30,500,0.00,0.0000,0.0008,0.0014,1.6046,0.0008,-0.1590
861,-2.80,500,0.00,0.0000,-0.0014,0.0020,1.6047,-0.0002,-0.1608
862,-2.30,500,0.00,0.0000,0.0005,0.0020,1.6047,0.0008,-0.1589
863,2.21,295,0.00,0.0000,0.0196,0.0269,1.6048,0.0135,-0.1274
864,-2.90,500,0.00,0.0000,-0.0017,0.0014,1.6048,-0.0006,-0.1614
865,-2.70,500,0.00,0.0000,-0.0015,0.0020,1.6048,-0.0003,-0.1610
866,1.24,457,0.00,0.0000,0.0108,0.0172,1.6048,0.0077,-0.1411
867,-3.70,500,0.00,0.0000,-0.0053,0.0015,1.6048,-0.0027,-0.1651
868,-3.70,500,0.00,0.0000,-0.0056,0.0015,1.6047,-0.0028,-0.1653
869,-3.20,500,0.00,0.0000,-0.0041,0.0020,1.6045,-0.0019,-0.1636
870,-3.70,500,0.00,0.0000,-0.0058,0.0015,1.6042,-0.0029,-0.1655
871,-3.50,500,0.00,0.0000,-0.0052,0.0014,1.6039,-0.0025,-0.1649
872,-3.60,500,0.00,0.0000,-0.0055,0.0015,1.6036,-0.0027,-0.1652
873,-1.40,500,0.00,0.0000,0.0021,0.0011,1.6032,0.0017,-0.1577
874,-3.50,500,0.00,0.0000,-0.0050,0.0015,1.6030,-0.0025,-0.1646
875,-1.50,500,0.00,0.0000,0.0016,0.0017,1.6029,0.0015,-0.1578
876,-1.80,500,0.00,0.0000,0.0009,0.0011,1.6029,0.0009,-0.1588
877,-2.30,500,0.00,0.0000,-0.0011,0.0012,1.6031,-0.0001,-0.1608
878,-1.20,500,0.00,0.0000,0.0020,0.0044,1.6033,0.0020,-0.1561
879,-3.20,500,0.00,0.0000,-0.0041,0.0014,1.6036,-0.0020,-0.1638
880,-4.50,500,0.00,0.0000,-0.0087,0.0016,1.6038,-0.0046,-0.1682
881,-3.70,500,0.00,0.0000,-0.0060,0.0021,1.6039,-0.0030,-0.1654
882,-2.10,500,0.00,0.0000,-0.0010,0.0040,1.6039,0.0002,-0.1594
883,-2.90,500,0.00,0.0000,-0.0029,0.0013,1.6038,-0.0013,-0.1626
884,-3.20,500,0.00,0.0000,-0.0038,0.0014,1.6038,-0.0019,-0.1635
885,-2.60,500,0.00,0.0000,-0.0019,0.0019,1.6039,-0.0006,-0.1613
886,1.27,431,0.00,0.0000,0.0107,0.0180,1.6039,0.0077,-0.1407
887,-4.30,500,0.00,0.0000,-0.0076,0.0016,1.6039,-0.0039,-0.1672
888,-4.10,500,0.00,0.0000,-0.0069,0.0016,1.6039,-0.0035,-0.1665
889,-2.90,500,0.00,0.0000,-0.0022,0.0008,1.6037,-0.0010,-0.1622
890,-3.50,500,0.00,0.0000,-0.0044,0.0015,1.6036,-0.0022,-0.1641
891,-3.30,500,0.00,0.0000,-0.0038,0.0015,1.6035,-0.0017,-0.1634
892,-1.30,500,0.00,0.0000,0.0033,0.0017,1.6034,0.0024,-0.1562
893,-3.20,500,0.00,0.0000,-0.0032,0.0015,1.6036,-0.0013,-0.1628
894,-3.60,500,0.00,0.0000,-0.0048,0.0022,1.6037,-0.0021,-0.1641
895,-1.60,500,0.00,0.0000,0.0026,0.0018,1.6036,0.0020,-0.1569
896,-4.00,500,0.00,0.0000,-0.0057,0.0016,1.6038,-0.0028,-0.1653
897,-2.60,500,0.00,0.0000,-0.0006,0.0014,1.6038,0.0001,-0.1602
898,0.99,411,0.00,0.0000,0.0108,0.0196,1.6039,0.0080,-0.1398
899,-4.00,500,0.00,0.0000,-0.0053,0.0011,1.6040,-0.0027,-0.1652
900,-3.50,500,0.00,0.0000,-0.0036,0.0016,1.6040,-0.0017,-0.1632
901,-1.50,500,0.00,0.0000,0.0032,0.0016,1.6040,0.0024,-0.1564
902,-3.00,500,0.00,0.0000,-0.0022,0.0021,1.6041,-0.0007,-0.1616
903,-3.40,500,0.00,0.0000,-0.0032,0.0015,1.6042,-0.0015,-0.1629
904,-3.80,500,0.00,0.0000,-0.0048,0.0016,1.6043,-0.0023,-0.1644
905,-2.10,500,0.00,0.0000,0.0012,0.0013,1.6043,0.0012,-0.1586
906,-3.00,500,0.00,0.0000,-0.0017,0.0015,1.6044,-0.0006,-0.1614
907,-3.70,500,0.00,0.0000,-0.0041,0.0010,1.6045,-0.0020,-0.1640
908,-1.50,500,0.00,0.0000,0.0032,0.0018,1.6046,0.0025,-0.1564
909,-2.70,500,0.00,0.0000,-0.0008,0.0014,1.6048,0.0001,-0.1605
910,-3.60,500,0.00,0.0000,-0.0040,0.0031,1.6049,-0.0018,-0.1630
911,-3.50,500,0.00,0.0000,-0.0035,0.0016,1.6049,-0.0015,-0.1632
912,-3.20,500,0.00,0.0000,-0.0024,0.0015,1.6049,-0.0009,-0.1621
913,-3.40,500,0.00,0.0000,-0.0032,0.0022,1.6048,-0.0012,-0.1625
914,-3.50,500,0.00,0.0000,-0.0032,0.0022,1.6047,-0.0014,-0.1626
915,-2.80,500,0.00,0.0000,-0.0007,0.0015,1.6045,0.0001,-0.1604
916,0.96,445,0.00,0.0000,0.0113,0.0185,1.6043,0.0081,-0.1399
917,-3.70,500,0.00,0.0000,-0.0040,0.0023,1.6041,-0.0016,-0.1633
918,-1.80,500,0.00,0.0000,0.0026,0.0019,1.6038,0.0022,-0.1569
919,-3.30,500,0.00,0.0000,-0.0023,0.0010,1.6036,-0.0009,-0.1622
920,-0.30,500,0.00,0.0000,0.0072,0.0044,1.6035,0.0051,-0.1509
921,-2.40,500,0.00,0.0000,0.0003,0.0020,1.6036,0.0008,-0.1591
922,-1.30,500,0.00,0.0000,0.0036,0.0040,1.6036,0.0029,-0.1548
923,-2.70,500,0.00,0.0000,-0.0011,0.0020,1.6037,0.0000,-0.1605
924,-3.60,500,0.00,0.0000,-0.0042,0.0016,1.6038,-0.0019,-0.1638
925,-3.20,500,0.00,0.0000,-0.0029,0.0015,1.6039,-0.0012,-0.1625
926,1.13,475,0.00,0.0000,0.0105,0.0168,1.6039,0.0076,-0.1415
927,-1.40,500,0.00,0.0000,0.0022,0.0045,1.6039,0.0023,-0.1559
928,-3.10,500,0.00,0.0000,-0.0030,0.0014,1.6039,-0.0013,-0.1627
929,-2.40,500,0.00,0.0000,-0.0006,0.0013,1.6039,0.0000,-0.1603
930,-1.10,500,0.00,0.0000,0.0030,0.0038,1.6040,0.0026,-0.1555
931,-2.60,500,0.00,0.0000,-0.0024,0.0041,1.6041,-0.0006,-0.1607
932,-3.70,500,0.00,0.0000,-0.0055,0.0015,1.6041,-0.0028,-0.1652
933,-2.10,500,0.00,0.0000,-0.0003,0.0018,1.6040,0.0003,-0.1598
934,-2.80,500,0.00,0.0000,-0.0028,0.0013,1.6041,-0.0012,-0.1625
935,-0.40,500,0.00,0.0000,0.0047,0.0043,1.6041,0.0036,-0.1536
936,-4.10,500,0.00,0.0000,-0.0074,0.0015,1.6042,-0.0039,-0.1671
937,-1.40,500,0.00,0.0000,0.0013,0.0038,1.6041,0.0015,-0.1572
938,-3.30,500,0.00,0.0000,-0.0048,0.0014,1.6041,-0.0023,-0.1645
939,-2.70,500,0.00,0.0000,-0.0029,0.0019,1.6040,-0.0011,-0.1624
940,-3.60,500,0.00,0.0000,-0.0056,0.0008,1.6039,-0.0029,-0.1656
941,-0.20,500,0.00,0.0000,0.0053,0.0036,1.6038,0.0039,-0.1532
942,-1.20,500,0.00,0.0000,0.0018,0.0042,1.6038,0.0019,-0.1565
943,-1.90,500,0.00,0.0000,-0.0002,0.0017,1.6039,0.0004,-0.1597
944,-1.90,500,0.00,0.0000,-0.0001,0.0011,1.6040,0.0004,-0.1599
945,-3.10,500,0.00,0.0000,-0.0043,0.0013,1.6041,-0.0021,-0.1640
946,-2.20,500,0.00,0.0000,-0.0014,0.0018,1.6042,-0.0003,-0.1609
947,-2.50,500,0.00,0.0000,-0.0025,0.0018,1.6044,-0.0009,-0.1620
948,-1.80,500,0.00,0.0000,-0.0000,0.0017,1.6045,0.0005,-0.1596
949,-4.00,500,0.00,0.0000,-0.0075,0.0015,1.6046,-0.0039,-0.1672
950,-3.00,500,0.00,0.0000,-0.0038,0.0007,1.6046,-0.0019,-0.1639
951,-2.20,500,0.00,0.0000,-0.0014,0.0018,1.6046,-0.0003,-0.1610
952,-2.00,500,0.00,0.0000,-0.0004,0.0011,1.6046,0.0001,-0.1603
953,-1.70,500,0.00,0.0000,0.0002,0.0039,1.6047,0.0008,-0.1583
954,-2.60,500,0.00,0.0000,-0.0024,0.0012,1.6047,-0.0010,-0.1623
955,-3.80,500,0.00,0.0000,-0.0066,0.0021,1.6048,-0.0034,-0.1660
956,-3.00,500,0.00,0.0000,-0.0038,0.0019,1.6047,-0.0017,-0.1633
957,-2.80,500,0.00,0.0000,-0.0029,0.0013,1.6047,-0.0013,-0.1627
958,-4.70,500,0.00,0.0000,-0.0094,0.0023,1.6046,-0.0050,-0.1688
959,-3.80,500,0.00,0.0000,-0.0059,0.0015,1.6044,-0.0031,-0.1656
960,-2.90,500,0.00,0.0000,-0.0030,0.0020,1.6041,-0.0011,-0.1624
961,-1.90,500,0.00,0.0000,0.0009,0.0018,1.6038,0.0010,-0.1586
962,-4.60,500,0.00,0.0000,-0.0079,0.0011,1.6036,-0.0043,-0.1677
963,-2.90,500,0.00,0.0000,-0.0022,0.0014,1.6034,-0.0007,-0.1618
964,-2.30,500,0.00,0.0000,-0.0001,0.0019,1.6032,0.0006,-0.1595
965,-2.70,500,0.00,0.0000,-0.0011,0.0020,1.6031,-0.0001,-0.1604
966,-3.70,500,0.00,0.0000,-0.0042,0.0010,1.6031,-0.0020,-0.1640
967,-3.00,500,0.00,0.0000,-0.0018,0.0015,1.6031,-0.0004,-0.1613
968,-1.10,500,0.00,0.0000,0.0042,0.0046,1.6032,0.0035,-0.1538
969,-0.80,500,0.00,0.0000,0.0053,0.0045,1.6032,0.0041,-0.1528
970,-1.90,500,0.00,0.0000,0.0021,0.0019,1.6033,0.0019,-0.1573
971,-3.10,500,0.00,0.0000,-0.0019,0.0015,1.6035,-0.0005,-0.1615
972,-1.90,500,0.00,0.0000,0.0023,0.0013,1.6037,0.0019,-0.1575
973,-4.30,500,0.00,0.0000,-0.0061,0.0018,1.6040,-0.0030,-0.1656
974,-4.40,500,0.00,0.0000,-0.0062,0.0012,1.6041,-0.0032,-0.1660
975,-2.10,500,0.00,0.0000,0.0014,0.0020,1.6042,0.0015,-0.1581
976,-2.20,500,0.00,0.0000,0.0011,0.0020,1.6043,0.0013,-0.1584
977,-3.10,500,0.00,0.0000,-0.0020,0.0021,1.6044,-0.0005,-0.1614
978,-0.20,500,0.00,0.0000,0.0076,0.0044,1.6044,0.0053,-0.1506
979,-3.00,500,0.00,0.0000,-0.0018,0.0021,1.6046,-0.0004,-0.1612
980,-3.70,500,0.00,0.0000,-0.0043,0.0022,1.6046,-0.0018,-0.1636
981,-2.50,500,0.00,0.0000,-0.0005,0.0048,1.6045,0.0006,-0.1586
982,-3.70,500,0.00,0.0000,-0.0039,0.0010,1.6043,-0.0019,-0.1638
983,-3.30,500,0.00,0.0000,-0.0027,0.0016,1.6042,-0.0011,-0.1624
984,-2.80,500,0.00,0.0000,-0.0012,0.0021,1.6040,-0.0000,-0.1606
985,-2.70,500,0.00,0.0000,-0.0008,0.0021,1.6038,0.0002,-0.1602
986,-3.50,500,0.00,0.0000,-0.0034,0.0016,1.6036,-0.0014,-0.1630
987,-1.80,500,0.00,0.0000,0.0019,0.0041,1.6034,0.0021,-0.1563
988,-2.50,500,0.00,0.0000,0.0001,0.0014,1.6032,0.0007,-0.1595
989,-3.50,500,0.00,0.0000,-0.0034,0.0022,1.6031,-0.0013,-0.1626
990,-1.60,500,0.00,0.0000,0.0029,0.0041,1.6030,0.0025,-0.1554
991,-2.00,500,0.00,0.0000,0.0018,0.0013,1.6030,0.0017,-0.1578
992,-3.50,500,0.00,0.0000,-0.0035,0.0016,1.6031,-0.0014,-0.1630
993,-3.60,500,0.00,0.0000,-0.0038,0.0016,1.6032,-0.0016,-0.1633
994,-2.30,500,0.00,0.0000,0.0007,0.0014,1.6033,0.0010,-0.1590
995,-2.30,500,0.00,0.0000,0.0007,0.0020,1.6035,0.0010,-0.1587
996,-3.30,500,0.00,0.0000,-0.0030,0.0022,1.6037,-0.0011,-0.1623
997,-2.20,500,0.00,0.0000,0.0008,0.0019,1.6039,0.0011,-0.1586
998,-2.10,500,0.00,0.0000,0.0013,0.0013,1.6041,0.0013,-0.1584
999,-2.20,500,0.00,0.0000,0.0007,0.0019,1.6044,0.0010,-0.1588
1000,-2.40,500,0.00,0.0000,0.0003,0.0014,1.6046,0.0006,-0.1595
1001,-2.50,500,0.00,0.0000,-0.0003,0.0014,1.6049,0.0003,-0.1601
1002,-3.50,500,0.00,0.0000,-0.0036,0.0009,1.6052,-0.0018,-0.1637
1003,-3.90,500,0.00,0.0000,-0.0051,0.0010,1.6055,-0.0026,-0.1651
1004,-3.90,500,0.00,0.0000,-0.0049,0.0010,1.6056,-0.0026,-0.1649
1005,-3.00,500,0.00,0.0000,-0.0021,0.0015,1.6058,-0.0008,-0.1619
1006,-3.00,500,0.00,0.0000,-0.0022,0.0021,1.6058,-0.0008,-0.1618
1007,-3.00,500,0.00,0.0000,-0.0020,0.0021,1.6058,-0.0007,-0.1615
1008,-3.70,500,0.00,0.0000,-0.0043,0.0016,1.6058,-0.0021,-0.1640
1009,-1.00,500,0.00,0.0000,0.0046,0.0039,1.6057,0.0034,-0.1540
1010,-2.80,500,0.00,0.0000,-0.0011,0.0021,1.6055,-0.0002,-0.1606
1011,-3.40,500,0.00,0.0000,-0.0027,0.0010,1.6054,-0.0013,-0.1628
1012,-2.70,500,0.00,0.0000,-0.0008,0.0020,1.6054,0.0001,-0.1603
1013,-3.10,500,0.00,0.0000,-0.0019,0.0015,1.6052,-0.0007,-0.1617
1014,-0.90,500,0.00,0.0000,0.0051,0.0039,1.6051,0.0038,-0.1534
1015,-2.40,500,0.00,0.0000,0.0005,0.0014,1.6050,0.0008,-0.1593
1016,-1.90,500,0.00,0.0000,0.0019,0.0041,1.6050,0.0018,-0.1566
1017,-3.10,500,0.00,0.0000,-0.0018,0.0015,1.6049,-0.0007,-0.1616
1018,-2.70,500,0.00,0.0000,-0.0005,0.0014,1.6049,0.0001,-0.1603
1019,-2.40,500,0.00,0.0000,0.0003,0.0014,1.6050,0.0007,-0.1595
1020,-2.50,500,0.00,0.0000,-0.0003,0.0020,1.6051,0.0004,-0.1598
1021,-2.40,500,0.00,0.0000,-0.0002,0.0042,1.6051,0.0006,-0.1586
1022,-4.30,500,0.00,0.0000,-0.0062,0.0011,1.6051,-0.0032,-0.1661
1023,-1.60,500,0.00,0.0000,0.0024,0.0040,1.6050,0.0022,-0.1561
1024,-3.30,500,0.00,0.0000,-0.0030,0.0021,1.6050,-0.0013,-0.1624
1025,-1.80,500,0.00,0.0000,0.0018,0.0041,1.6048,0.0018,-0.1566
1026,-3.30,500,0.00,0.0000,-0.0030,0.0021,1.6047,-0.0013,-0.1624
1027,-3.10,500,0.00,0.0000,-0.0025,0.0021,1.6046,-0.0008,-0.1620
1028,-2.90,500,0.00,0.0000,-0.0014,0.0009,1.6044,-0.0004,-0.1614
1029,-1.20,500,0.00,0.0000,0.0035,0.0045,1.6043,0.0030,-0.1547
1030,-2.00,500,0.00,0.0000,0.0013,0.0019,1.6041,0.0014,-0.1582
1031,-1.30,500,0.00,0.0000,0.0030,0.0046,1.6041,0.0027,-0.1551
1032,-2.90,500,0.00,0.0000,-0.0018,0.0014,1.6039,-0.0005,-0.1615
1033,-2.90,500,0.00,0.0000,-0.0021,0.0020,1.6039,-0.0006,-0.1615
1034,-2.50,500,0.00,0.0000,-0.0008,0.0020,1.6037,0.0002,-0.1602
1035,2.18,321,0.00,0.0000,0.0179,0.0245,1.6036,0.0124,-0.1302
1036,-2.30,500,0.00,0.0000,-0.0004,0.0019,1.6035,0.0004,-0.1598
1037,-3.90,500,0.00,0.0000,-0.0056,0.0010,1.6035,-0.0029,-0.1654
1038,-2.60,500,0.00,0.0000,-0.0014,0.0013,1.6035,-0.0004,-0.1611
1039,-2.80,500,0.00,0.0000,-0.0024,0.0013,1.6036,-0.0009,-0.1621
1040,-2.90,500,0.00,0.0000,-0.0029,0.0020,1.6037,-0.0012,-0.1623
1041,-0.20,500,0.00,0.0000,0.0056,0.0042,1.6038,0.0041,-0.1527
1042,-3.00,500,0.00,0.0000,-0.0033,0.0014,1.6039,-0.0015,-0.1630
1043,-2.50,500,0.00,0.0000,-0.0018,0.0013,1.6041,-0.0006,-0.1616
1044,-2.60,500,0.00,0.0000,-0.0025,0.0019,1.6043,-0.0009,-0.1619
1045,-3.10,500,0.00,0.0000,-0.0041,0.0014,1.6044,-0.0019,-0.1638
1046,-3.60,500,0.00,0.0000,-0.0057,0.0014,1.6045,-0.0029,-0.1654
1047,-3.60,500,0.00,0.0000,-0.0057,0.0013,1.6045,-0.0029,-0.1655
1048,-3.40,500,0.00,0.0000,-0.0053,0.0020,1.6045,-0.0025,-0.1647
1049,-0.70,500,0.00,0.0000,0.0039,0.0036,1.6044,0.0029,-0.1547
1050,-2.80,500,0.00,0.0000,-0.0035,0.0041,1.6044,-0.0012,-0.1619
1051,-2.80,500,0.00,0.0000,-0.0028,0.0013,1.6043,-0.0012,-0.1626
1052,-1.70,500,0.00,0.0000,0.0004,0.0039,1.6042,0.0010,-0.1580
1053,-2.00,500,0.00,0.0000,-0.0006,0.0040,1.6040,0.0005,-0.1590
1054,-2.40,500,0.00,0.0000,-0.0013,0.0018,1.6039,-0.0003,-0.1608
1055,-3.70,500,0.00,0.0000,-0.0058,0.0015,1.6037,-0.0029,-0.1654
1056,-2.70,500,0.00,0.0000,-0.0024,0.0019,1.6035,-0.0008,-0.1618
1057,-2.60,500,0.00,0.0000,-0.0018,0.0013,1.6034,-0.0005,-0.1615
1058,-2.30,500,0.00,0.0000,-0.0005,0.0013,1.6032,0.0001,-0.1602
1059,-3.70,500,0.00,0.0000,-0.0055,0.0015,1.6033,-0.0027,-0.1651
1060,2.42,285,0.00,0.0000,0.0198,0.0270,1.6032,0.0139,-0.1270
1061,-2.50,500,0.00,0.0000,-0.0011,0.0013,1.6032,-0.0003,-0.1608
1062,-2.50,500,0.00,0.0000,-0.0014,0.0019,1.6032,-0.0003,-0.1608
1063,-3.00,500,0.00,0.0000,-0.0031,0.0014,1.6033,-0.0014,-0.1627
1064,-3.10,500,0.00,0.0000,-0.0035,0.0014,1.6035,-0.0016,-0.1631
1065,-1.80,500,0.00,0.0000,0.0007,0.0017,1.6037,0.0010,-0.1588
1066,-3.70,500,0.00,0.0000,-0.0058,0.0015,1.6039,-0.0029,-0.1655
1067,-2.70,500,0.00,0.0000,-0.0025,0.0019,1.6040,-0.0009,-0.1620
1068,-2.30,500,0.00,0.0000,-0.0011,0.0018,1.6041,-0.0001,-0.1606
1069,-2.50,500,0.00,0.0000,-0.0016,0.0013,1.6042,-0.0005,-0.1614
1070,-3.30,500,0.00,0.0000,-0.0044,0.0014,1.6043,-0.0021,-0.1642
1071,-2.30,500,0.00,0.0000,-0.0011,0.0018,1.6044,-0.0001,-0.1607
1072,-4.40,500,0.00,0.0000,-0.0082,0.0016,1.6044,-0.0043,-0.1678
1073,-2.20,500,0.00,0.0000,-0.0007,0.0018,1.6044,0.0002,-0.1602
1074,-4.50,500,0.00,0.0000,-0.0082,0.0011,1.6043,-0.0044,-0.1681
1075,-3.30,500,0.00,0.0000,-0.0040,0.0014,1.6041,-0.0019,-0.1637
1076,-2.80,500,0.00,0.0000,-0.0023,0.0014,1.6040,-0.0008,-0.1620
1077,-2.00,500,0.00,0.0000,0.0002,0.0040,1.6039,0.0009,-0.1581
1078,-3.00,500,0.00,0.0000,-0.0027,0.0014,1.6038,-0.0010,-0.1624
1079,-0.90,500,0.00,0.0000,0.0041,0.0038,1.6037,0.0032,-0.1543
1080,-3.50,500,0.00,0.0000,-0.0040,0.0015,1.6037,-0.0019,-0.1636
1081,-2.50,500,0.00,0.0000,-0.0007,0.0013,1.6037,0.0001,-0.1604
1082,-1.50,500,0.00,0.0000,0.0022,0.0046,1.6038,0.0022,-0.1559
1083,-1.70,500,0.00,0.0000,0.0016,0.0040,1.6038,0.0018,-0.1568
1084,-3.60,500,0.00,0.0000,-0.0044,0.0016,1.6039,-0.0020,-0.1640
1085,-3.90,500,0.00,0.0000,-0.0054,0.0016,1.6039,-0.0026,-0.1649
1086,-3.50,500,0.00,0.0000,-0.0039,0.0016,1.6038,-0.0017,-0.1635
1087,-2.60,500,0.00,0.0000,-0.0013,0.0042,1.6036,0.0001,-0.1596
1088,-2.60,500,0.00,0.0000,-0.0006,0.0014,1.6034,0.0002,-0.1602
1089,-3.60,500,0.00,0.0000,-0.0039,0.0016,1.6033,-0.0017,-0.1635
1090,-1.40,500,0.00,0.0000,0.0032,0.0040,1.6031,0.0028,-0.1551
1091,-2.60,500,0.00,0.0000,-0.0001,0.0014,1.6030,0.0004,-0.1597
1092,-1.90,500,0.00,0.0000,0.0019,0.0019,1.6031,0.0018,-0.1574
1093,-4.40,500,0.00,0.0000,-0.0064,0.0012,1.6033,-0.0032,-0.1661
1094,-3.00,500,0.00,0.0000,-0.0017,0.0015,1.6034,-0.0004,-0.1613
1095,-2.40,500,0.00,0.0000,0.0007,0.0012,1.6035,0.0008,-0.1591
1096,-3.40,500,0.00,0.0000,-0.0028,0.0016,1.6037,-0.0012,-0.1623
1097,-3.20,500,0.00,0.0000,-0.0020,0.0016,1.6039,-0.0007,-0.1616
1098,-3.50,500,0.00,0.0000,-0.0033,0.0016,1.6042,-0.0013,-0.1629
1099,-1.50,500,0.00,0.0000,0.0033,0.0041,1.6044,0.0027,-0.1551
1100,-2.90,500,0.00,0.0000,-0.0009,0.0015,1.6046,-0.0001,-0.1606
1101,-2.40,500,0.00,0.0000,0.0005,0.0020,1.6048,0.0009,-0.1590
1102,-3.30,500,0.00,0.0000,-0.0025,0.0016,1.6050,-0.0009,-0.1622
1103,-2.80,500,0.00,0.0000,-0.0007,0.0015,1.6051,0.0001,-0.1605
1104,-1.30,500,0.00,0.0000,0.0037,0.0046,1.6053,0.0031,-0.1545
1105,-2.90,500,0.00,0.0000,-0.0011,0.0015,1.6053,-0.0002,-0.1609
1106,-3.50,500,0.00,0.0000,-0.0030,0.0010,1.6053,-0.0014,-0.1631
1107,-2.70,500,0.00,0.0000,-0.0003,0.0015,1.6054,0.0002,-0.1601
1108,-2.40,500,0.00,0.0000,0.0005,0.0014,1.6054,0.0008,-0.1593
1109,-3.00,500,0.00,0.0000,-0.0016,0.0015,1.6055,-0.0005,-0.1614
1110,-2.20,500,0.00,0.0000,0.0006,0.0046,1.6056,0.0011,-0.1576
1111,-1.50,500,0.00,0.0000,0.0030,0.0040,1.6055,0.0025,-0.1556
1112,-3.10,500,0.00,0.0000,-0.0021,0.0015,1.6055,-0.0007,-0.1618
1113,-3.10,500,0.00,0.0000,-0.0021,0.0015,1.6053,-0.0008,-0.1619
1114,-2.50,500,0.00,0.0000,0.0001,0.0014,1.6052,0.0004,-0.1597
1115,-3.40,500,0.00,0.0000,-0.0032,0.0016,1.6052,-0.0014,-0.1630
1116,-1.10,500,0.00,0.0000,0.0041,0.0039,1.6051,0.0032,-0.1544
1117,-3.50,500,0.00,0.0000,-0.0036,0.0016,1.6050,-0.0016,-0.1634
1118,-3.30,500,0.00,0.0000,-0.0030,0.0015,1.6049,-0.0013,-0.1627
1119,-3.10,500,0.00,0.0000,-0.0023,0.0015,1.6047,-0.0009,-0.1620
1120,-2.70,500,0.00,0.0000,-0.0009,0.0018,1.6045,-0.0000,-0.1604
1121,-3.20,500,0.00,0.0000,-0.0028,0.0021,1.6044,-0.0010,-0.1622
1122,-2.80,500,0.00,0.0000,-0.0013,0.0014,1.6042,-0.0002,-0.1610
1123,-2.70,500,0.00,0.0000,-0.0008,0.0014,1.6041,0.0000,-0.1605
1124,-3.30,500,0.00,0.0000,-0.0031,0.0021,1.6040,-0.0011,-0.1625
1125,-3.30,500,0.00,0.0000,-0.0027,0.0016,1.6038,-0.0011,-0.1623
1126,-3.70,500,0.00,0.0000,-0.0038,0.0010,1.6037,-0.0019,-0.1637
1127,-1.70,500,0.00,0.0000,0.0026,0.0019,1.6036,0.0022,-0.1568
1128,-3.60,500,0.00,0.0000,-0.0038,0.0016,1.6037,-0.0016,-0.1633
1129,-2.00,500,0.00,0.0000,0.0019,0.0013,1.6036,0.0016,-0.1578
1130,-3.30,500,0.00,0.0000,-0.0026,0.0016,1.6038,-0.0010,-0.1622
1131,-2.90,500,0.00,0.0000,-0.0014,0.0021,1.6039,-0.0001,-0.1608
1132,-2.20,500,0.00,0.0000,0.0010,0.0020,1.6039,0.0013,-0.1584
1133,-2.70,500,0.00,0.0000,-0.0005,0.0015,1.6040,0.0003,-0.1601
1134,-4.00,500,0.00,0.0000,-0.0048,0.0011,1.6041,-0.0023,-0.1646
1135,-0.60,500,0.00,0.0000,0.0062,0.0039,1.6042,0.0045,-0.1522
1136,-3.50,500,0.00,0.0000,-0.0030,0.0010,1.6044,-0.0014,-0.1629
1137,-2.80,500,0.00,0.0000,-0.0006,0.0015,1.6046,0.0000,-0.1604
1138,-3.40,500,0.00,0.0000,-0.0025,0.0010,1.6048,-0.0012,-0.1625
1139,-2.70,500,0.00,0.0000,-0.0003,0.0015,1.6051,0.0002,-0.1601
1140,-4.60,500,0.00,0.0000,-0.0068,0.0012,1.6053,-0.0036,-0.1667
1141,-3.30,500,0.00,0.0000,-0.0023,0.0010,1.6055,-0.0010,-0.1623
1142,-3.70,500,0.00,0.0000,-0.0037,0.0026,1.6056,-0.0017,-0.1630
1143,-2.60,500,0.00,0.0000,0.0002,0.0021,1.6056,0.0006,-0.1593
1144,-2.60,500,0.00,0.0000,0.0002,0.0021,1.6057,0.0006,-0.1593
1145,-1.70,500,0.00,0.0000,0.0032,0.0019,1.6057,0.0025,-0.1564
1146,-2.40,500,0.00,0.0000,0.0009,0.0020,1.6057,0.0011,-0.1587
1147,-2.30,500,0.00,0.0000,0.0013,0.0014,1.6057,0.0013,-0.1585
1148,-4.10,500,0.00,0.0000,-0.0048,0.0017,1.6057,-0.0024,-0.1645
1149,-1.60,500,0.00,0.0000,0.0032,0.0041,1.6057,0.0026,-0.1553
1150,-2.40,500,0.00,0.0000,0.0009,0.0014,1.6055,0.0010,-0.1590
1151,-3.20,500,0.00,0.0000,-0.0019,0.0016,1.6054,-0.0006,-0.1617
1152,-3.10,500,0.00,0.0000,-0.0018,0.0022,1.6053,-0.0004,-0.1613
1153,-3.50,500,0.00,0.0000,-0.0028,0.0016,1.6051,-0.0013,-0.1625
1154,-1.80,500,0.00,0.0000,0.0025,0.0041,1.6049,0.0022,-0.1559
1155,-1.90,500,0.00,0.0000,0.0019,0.0041,1.6047,0.0019,-0.1565
1156,-3.50,500,0.00,0.0000,-0.0030,0.0014,1.6045,-0.0013,-0.1627
1157,-3.10,500,0.00,0.0000,-0.0018,0.0015,1.6043,-0.0005,-0.1615
1158,-1.30,500,0.00,0.0000,0.0044,0.0016,1.6041,0.0031,-0.1552
1159,-3.40,500,0.00,0.0000,-0.0028,0.0016,1.6041,-0.0012,-0.1624
1160,-2.90,500,0.00,0.0000,-0.0011,0.0015,1.6042,-0.0002,-0.1608
1161,-2.60,500,0.00,0.0000,-0.0003,0.0014,1.6043,0.0003,-0.1600
1162,-0.70,500,0.00,0.0000,0.0056,0.0039,1.6044,0.0041,-0.1529
1163,-1.20,500,0.00,0.0000,0.0040,0.0039,1.6046,0.0030,-0.1545
1164,-3.20,500,0.00,0.0000,-0.0027,0.0021,1.6049,-0.0011,-0.1622
1165,-2.50,500,0.00,0.0000,-0.0005,0.0018,1.6051,0.0002,-0.1601
1166,-2.90,500,0.00,0.0000,-0.0018,0.0014,1.6052,-0.0007,-0.1616
1167,-3.00,500,0.00,0.0000,-0.0024,0.0020,1.6054,-0.0009,-0.1619
1168,-2.90,500,0.00,0.0000,-0.0023,0.0020,1.6055,-0.0008,-0.1618
1169,-3.30,500,0.00,0.0000,-0.0035,0.0015,1.6055,-0.0016,-0.1633
1170,-2.10,500,0.00,0.0000,0.0004,0.0019,1.6055,0.0008,-0.1592
1171,-4.00,500,0.00,0.0000,-0.0059,0.0016,1.6055,-0.0030,-0.1657
1172,-2.90,500,0.00,0.0000,-0.0022,0.0018,1.6054,-0.0008,-0.1618
1173,-1.80,500,0.00,0.0000,0.0017,0.0018,1.6052,0.0014,-0.1580
1174,-2.80,500,0.00,0.0000,-0.0019,0.0020,1.6052,-0.0006,-0.1615
1175,-3.80,500,0.00,0.0000,-0.0052,0.0016,1.6051,-0.0026,-0.1649
1176,-3.80,500,0.00,0.0000,-0.0049,0.0016,1.6049,-0.0025,-0.1646
1177,-2.70,500,0.00,0.0000,-0.0012,0.0014,1.6047,-0.0002,-0.1610
1178,-3.30,500,0.00,0.0000,-0.0030,0.0009,1.6045,-0.0014,-0.1630
1179,-3.60,500,0.00,0.0000,-0.0039,0.0010,1.6043,-0.0019,-0.1638
1180,-3.00,500,0.00,0.0000,-0.0019,0.0015,1.6042,-0.0006,-0.1615
1181,-3.00,500,0.00,0.0000,-0.0018,0.0015,1.6041,-0.0005,-0.1615
1182,-3.30,500,0.00,0.0000,-0.0027,0.0016,1.6040,-0.0010,-0.1623
1183,-2.80,500,0.00,0.0000,-0.0010,0.0021,1.6039,0.0001,-0.1603
1184,-2.80,500,0.00,0.0000,-0.0009,0.0031,1.6038,0.0002,-0.1597
1185,-2.80,500,0.00,0.0000,-0.0006,0.0015,1.6037,0.0002,-0.1602
1186,-2.40,500,0.00,0.0000,0.0007,0.0020,1.6036,0.0011,-0.1586
1187,-3.80,500,0.00,0.0000,-0.0036,0.0017,1.6036,-0.0017,-0.1632
1188,-1.70,500,0.00,0.0000,0.0028,0.0041,1.6036,0.0026,-0.1555
1189,-2.80,500,0.00,0.0000,-0.0005,0.0021,1.6036,0.0004,-0.1598
1190,-2.40,500,0.00,0.0000,0.0011,0.0015,1.6036,0.0012,-0.1585
1191,-2.30,500,0.00,0.0000,0.0014,0.0020,1.6037,0.0014,-0.1579
1192,-2.30,500,0.00,0.0000,0.0013,0.0014,1.6039,0.0014,-0.1583
1193,-2.70,500,0.00,0.0000,-0.0002,0.0015,1.6042,0.0005,-0.1598
1194,-0.90,500,0.00,0.0000,0.0054,0.0044,1.6044,0.0040,-0.1528
1195,-3.50,500,0.00,0.0000,-0.0033,0.0022,1.6047,-0.0013,-0.1627
1196,-4.20,500,0.00,0.0000,-0.0053,0.0011,1.6048,-0.0028,-0.1652
1197,-3.00,500,0.00,0.0000,-0.0013,0.0015,1.6049,-0.0004,-0.1611
1198,-2.30,500,0.00,0.0000,0.0008,0.0014,1.6050,0.0010,-0.1590
1199,-2.80,500,0.00,0.0000,-0.0013,0.0043,1.6052,-0.0001,-0.1597
1200,-3.00,500,0.00,0.0000,-0.0017,0.0015,1.6053,-0.0005,-0.1614
1201,-2.10,500,0.00,0.0000,0.0012,0.0019,1.6053,0.0013,-0.1583
1202,-3.20,500,0.00,0.0000,-0.0024,0.0019,1.6053,-0.0009,-0.1620
1203,-3.60,500,0.00,0.0000,-0.0038,0.0016,1.6053,-0.0018,-0.1636
1204,-1.60,500,0.00,0.0000,0.0023,0.0046,1.6053,0.0023,-0.1559
1205,-1.90,500,0.00,0.0000,0.0015,0.0047,1.6051,0.0017,-0.1567
1206,-0.40,500,0.00,0.0000,0.0066,0.0038,1.6049,0.0046,-0.1520
1207,-3.40,500,0.00,0.0000,-0.0035,0.0021,1.6048,-0.0014,-0.1629
1208,-2.00,500,0.00,0.0000,0.0008,0.0041,1.6046,0.0013,-0.1576
1209,-1.80,500,0.00,0.0000,0.0018,0.0018,1.6043,0.0017,-0.1577
1210,-1.90,500,0.00,0.0000,0.0015,0.0018,1.6042,0.0014,-0.1580
1211,-1.50,500,0.00,0.0000,0.0026,0.0018,1.6041,0.0021,-0.1569
1212,-2.00,500,0.00,0.0000,0.0009,0.0012,1.6042,0.0010,-0.1589
1213,-2.60,500,0.00,0.0000,-0.0016,0.0019,1.6043,-0.0003,-0.1610
1214,-2.10,500,0.00,0.0000,0.0000,0.0018,1.6044,0.0006,-0.1595
1215,-2.60,500,0.00,0.0000,-0.0016,0.0018,1.6046,-0.0005,-0.1612
1216,-3.10,500,0.00,0.0000,-0.0035,0.0014,1.6047,-0.0016,-0.1632
1217,-2.90,500,0.00,0.0000,-0.0028,0.0014,1.6048,-0.0012,-0.1626
1218,-1.40,500,0.00,0.0000,0.0016,0.0045,1.6048,0.0017,-0.1567
1219,-3.10,500,0.00,0.0000,-0.0037,0.0014,1.6048,-0.0017,-0.1634
1220,-2.50,500,0.00,0.0000,-0.0016,0.0013,1.6048,-0.0005,-0.1615
1221,-3.00,500,0.00,0.0000,-0.0034,0.0014,1.6048,-0.0015,-0.1632
1222,-1.80,500,0.00,0.0000,0.0003,0.0039,1.6048,0.0009,-0.1583
1223,-4.00,500,0.00,0.0000,-0.0068,0.0015,1.6047,-0.0035,-0.1665
1224,-3.00,500,0.00,0.0000,-0.0035,0.0020,1.6046,-0.0015,-0.1629
1225,-2.00,500,0.00,0.0000,-0.0004,0.0046,1.6044,0.0006,-0.1586
1226,-0.30,500,0.00,0.0000,0.0054,0.0043,1.6041,0.0040,-0.1529
1227,-2.50,500,0.00,0.0000,-0.0013,0.0013,1.6040,-0.0004,-0.1611
1228,-2.40,500,0.00,0.0000,-0.0009,0.0013,1.6039,-0.0002,-0.1607
1229,2.86,343,0.00,0.0000,0.0197,0.0221,1.6039,0.0133,-0.1297
1230,-2.70,500,0.00,0.0000,-0.0025,0.0019,1.6040,-0.0009,-0.1620
1231,2.91,290,0.00,0.0000,0.0221,0.0258,1.6041,0.0150,-0.1254
1232,-3.40,500,0.00,0.0000,-0.0052,0.0014,1.6042,-0.0026,-0.1649
1233,-3.90,500,0.00,0.0000,-0.0069,0.0009,1.6043,-0.0037,-0.1669
1234,2.14,360,0.00,0.0000,0.0145,0.0205,1.6043,0.0102,-0.1357
1235,-3.00,500,0.00,0.0000,-0.0042,0.0013,1.6042,-0.0021,-0.1640
1236,-4.10,500,0.00,0.0000,-0.0084,0.0015,1.6042,-0.0045,-0.1681
1237,-0.70,500,0.00,0.0000,0.0026,0.0042,1.6041,0.0023,-0.1557
1238,-0.50,500,0.00,0.0000,0.0032,0.0042,1.6040,0.0026,-0.1551
1239,-3.70,500,0.00,0.0000,-0.0072,0.0014,1.6040,-0.0039,-0.1669
1240,-1.50,500,0.00,0.0000,0.0003,0.0010,1.6040,0.0005,-0.1596
1241,-3.10,500,0.00,0.0000,-0.0054,0.0013,1.6041,-0.0028,-0.1652
1242,-3.10,500,0.00,0.0000,-0.0053,0.0007,1.6042,-0.0029,-0.1654
1243,-1.70,500,0.00,0.0000,-0.0014,0.0038,1.6043,-0.0001,-0.1599
1244,-2.70,500,0.00,0.0000,-0.0042,0.0012,1.6043,-0.0021,-0.1641
1245,-4.40,500,0.00,0.0000,-0.0102,0.0015,1.6044,-0.0055,-0.1699
1246,-2.90,500,0.00,0.0000,-0.0049,0.0012,1.6043,-0.0025,-0.1647
1247,-2.80,500,0.00,0.0000,-0.0047,0.0018,1.6042,-0.0023,-0.1643
1248,-4.00,500,0.00,0.0000,-0.0087,0.0014,1.6041,-0.0047,-0.1684
1249,-3.20,500,0.00,0.0000,-0.0058,0.0013,1.6039,-0.0030,-0.1655
1250,-2.50,500,0.00,0.0000,-0.0033,0.0012,1.6036,-0.0015,-0.1631
1251,-2.00,500,0.00,0.0000,-0.0021,0.0039,1.6034,-0.0005,-0.1605
1252,-1.10,500,0.00,0.0000,0.0017,0.0015,1.6032,0.0014,-0.1578
1253,-3.40,500,0.00,0.0000,-0.0064,0.0019,1.6032,-0.0032,-0.1657
1254,-2.00,500,0.00,0.0000,-0.0011,0.0011,1.6031,-0.0003,-0.1609
1255,-2.60,500,0.00,0.0000,-0.0031,0.0012,1.6031,-0.0015,-0.1628
1256,-2.70,500,0.00,0.0000,-0.0034,0.0012,1.6032,-0.0016,-0.1631
1257,-1.20,500,0.00,0.0000,0.0011,0.0037,1.6034,0.0014,-0.1574
1258,-2.90,500,0.00,0.0000,-0.0042,0.0013,1.6035,-0.0020,-0.1639
1259,-2.40,500,0.00,0.0000,-0.0023,0.0012,1.6037,-0.0009,-0.1621
1260,-2.20,500,0.00,0.0000,-0.0022,0.0039,1.6038,-0.0005,-0.1607
1261,-2.20,500,0.00,0.0000,-0.0022,0.0039,1.6039,-0.0005,-0.1606
1262,-1.10,500,0.00,0.0000,0.0019,0.0037,1.6039,0.0018,-0.1566
1263,-3.20,500,0.00,0.0000,-0.0051,0.0019,1.6040,-0.0024,-0.1645
1264,-1.90,500,0.00,0.0000,-0.0002,0.0011,1.6040,0.0002,-0.1600
1265,-2.80,500,0.00,0.0000,-0.0034,0.0013,1.6041,-0.0015,-0.1632
1266,-1.40,500,0.00,0.0000,0.0007,0.0044,1.6041,0.0013,-0.1575
1267,0.84,465,0.00,0.0000,0.0079,0.0163,1.6042,0.0060,-0.1444
1268,1.55,451,0.00,0.0000,0.0107,0.0166,1.6041,0.0076,-0.1414
1269,-1.90,500,0.00,0.0000,-0.0004,0.0017,1.6041,0.0003,-0.1600
1270,-3.50,500,0.00,0.0000,-0.0059,0.0020,1.6041,-0.0030,-0.1653
1271,-1.50,500,0.00,0.0000,0.0004,0.0044,1.6041,0.0010,-0.1578
1272,-2.30,500,0.00,0.0000,-0.0017,0.0012,1.6040,-0.0006,-0.1616
1273,-2.80,500,0.00,0.0000,-0.0035,0.0013,1.6040,-0.0016,-0.1633
1274,-1.50,500,0.00,0.0000,0.0010,0.0016,1.6040,0.0010,-0.1586
1275,-1.20,500,0.00,0.0000,0.0014,0.0038,1.6041,0.0016,-0.1571
1276,-2.10,500,0.00,0.0000,-0.0013,0.0017,1.6042,-0.0003,-0.1609
1277,-3.70,500,0.00,0.0000,-0.0065,0.0008,1.6043,-0.0035,-0.1665
1278,-3.70,500,0.00,0.0000,-0.0067,0.0014,1.6043,-0.0035,-0.1664
1279,-4.10,500,0.00,0.0000,-0.0081,0.0015,1.6043,-0.0043,-0.1677
1280,-2.10,500,0.00,0.0000,-0.0011,0.0011,1.6042,-0.0002,-0.1609
1281,-1.50,500,0.00,0.0000,0.0006,0.0038,1.6041,0.0010,-0.1579
1282,-1.50,500,0.00,0.0000,0.0004,0.0044,1.6041,0.0011,-0.1578
1283,-0.50,500,0.00,0.0000,0.0038,0.0042,1.6040,0.0031,-0.1545
1284,-3.50,500,0.00,0.0000,-0.0054,0.0008,1.6040,-0.0029,-0.1654
1285,-3.00,500,0.00,0.0000,-0.0040,0.0013,1.6040,-0.0019,-0.1638
1286,-1.70,500,0.00,0.0000,0.0003,0.0017,1.6040,0.0007,-0.1592
1287,-3.20,500,0.00,0.0000,-0.0047,0.0014,1.6040,-0.0023,-0.1644
1288,-1.10,500,0.00,0.0000,0.0020,0.0044,1.6041,0.0019,-0.1563
1289,-4.10,500,0.00,0.0000,-0.0076,0.0015,1.6041,-0.0040,-0.1673
1290,-2.90,500,0.00,0.0000,-0.0036,0.0019,1.6040,-0.0016,-0.1630
1291,-1.00,500,0.00,0.0000,0.0025,0.0037,1.6040,0.0022,-0.1560
1292,-3.10,500,0.00,0.0000,-0.0041,0.0014,1.6039,-0.0019,-0.1638
1293,-1.00,500,0.00,0.0000,0.0026,0.0038,1.6039,0.0023,-0.1559
1294,-0.50,500,0.00,0.0000,0.0046,0.0037,1.6039,0.0033,-0.1540
1295,-1.70,500,0.00,0.0000,0.0010,0.0011,1.6040,0.0009,-0.1589
1296,-1.60,500,0.00,0.0000,0.0009,0.0017,1.6043,0.0011,-0.1587
1297,-1.60,500,0.00,0.0000,0.0006,0.0039,1.6046,0.0010,-0.1579
1298,-2.40,500,0.00,0.0000,-0.0016,0.0012,1.6048,-0.0006,-0.1615
1299,-1.20,500,0.00,0.0000,0.0023,0.0016,1.6051,0.0017,-0.1574
1300,-2.00,500,0.00,0.0000,-0.0010,0.0039,1.6054,0.0001,-0.1596
1301,-2.90,500,0.00,0.0000,-0.0041,0.0041,1.6056,-0.0018,-0.1627
1302,-3.20,500,0.00,0.0000,-0.0047,0.0013,1.6057,-0.0024,-0.1646
1303,-3.50,500,0.00,0.0000,-0.0057,0.0020,1.6057,-0.0030,-0.1653
1304,-4.20,500,0.00,0.0000,-0.0082,0.0021,1.6056,-0.0043,-0.1677
1305,-0.80,500,0.00,0.0000,0.0030,0.0043,1.6054,0.0025,-0.1554
1306,-2.30,500,0.00,0.0000,-0.0012,0.0012,1.6052,-0.0004,-0.1612
1307,-2.30,500,0.00,0.0000,-0.0012,0.0012,1.6050,-0.0004,-0.1611
1308,-2.40,500,0.00,0.0000,-0.0017,0.0018,1.6049,-0.0005,-0.1612
1309,-2.70,500,0.00,0.0000,-0.0028,0.0019,1.6048,-0.0011,-0.1623
1310,-4.00,500,0.00,0.0000,-0.0068,0.0009,1.6047,-0.0037,-0.1668
1311,-3.80,500,0.00,0.0000,-0.0061,0.0015,1.6046,-0.0032,-0.1658
1312,-3.70,500,0.00,0.0000,-0.0058,0.0015,1.6044,-0.0029,-0.1655
1313,-0.40,500,0.00,0.0000,0.0054,0.0037,1.6041,0.0038,-0.1532
1314,-3.70,500,0.00,0.0000,-0.0054,0.0014,1.6040,-0.0027,-0.1651
1315,-1.60,500,0.00,0.0000,0.0016,0.0017,1.6039,0.0015,-0.1579
1316,-2.10,500,0.00,0.0000,0.0002,0.0017,1.6039,0.0006,-0.1594
1317,-2.70,500,0.00,0.0000,-0.0018,0.0013,1.6039,-0.0006,-0.1616
1318,-3.40,500,0.00,0.0000,-0.0044,0.0021,1.6040,-0.0020,-0.1638
1319,-0.90,500,0.00,0.0000,0.0037,0.0044,1.6040,0.0031,-0.1545
1320,-2.30,500,0.00,0.0000,-0.0001,0.0013,1.6039,0.0003,-0.1599
1321,-3.50,500,0.00,0.0000,-0.0045,0.0021,1.6040,-0.0021,-0.1638
1322,-2.80,500,0.00,0.0000,-0.0018,0.0008,1.6041,-0.0007,-0.1618
1323,-2.90,500,0.00,0.0000,-0.0025,0.0020,1.6042,-0.0008,-0.1619
1324,-1.90,500,0.00,0.0000,0.0012,0.0017,1.6042,0.0012,-0.1584
1325,-3.80,500,0.00,0.0000,-0.0051,0.0016,1.6044,-0.0026,-0.1648
1326,-3.70,500,0.00,0.0000,-0.0049,0.0016,1.6045,-0.0024,-0.1646
1327,-1.50,500,0.00,0.0000,0.0026,0.0018,1.6045,0.0021,-0.1570
1328,-1.10,500,0.00,0.0000,0.0037,0.0039,1.6045,0.0029,-0.1549
1329,1.35,355,0.00,0.0000,0.0129,0.0223,1.6046,0.0093,-0.1364
1330,-3.20,500,0.00,0.0000,-0.0034,0.0021,1.6046,-0.0014,-0.1628
1331,-0.10,500,0.00,0.0000,0.0069,0.0037,1.6046,0.0048,-0.1517
1332,-3.00,500,0.00,0.0000,-0.0027,0.0014,1.6046,-0.0011,-0.1624
1333,-3.40,500,0.00,0.0000,-0.0043,0.0021,1.6046,-0.0020,-0.1638
1334,-2.60,500,0.00,0.0000,-0.0013,0.0012,1.6046,-0.0004,-0.1612
1335,-2.60,500,0.00,0.0000,-0.0017,0.0019,1.6046,-0.0004,-0.1612
1336,-3.00,500,0.00,0.0000,-0.0031,0.0020,1.6045,-0.0013,-0.1626
1337,-1.60,500,0.00,0.0000,0.0014,0.0039,1.6045,0.0015,-0.1570
1338,-1.40,500,0.00,0.0000,0.0021,0.0039,1.6044,0.0019,-0.1564
1339,-3.70,500,0.00,0.0000,-0.0055,0.0015,1.6044,-0.0027,-0.1652
1340,-3.50,500,0.00,0.0000,-0.0046,0.0015,1.6043,-0.0023,-0.1643
1341,-3.40,500,0.00,0.0000,-0.0041,0.0009,1.6042,-0.0021,-0.1641
1342,-2.70,500,0.00,0.0000,-0.0020,0.0013,1.6042,-0.0007,-0.1617
1343,-3.10,500,0.00,0.0000,-0.0035,0.0020,1.6041,-0.0015,-0.1629
1344,-2.90,500,0.00,0.0000,-0.0026,0.0014,1.6040,-0.0010,-0.1623
1345,-3.50,500,0.00,0.0000,-0.0044,0.0015,1.6040,-0.0022,-0.1641
1346,-3.80,500,0.00,0.0000,-0.0056,0.0016,1.6039,-0.0027,-0.1652
1347,-3.50,500,0.00,0.0000,-0.0046,0.0021,1.6038,-0.0020,-0.1640
1348,-1.00,500,0.00,0.0000,0.0038,0.0039,1.6035,0.0030,-0.1547
1349,-2.60,500,0.00,0.0000,-0.0011,0.0014,1.6034,-0.0001,-0.1608
1350,-3.40,500,0.00,0.0000,-0.0038,0.0015,1.6033,-0.0017,-0.1634
1351,-2.40,500,0.00,0.0000,-0.0005,0.0019,1.6032,0.0004,-0.1598
1352,-2.20,500,0.00,0.0000,0.0005,0.0013,1.6032,0.0008,-0.1592
1353,-3.20,500,0.00,0.0000,-0.0027,0.0009,1.6032,-0.0011,-0.1626
1354,-3.00,500,0.00,0.0000,-0.0022,0.0015,1.6034,-0.0007,-0.1618
1355,-2.10,500,0.00,0.0000,0.0008,0.0019,1.6035,0.0011,-0.1586
1356,-3.40,500,0.00,0.0000,-0.0033,0.0009,1.6037,-0.0015,-0.1632
1357,-4.50,500,0.00,0.0000,-0.0071,0.0018,1.6039,-0.0037,-0.1666
1358,-2.50,500,0.00,0.0000,-0.0003,0.0014,1.6039,0.0004,-0.1600
1359,-1.10,500,0.00,0.0000,0.0043,0.0039,1.6041,0.0033,-0.1541
1360,-3.00,500,0.00,0.0000,-0.0020,0.0021,1.6043,-0.0005,-0.1614
1361,-2.30,500,0.00,0.0000,0.0006,0.0020,1.6044,0.0009,-0.1588
1362,-4.10,500,0.00,0.0000,-0.0055,0.0017,1.6046,-0.0027,-0.1651
1363,-3.10,500,0.00,0.0000,-0.0021,0.0015,1.6047,-0.0007,-0.1618
1364,-3.00,500,0.00,0.0000,-0.0015,0.0009,1.6048,-0.0005,-0.1615
1365,-3.00,500,0.00,0.0000,-0.0018,0.0021,1.6049,-0.0005,-0.1613
1366,-4.10,500,0.00,0.0000,-0.0053,0.0017,1.6050,-0.0026,-0.1650
1367,-2.30,500,0.00,0.0000,0.0010,0.0014,1.6049,0.0011,-0.1588
1368,-2.60,500,0.00,0.0000,-0.0000,0.0015,1.6049,0.0005,-0.1598
1369,-2.60,500,0.00,0.0000,0.0001,0.0015,1.6049,0.0005,-0.1597
1370,1.04,461,0.00,0.0000,0.0115,0.0178,1.6050,0.0081,-0.1401
1371,-3.50,500,0.00,0.0000,-0.0031,0.0016,1.6050,-0.0013,-0.1628
1372,-1.10,500,0.00,0.0000,0.0045,0.0040,1.6049,0.0035,-0.1540
1373,-3.10,500,0.00,0.0000,-0.0017,0.0015,1.6049,-0.0006,-0.1614
1374,-1.60,500,0.00,0.0000,0.0026,0.0040,1.6048,0.0024,-0.1558
1375,-0.70,500,0.00,0.0000,0.0054,0.0045,1.6048,0.0041,-0.1528
1376,-2.30,500,0.00,0.0000,0.0003,0.0019,1.6048,0.0008,-0.1592
1377,-3.10,500,0.00,0.0000,-0.0025,0.0015,1.6048,-0.0009,-0.1622
1378,-2.70,500,0.00,0.0000,-0.0012,0.0014,1.6047,-0.0002,-0.1610
1379,-2.70,500,0.00,0.0000,-0.0013,0.0014,1.6047,-0.0003,-0.1611
1380,-4.40,500,0.00,0.0000,-0.0069,0.0011,1.6047,-0.0038,-0.1668
1381,-1.90,500,0.00,0.0000,0.0011,0.0018,1.6046,0.0012,-0.1584
1382,-3.30,500,0.00,0.0000,-0.0038,0.0021,1.6046,-0.0016,-0.1632
1383,-3.70,500,0.00,0.0000,-0.0049,0.0016,1.6045,-0.0024,-0.1645
1384,-1.70,500,0.00,0.0000,0.0011,0.0046,1.6044,0.0016,-0.1570
1385,-2.70,500,0.00,0.0000,-0.0015,0.0014,1.6043,-0.0004,-0.1613
1386,2.30,300,0.00,0.0000,0.0192,0.0259,1.6041,0.0132,-0.1282
1387,-2.60,500,0.00,0.0000,-0.0014,0.0013,1.6040,-0.0003,-0.1611
1388,-1.40,500,0.00,0.0000,0.0018,0.0045,1.6039,0.0020,-0.1563
1389,-4.00,500,0.00,0.0000,-0.0063,0.0010,1.6038,-0.0033,-0.1662
1390,-2.00,500,0.00,0.0000,0.0001,0.0018,1.6037,0.0007,-0.1593
1391,-1.40,500,0.00,0.0000,0.0022,0.0017,1.6036,0.0018,-0.1574
1392,-2.90,500,0.00,0.0000,-0.0030,0.0013,1.6036,-0.0012,-0.1626
1393,-2.50,500,0.00,0.0000,-0.0019,0.0019,1.6037,-0.0005,-0.1613
1394,-2.00,500,0.00,0.0000,-0.0002,0.0018,1.6037,0.0005,-0.1597
1395,-1.80,500,0.00,0.0000,0.0000,0.0039,1.6038,0.0008,-0.1584
1396,-1.50,500,0.00,0.0000,0.0010,0.0045,1.6039,0.0014,-0.1572
1397,-2.40,500,0.00,0.0000,-0.0016,0.0012,1.6039,-0.0005,-0.1614
1398,-2.00,500,0.00,0.0000,-0.0004,0.0017,1.6039,0.0003,-0.1600
1399,-3.10,500,0.00,0.0000,-0.0040,0.0012,1.6040,-0.0019,-0.1638
1400,-3.40,500,0.00,0.0000,-0.0050,0.0014,1.6041,-0.0026,-0.1647
1401,-2.20,500,0.00,0.0000,-0.0012,0.0018,1.6042,-0.0002,-0.1608
1402,-2.90,500,0.00,0.0000,-0.0031,0.0007,1.6043,-0.0016,-0.1632
1403,-3.50,500,0.00,0.0000,-0.0054,0.0013,1.6044,-0.0028,-0.1652
1404,-2.80,500,0.00,0.0000,-0.0031,0.0013,1.6045,-0.0014,-0.1629
1405,-1.90,500,0.00,0.0000,-0.0006,0.0039,1.6046,0.0004,-0.1591
1406,-2.60,500,0.00,0.0000,-0.0024,0.0019,1.6046,-0.0009,-0.1619
1407,-2.70,500,0.00,0.0000,-0.0026,0.0013,1.6046,-0.0011,-0.1625
1408,-2.30,500,0.00,0.0000,-0.0012,0.0012,1.6047,-0.0003,-0.1611
1409,-1.10,500,0.00,0.0000,0.0022,0.0044,1.6047,0.0021,-0.1561
1410,-4.10,500,0.00,0.0000,-0.0074,0.0015,1.6047,-0.0039,-0.1671
1411,-1.90,500,0.00,0.0000,0.0001,0.0017,1.6047,0.0006,-0.1595
1412,-2.40,500,0.00,0.0000,-0.0016,0.0018,1.6046,-0.0004,-0.1611
1413,-3.60,500,0.00,0.0000,-0.0051,0.0009,1.6046,-0.0028,-0.1652
1414,-2.50,500,0.00,0.0000,-0.0015,0.0013,1.6045,-0.0005,-0.1613
1415,-1.50,500,0.00,0.0000,0.0017,0.0017,1.6045,0.0015,-0.1579
1416,-2.10,500,0.00,0.0000,-0.0002,0.0012,1.6046,0.0003,-0.1600
1417,-1.40,500,0.00,0.0000,0.0023,0.0011,1.6048,0.0017,-0.1577
1418,-3.10,500,0.00,0.0000,-0.0033,0.0008,1.6050,-0.0017,-0.1634
1419,-1.70,500,0.00,0.0000,0.0012,0.0017,1.6052,0.0011,-0.1585
1420,-4.10,500,0.00,0.0000,-0.0067,0.0010,1.6055,-0.0037,-0.1668
1421,-1.90,500,0.00,0.0000,0.0006,0.0012,1.6057,0.0007,-0.1594
1422,-1.50,500,0.00,0.0000,0.0016,0.0039,1.6059,0.0015,-0.1571
1423,-1.90,500,0.00,0.0000,0.0002,0.0040,1.6061,0.0007,-0.1584
1424,-2.70,500,0.00,0.0000,-0.0022,0.0019,1.6062,-0.0009,-0.1619
1425,-2.70,500,0.00,0.0000,-0.0022,0.0019,1.6062,-0.0009,-0.1618
1426,-2.80,500,0.00,0.0000,-0.0023,0.0013,1.6063,-0.0011,-0.1623
1427,-0.90,500,0.00,0.0000,0.0034,0.0044,1.6063,0.0027,-0.1550
1428,-1.60,500,0.00,0.0000,0.0010,0.0045,1.6063,0.0013,-0.1573
1429,-1.30,500,0.00,0.0000,0.0023,0.0037,1.6062,0.0019,-0.1565
1430,-4.40,500,0.00,0.0000,-0.0079,0.0016,1.6062,-0.0043,-0.1677
1431,-2.90,500,0.00,0.0000,-0.0028,0.0013,1.6060,-0.0013,-0.1627
1432,-2.60,500,0.00,0.0000,-0.0018,0.0019,1.6058,-0.0006,-0.1614
1433,-3.00,500,0.00,0.0000,-0.0030,0.0014,1.6056,-0.0014,-0.1629
1434,-3.20,500,0.00,0.0000,-0.0033,0.0008,1.6053,-0.0017,-0.1635
1435,-1.40,500,0.00,0.0000,0.0021,0.0039,1.6051,0.0019,-0.1565
1436,-3.00,500,0.00,0.0000,-0.0031,0.0020,1.6050,-0.0012,-0.1626
1437,-2.30,500,0.00,0.0000,-0.0006,0.0019,1.6047,0.0002,-0.1601
1438,-1.30,500,0.00,0.0000,0.0025,0.0039,1.6045,0.0023,-0.1560
1439,-2.30,500,0.00,0.0000,-0.0003,0.0013,1.6043,0.0003,-0.1601
1440,-5.90,500,0.00,0.0000,-0.0124,0.0012,1.6042,-0.0069,-0.1722
1441,-2.80,500,0.00,0.0000,-0.0018,0.0014,1.6039,-0.0006,-0.1615
1442,-2.00,500,0.00,0.0000,0.0010,0.0012,1.6036,0.0011,-0.1588
1443,-1.40,500,0.00,0.0000,0.0022,0.0045,1.6035,0.0023,-0.1559
1444,-1.90,500,0.00,0.0000,0.0007,0.0040,1.6034,0.0013,-0.1576
1445,-2.80,500,0.00,0.0000,-0.0020,0.0020,1.6033,-0.0004,-0.1613
1446,-1.70,500,0.00,0.0000,0.0022,0.0012,1.6031,0.0018,-0.1576
1447,-2.90,500,0.00,0.0000,-0.0021,0.0014,1.6032,-0.0006,-0.1617
1448,-3.70,500,0.00,0.0000,-0.0047,0.0016,1.6032,-0.0023,-0.1642
1449,-2.20,500,0.00,0.0000,0.0004,0.0013,1.6033,0.0008,-0.1593
1450,-1.30,500,0.00,0.0000,0.0031,0.0039,1.6034,0.0026,-0.1553
1451,-3.20,500,0.00,0.0000,-0.0029,0.0009,1.6036,-0.0013,-0.1628
1452,-1.40,500,0.00,0.0000,0.0022,0.0045,1.6039,0.0023,-0.1559
1453,-2.90,500,0.00,0.0000,-0.0019,0.0008,1.6040,-0.0007,-0.1619
1454,-3.90,500,0.00,0.0000,-0.0056,0.0016,1.6042,-0.0028,-0.1653
1455,-2.40,500,0.00,0.0000,-0.0004,0.0013,1.6043,0.0003,-0.1602
1456,-2.20,500,0.00,0.0000,0.0001,0.0019,1.6044,0.0007,-0.1594
1457,-1.10,500,0.00,0.0000,0.0035,0.0039,1.6046,0.0028,-0.1550
1458,-2.40,500,0.00,0.0000,-0.0006,0.0019,1.6047,0.0002,-0.1601
1459,-3.50,500,0.00,0.0000,-0.0042,0.0015,1.6048,-0.0020,-0.1640
1460,-1.50,500,0.00,0.0000,0.0025,0.0017,1.6049,0.0020,-0.1572
1461,-2.40,500,0.00,0.0000,-0.0007,0.0019,1.6050,0.0001,-0.1603
1462,-1.60,500,0.00,0.0000,0.0017,0.0039,1.6051,0.0017,-0.1569
1463,-2.20,500,0.00,0.0000,0.0000,0.0019,1.6052,0.0005,-0.1595
1464,-0.70,500,0.00,0.0000,0.0044,0.0044,1.6053,0.0034,-0.1539
1465,-1.40,500,0.00,0.0000,0.0021,0.0045,1.6053,0.0020,-0.1562
1466,-3.80,500,0.00,0.0000,-0.0056,0.0015,1.6053,-0.0029,-0.1653
1467,-4.40,500,0.00,0.0000,-0.0077,0.0016,1.6053,-0.0041,-0.1674
1468,-3.80,500,0.00,0.0000,-0.0056,0.0014,1.6052,-0.0029,-0.1655
1469,-2.50,500,0.00,0.0000,-0.0015,0.0019,1.6050,-0.0003,-0.1610
1470,-2.60,500,0.00,0.0000,-0.0016,0.0018,1.6049,-0.0005,-0.1612
1471,-1.80,500,0.00,0.0000,0.0009,0.0040,1.6047,0.0012,-0.1576
1472,-1.50,500,0.00,0.0000,0.0018,0.0039,1.6045,0.0018,-0.1567
1473,-4.10,500,0.00,0.0000,-0.0063,0.0010,1.6044,-0.0034,-0.1662
1474,-1.40,500,0.00,0.0000,0.0022,0.0039,1.6043,0.0021,-0.1563
1475,-3.30,500,0.00,0.0000,-0.0040,0.0021,1.6041,-0.0017,-0.1634
1476,-3.60,500,0.00,0.0000,-0.0048,0.0015,1.6039,-0.0023,-0.1644
1477,-0.70,500,0.00,0.0000,0.0047,0.0044,1.6036,0.0036,-0.1535
1478,-2.40,500,0.00,0.0000,-0.0008,0.0019,1.6035,0.0002,-0.1602
1479,-1.70,500,0.00,0.0000,0.0018,0.0018,1.6033,0.0016,-0.1577
1480,-0.60,500,0.00,0.0000,0.0051,0.0044,1.6033,0.0038,-0.1530
1481,-3.30,500,0.00,0.0000,-0.0037,0.0015,1.6034,-0.0016,-0.1633
1482,-2.80,500,0.00,0.0000,-0.0019,0.0014,1.6035,-0.0006,-0.1615
1483,-2.60,500,0.00,0.0000,-0.0012,0.0013,1.6036,-0.0003,-0.1609
1484,-2.10,500,0.00,0.0000,0.0002,0.0018,1.6038,0.0007,-0.1593
1485,-0.40,500,0.00,0.0000,0.0055,0.0043,1.6040,0.0040,-0.1527
1486,-2.20,500,0.00,0.0000,-0.0008,0.0040,1.6043,0.0004,-0.1592
1487,-2.30,500,0.00,0.0000,-0.0011,0.0041,1.6044,0.0001,-0.1596
1488,-2.80,500,0.00,0.0000,-0.0024,0.0013,1.6045,-0.0009,-0.1622
1489,-3.10,500,0.00,0.0000,-0.0035,0.0014,1.6046,-0.0016,-0.1632
1490,-2.90,500,0.00,0.0000,-0.0028,0.0014,1.6046,-0.0012,-0.1626
1491,-1.40,500,0.00,0.0000,0.0018,0.0039,1.6047,0.0018,-0.1567
1492,-3.20,500,0.00,0.0000,-0.0039,0.0014,1.6047,-0.0018,-0.1637
1493,-2.80,500,0.00,0.0000,-0.0023,0.0007,1.6047,-0.0010,-0.1624
1494,-3.60,500,0.00,0.0000,-0.0051,0.0013,1.6047,-0.0026,-0.1649
1495,1.90,402,0.00,0.0000,0.0137,0.0191,1.6047,0.0095,-0.1373
1496,-1.30,500,0.00,0.0000,0.0021,0.0038,1.6047,0.0020,-0.1564
1497,0.27,430,0.00,0.0000,0.0064,0.0181,1.6047,0.0053,-0.1450
1498,-2.70,500,0.00,0.0000,-0.0022,0.0013,1.6045,-0.0009,-0.1620
1499,-3.00,500,0.00,0.0000,-0.0036,0.0020,1.6044,-0.0016,-0.1631
1500,-2.10,500,0.00,0.0000,-0.0010,0.0040,1.6042,0.0002,-0.1595
1501,-4.20,500,0.00,0.0000,-0.0075,0.0010,1.6040,-0.0040,-0.1674
1502,-2.80,500,0.00,0.0000,-0.0027,0.0007,1.6038,-0.0012,-0.1627
1503,-3.30,500,0.00,0.0000,-0.0045,0.0013,1.6036,-0.0022,-0.1642
1504,-2.80,500,0.00,0.0000,-0.0029,0.0013,1.6035,-0.0012,-0.1626
1505,-3.00,500,0.00,0.0000,-0.0035,0.0014,1.6034,-0.0016,-0.1632
1506,-1.70,500,0.00,0.0000,0.0008,0.0017,1.6033,0.0010,-0.1586
1507,-2.40,500,0.00,0.0000,-0.0015,0.0018,1.6033,-0.0003,-0.1609
1508,-2.00,500,0.00,0.0000,-0.0005,0.0040,1.6034,0.0004,-0.1589
1509,-3.30,500,0.00,0.0000,-0.0044,0.0014,1.6035,-0.0022,-0.1640
1510,-3.10,500,0.00,0.0000,-0.0039,0.0014,1.6036,-0.0018,-0.1635
1511,-4.80,500,0.00,0.0000,-0.0096,0.0015,1.6036,-0.0051,-0.1692
1512,-2.70,500,0.00,0.0000,-0.0024,0.0019,1.6035,-0.0009,-0.1618
1513,-0.50,500,0.00,0.0000,0.0047,0.0037,1.6035,0.0036,-0.1538
1514,-2.60,500,0.00,0.0000,-0.0017,0.0007,1.6035,-0.0006,-0.1617
1515,-3.40,500,0.00,0.0000,-0.0049,0.0020,1.6036,-0.0022,-0.1642
1516,-2.70,500,0.00,0.0000,-0.0020,0.0013,1.6036,-0.0008,-0.1617
1517,-2.20,500,0.00,0.0000,-0.0006,0.0018,1.6037,0.0003,-0.1600
1518,-2.60,500,0.00,0.0000,-0.0016,0.0012,1.6038,-0.0005,-0.1614
1519,-2.60,500,0.00,0.0000,-0.0017,0.0013,1.6040,-0.0005,-0.1614
1520,-3.00,500,0.00,0.0000,-0.0029,0.0014,1.6042,-0.0013,-0.1626
1521,-1.00,500,0.00,0.0000,0.0035,0.0038,1.6043,0.0027,-0.1550
1522,-2.80,500,0.00,0.0000,-0.0021,0.0012,1.6046,-0.0009,-0.1620
1523,-2.90,500,0.00,0.0000,-0.0026,0.0014,1.6048,-0.0011,-0.1624
1524,-3.00,500,0.00,0.0000,-0.0029,0.0014,1.6050,-0.0013,-0.1627
1525,-1.40,500,0.00,0.0000,0.0021,0.0039,1.6051,0.0019,-0.1565
1526,-0.70,500,0.00,0.0000,0.0043,0.0044,1.6053,0.0033,-0.1540
1527,-2.70,500,0.00,0.0000,-0.0021,0.0019,1.6054,-0.0007,-0.1616
1528,-1.00,500,0.00,0.0000,0.0036,0.0038,1.6054,0.0027,-0.1550
1529,-2.60,500,0.00,0.0000,-0.0017,0.0019,1.6055,-0.0005,-0.1613
1530,-3.10,500,0.00,0.0000,-0.0034,0.0020,1.6055,-0.0016,-0.1629
1531,-3.50,500,0.00,0.0000,-0.0044,0.0009,1.6055,-0.0024,-0.1645
1532,-2.10,500,0.00,0.0000,-0.0001,0.0018,1.6056,0.0004,-0.1597
1533,-2.20,500,0.00,0.0000,-0.0004,0.0018,1.6056,0.0003,-0.1601
1534,-3.60,500,0.00,0.0000,-0.0051,0.0015,1.6056,-0.0025,-0.1649
1535,-3.00,500,0.00,0.0000,-0.0028,0.0014,1.6055,-0.0013,-0.1626
1536,-3.50,500,0.00,0.0000,-0.0046,0.0015,1.6054,-0.0023,-0.1644
1537,-2.00,500,0.00,0.0000,0.0001,0.0040,1.6053,0.0008,-0.1584
1538,-2.90,500,0.00,0.0000,-0.0024,0.0014,1.6051,-0.0009,-0.1622
1539,-3.00,500,0.00,0.0000,-0.0026,0.0014,1.6049,-0.0011,-0.1624
1540,-2.90,500,0.00,0.0000,-0.0023,0.0018,1.6047,-0.0008,-0.1618
1541,-3.10,500,0.00,0.0000,-0.0028,0.0015,1.6045,-0.0012,-0.1625
1542,-3.50,500,0.00,0.0000,-0.0039,0.0015,1.6043,-0.0019,-0.1636
1543,-3.40,500,0.00,0.0000,-0.0037,0.0021,1.6041,-0.0016,-0.1630
1544,-1.40,500,0.00,0.0000,0.0030,0.0038,1.6039,0.0025,-0.1555
1545,-1.80,500,0.00,0.0000,0.0013,0.0047,1.6038,0.0018,-0.1568
1546,-1.70,500,0.00,0.0000,0.0023,0.0018,1.6036,0.0020,-0.1572
1547,-2.00,500,0.00,0.0000,0.0009,0.0041,1.6035,0.0014,-0.1574
1548,-1.10,500,0.00,0.0000,0.0040,0.0039,1.6033,0.0032,-0.1544
1549,-2.30,500,0.00,0.0000,0.0002,0.0019,1.6033,0.0008,-0.1592
1550,-3.10,500,0.00,0.0000,-0.0027,0.0021,1.6033,-0.0009,-0.1620
1551,-2.70,500,0.00,0.0000,-0.0011,0.0018,1.6033,-0.0001,-0.1605
1552,-3.10,500,0.00,0.0000,-0.0028,0.0021,1.6033,-0.0009,-0.1620
1553,-0.80,500,0.00,0.0000,0.0048,0.0039,1.6033,0.0037,-0.1536
1554,-2.60,500,0.00,0.0000,-0.0011,0.0020,1.6033,0.0000,-0.1605
1555,2.45,449,0.00,0.0000,0.0158,0.0174,1.6034,0.0107,-0.1358
1556,-2.50,500,0.00,0.0000,-0.0008,0.0019,1.6036,0.0000,-0.1602
1557,-1.40,500,0.00,0.0000,0.0024,0.0039,1.6038,0.0021,-0.1561
1558,-3.30,500,0.00,0.0000,-0.0038,0.0015,1.6041,-0.0018,-0.1635
1559,-4.00,500,0.00,0.0000,-0.0065,0.0016,1.6043,-0.0033,-0.1662
1560,-2.80,500,0.00,0.0000,-0.0025,0.0013,1.6044,-0.0010,-0.1622
1561,-2.50,500,0.00,0.0000,-0.0015,0.0013,1.6045,-0.0004,-0.1613
1562,-2.80,500,0.00,0.0000,-0.0026,0.0013,1.6046,-0.0011,-0.1624
1563,-2.30,500,0.00,0.0000,-0.0011,0.0018,1.6047,-0.0001,-0.1606
1564,-1.80,500,0.00,0.0000,0.0003,0.0039,1.6048,0.0009,-0.1583
1565,-3.00,500,0.00,0.0000,-0.0034,0.0014,1.6049,-0.0015,-0.1632
1566,-1.30,500,0.00,0.0000,0.0021,0.0038,1.6049,0.0018,-0.1565
1567,-2.60,500,0.00,0.0000,-0.0020,0.0013,1.6049,-0.0008,-0.1619
1568,-3.40,500,0.00,0.0000,-0.0046,0.0008,1.6050,-0.0024,-0.1647
1569,-2.00,500,0.00,0.0000,-0.0006,0.0040,1.6050,0.0004,-0.1591
1570,-3.10,500,0.00,0.0000,-0.0038,0.0014,1.6049,-0.0018,-0.1636
1571,-2.50,500,0.00,0.0000,-0.0023,0.0041,1.6049,-0.0006,-0.1607
1572,-2.80,500,0.00,0.0000,-0.0025,0.0012,1.6047,-0.0011,-0.1624
1573,-1.70,500,0.00,0.0000,0.0005,0.0045,1.6046,0.0011,-0.1577
1574,-4.50,500,0.00,0.0000,-0.0085,0.0016,1.6044,-0.0045,-0.1681
1575,-4.50,500,0.00,0.0000,-0.0080,0.0011,1.6041,-0.0044,-0.1679
1576,-3.00,500,0.00,0.0000,-0.0031,0.0014,1.6038,-0.0013,-0.1628
1577,-2.40,500,0.00,0.0000,-0.0007,0.0013,1.6035,-0.0000,-0.1604
1578,-2.60,500,0.00,0.0000,-0.0015,0.0013,1.6033,-0.0003,-0.1611
1579,-3.80,500,0.00,0.0000,-0.0051,0.0010,1.6032,-0.0027,-0.1650
1580,-3.60,500,0.00,0.0000,-0.0048,0.0015,1.6032,-0.0022,-0.1643
1581,-3.60,500,0.00,0.0000,-0.0046,0.0015,1.6031,-0.0021,-0.1642
1582,-1.30,500,0.00,0.0000,0.0029,0.0039,1.6029,0.0026,-0.1554
1583,-2.40,500,0.00,0.0000,-0.0002,0.0013,1.6029,0.0004,-0.1598
1584,-3.30,500,0.00,0.0000,-0.0033,0.0015,1.6029,-0.0013,-0.1629
1585,-2.60,500,0.00,0.0000,-0.0010,0.0020,1.6029,0.0001,-0.1603
1586,-2.50,500,0.00,0.0000,-0.0006,0.0020,1.6030,0.0004,-0.1599
1587,-3.30,500,0.00,0.0000,-0.0033,0.0021,1.6031,-0.0012,-0.1626
1588,-3.50,500,0.00,0.0000,-0.0038,0.0016,1.6031,-0.0016,-0.1633
1589,-2.50,500,0.00,0.0000,-0.0002,0.0014,1.6030,0.0005,-0.1598
1590,-3.50,500,0.00,0.0000,-0.0034,0.0016,1.6031,-0.0015,-0.1629
1591,-4.10,500,0.00,0.0000,-0.0054,0.0011,1.6031,-0.0026,-0.1651
1592,-1.10,500,0.00,0.0000,0.0041,0.0046,1.6032,0.0034,-0.1539
1593,-0.40,500,0.00,0.0000,0.0066,0.0044,1.6032,0.0049,-0.1515
1594,1.00,496,0.00,0.0000,0.0107,0.0164,1.6033,0.0077,-0.1414
1595,-2.10,500,0.00,0.0000,0.0012,0.0019,1.6035,0.0013,-0.1582
1596,-2.30,500,0.00,0.0000,0.0004,0.0020,1.6037,0.0008,-0.1590
1597,-3.10,500,0.00,0.0000,-0.0026,0.0021,1.6039,-0.0009,-0.1620
1598,-2.70,500,0.00,0.0000,-0.0011,0.0014,1.6041,-0.0001,-0.1608
1599,-3.60,500,0.00,0.0000,-0.0044,0.0016,1.6042,-0.0020,-0.1640
1600,-3.50,500,0.00,0.0000,-0.0041,0.0015,1.6043,-0.0019,-0.1637
1601,-2.50,500,0.00,0.0000,-0.0006,0.0014,1.6043,0.0001,-0.1604
1602,-2.90,500,0.00,0.0000,-0.0020,0.0014,1.6044,-0.0007,-0.1617
1603,-1.40,500,0.00,0.0000,0.0025,0.0039,1.6044,0.0023,-0.1559
1604,-2.60,500,0.00,0.0000,-0.0010,0.0014,1.6044,-0.0001,-0.1608
1605,-3.30,500,0.00,0.0000,-0.0035,0.0015,1.6045,-0.0016,-0.1632
1606,-3.20,500,0.00,0.0000,-0.0032,0.0015,1.6045,-0.0014,-0.1629
1607,-2.20,500,0.00,0.0000,0.0003,0.0013,1.6045,0.0006,-0.1595
1608,-3.80,500,0.00,0.0000,-0.0051,0.0014,1.6045,-0.0026,-0.1648
1609,-3.00,500,0.00,0.0000,-0.0026,0.0020,1.6046,-0.0009,-0.1621
1610,-2.50,500,0.00,0.0000,-0.0007,0.0019,1.6045,0.0001,-0.1602
1611,-3.40,500,0.00,0.0000,-0.0038,0.0015,1.6045,-0.0017,-0.1635
1612,-2.10,500,0.00,0.0000,0.0006,0.0019,1.6045,0.0009,-0.1589
1613,-3.40,500,0.00,0.0000,-0.0033,0.0009,1.6044,-0.0016,-0.1633
1614,-2.80,500,0.00,0.0000,-0.0015,0.0014,1.6044,-0.0004,-0.1613
1615,-2.20,500,0.00,0.0000,0.0004,0.0019,1.6045,0.0008,-0.1591
1616,-3.80,500,0.00,0.0000,-0.0049,0.0016,1.6045,-0.0024,-0.1646
1617,-1.40,500,0.00,0.0000,0.0028,0.0046,1.6045,0.0025,-0.1553
1618,-2.50,500,0.00,0.0000,-0.0005,0.0020,1.6045,0.0003,-0.1600
1619,-2.80,500,0.00,0.0000,-0.0012,0.0008,1.6045,-0.0003,-0.1612
1620,-4.40,500,0.00,0.0000,-0.0069,0.0017,1.6045,-0.0035,-0.1665
1621,-2.30,500,0.00,0.0000,0.0006,0.0013,1.6044,0.0008,-0.1592
1622,-4.20,500,0.00,0.0000,-0.0057,0.0011,1.6044,-0.0030,-0.1656
1623,-1.70,500,0.00,0.0000,0.0021,0.0040,1.6044,0.0020,-0.1563
1624,-2.90,500,0.00,0.0000,-0.0014,0.0015,1.6044,-0.0003,-0.1611
1625,-2.50,500,0.00,0.0000,0.0000,0.0014,1.6044,0.0005,-0.1597
1626,-2.80,500,0.00,0.0000,-0.0012,0.0021,1.6044,-0.0001,-0.1606
1627,-3.40,500,0.00,0.0000,-0.0030,0.0016,1.6045,-0.0012,-0.1627
1628,-2.80,500,0.00,0.0000,-0.0009,0.0021,1.6045,0.0000,-0.1603
1629,-4.50,500,0.00,0.0000,-0.0065,0.0012,1.6045,-0.0034,-0.1664
1630,-2.50,500,0.00,0.0000,0.0001,0.0020,1.6044,0.0007,-0.1593
1631,-1.30,500,0.00,0.0000,0.0039,0.0040,1.6043,0.0032,-0.1545
1632,-2.30,500,0.00,0.0000,0.0007,0.0042,1.6043,0.0012,-0.1577
1633,-1.90,500,0.00,0.0000,0.0022,0.0019,1.6042,0.0020,-0.1572
1634,-2.40,500,0.00,0.0000,0.0007,0.0020,1.6042,0.0009,-0.1587
1635,-1.00,500,0.00,0.0000,0.0049,0.0046,1.6042,0.0037,-0.1532
1636,-1.40,500,0.00,0.0000,0.0036,0.0040,1.6043,0.0028,-0.1548
1637,-3.30,500,0.00,0.0000,-0.0027,0.0016,1.6044,-0.0011,-0.1624
1638,-2.90,500,0.00,0.0000,-0.0013,0.0009,1.6045,-0.0003,-0.1613
1639,-2.40,500,0.00,0.0000,-0.0000,0.0020,1.6047,0.0006,-0.1595
1640,-1.70,500,0.00,0.0000,0.0019,0.0040,1.6048,0.0019,-0.1565
1641,-3.00,500,0.00,0.0000,-0.0021,0.0015,1.6049,-0.0007,-0.1619
1642,-2.40,500,0.00,0.0000,-0.0001,0.0013,1.6049,0.0004,-0.1599
1643,-3.00,500,0.00,0.0000,-0.0023,0.0014,1.6050,-0.0009,-0.1620
1644,-2.50,500,0.00,0.0000,-0.0008,0.0019,1.6050,0.0001,-0.1603
1645,-3.60,500,0.00,0.0000,-0.0045,0.0015,1.6051,-0.0021,-0.1642
1646,-2.80,500,0.00,0.0000,-0.0017,0.0014,1.6050,-0.0006,-0.1615
1647,-5.30,500,0.00,0.0000,-0.0100,0.0013,1.6050,-0.0056,-0.1699
1648,-2.80,500,0.00,0.0000,-0.0017,0.0014,1.6048,-0.0005,-0.1615
1649,-1.90,500,0.00,0.0000,0.0013,0.0018,1.6047,0.0013,-0.1582
1650,-2.00,500,0.00,0.0000,0.0008,0.0041,1.6046,0.0012,-0.1576
1651,-0.50,500,0.00,0.0000,0.0056,0.0044,1.6045,0.0042,-0.1526
1652,-3.60,500,0.00,0.0000,-0.0041,0.0010,1.6044,-0.0020,-0.1641
1653,-2.10,500,0.00,0.0000,0.0008,0.0019,1.6044,0.0010,-0.1587
1654,-2.60,500,0.00,0.0000,-0.0007,0.0008,1.6044,-0.0000,-0.1607
1655,-2.20,500,0.00,0.0000,0.0004,0.0019,1.6045,0.0008,-0.1591
1656,-4.00,500,0.00,0.0000,-0.0058,0.0016,1.6046,-0.0029,-0.1654
1657,-3.50,500,0.00,0.0000,-0.0041,0.0015,1.6047,-0.0019,-0.1638
1658,-1.80,500,0.00,0.0000,0.0019,0.0018,1.6046,0.0016,-0.1577
1659,-2.00,500,0.00,0.0000,0.0012,0.0019,1.6047,0.0012,-0.1583
1660,-2.80,500,0.00,0.0000,-0.0018,0.0020,1.6048,-0.0005,-0.1613
1661,-2.70,500,0.00,0.0000,-0.0015,0.0020,1.6049,-0.0003,-0.1610
1662,-2.90,500,0.00,0.0000,-0.0019,0.0014,1.6049,-0.0007,-0.1617
1663,-3.70,500,0.00,0.0000,-0.0045,0.0010,1.6049,-0.0023,-0.1645
1664,-2.10,500,0.00,0.0000,0.0005,0.0039,1.6049,0.0010,-0.1581
1665,-2.50,500,0.00,0.0000,-0.0005,0.0014,1.6049,0.0002,-0.1603
1666,-2.10,500,0.00,0.0000,0.0013,0.0007,1.6049,0.0010,-0.1588
1667,-3.00,500,0.00,0.0000,-0.0025,0.0041,1.6050,-0.0008,-0.1610
1668,-2.80,500,0.00,0.0000,-0.0015,0.0014,1.6050,-0.0004,-0.1613
1669,-1.40,500,0.00,0.0000,0.0028,0.0040,1.6051,0.0024,-0.1557
1670,-2.80,500,0.00,0.0000,-0.0015,0.0014,1.6051,-0.0004,-0.1613
1671,-3.20,500,0.00,0.0000,-0.0029,0.0015,1.6051,-0.0012,-0.1626
1672,-2.80,500,0.00,0.0000,-0.0015,0.0014,1.6051,-0.0004,-0.1613
1673,-3.70,500,0.00,0.0000,-0.0042,0.0010,1.6051,-0.0022,-0.1642
1674,3.20,303,0.00,0.0000,0.0248,0.0257,1.6051,0.0163,-0.1229
1675,-2.40,500,0.00,0.0000,-0.0002,0.0013,1.6051,0.0003,-0.1601
1676,-3.30,500,0.00,0.0000,-0.0035,0.0015,1.6052,-0.0016,-0.1632
1677,-3.40,500,0.00,0.0000,-0.0038,0.0015,1.6052,-0.0019,-0.1636
1678,-3.30,500,0.00,0.0000,-0.0035,0.0015,1.6052,-0.0017,-0.1633
1679,-1.90,500,0.00,0.0000,0.0009,0.0018,1.6052,0.0011,-0.1587
1680,-3.10,500,0.00,0.0000,-0.0031,0.0020,1.6052,-0.0014,-0.1626
1681,-1.70,500,0.00,0.0000,0.0015,0.0018,1.6052,0.0014,-0.1582
1682,-3.60,500,0.00,0.0000,-0.0048,0.0013,1.6052,-0.0025,-0.1647
1683,-3.60,500,0.00,0.0000,-0.0048,0.0015,1.6052,-0.0025,-0.1646
1684,-2.90,500,0.00,0.0000,-0.0027,0.0020,1.6052,-0.0011,-0.1623
1685,-1.60,500,0.00,0.0000,0.0021,0.0011,1.6051,0.0015,-0.1578
1686,-3.60,500,0.00,0.0000,-0.0051,0.0021,1.6051,-0.0025,-0.1646
1687,-2.90,500,0.00,0.0000,-0.0025,0.0014,1.6050,-0.0010,-0.1623
1688,-3.90,500,0.00,0.0000,-0.0058,0.0016,1.6049,-0.0030,-0.1655
1689,-2.50,500,0.00,0.0000,-0.0013,0.0019,1.6048,-0.0002,-0.1608
1690,-3.60,500,0.00,0.0000,-0.0048,0.0015,1.6047,-0.0023,-0.1645
1691,-2.60,500,0.00,0.0000,-0.0013,0.0019,1.6045,-0.0003,-0.1608
1692,-1.90,500,0.00,0.0000,0.0006,0.0040,1.6044,0.0012,-0.1578
1693,-3.40,500,0.00,0.0000,-0.0039,0.0015,1.6042,-0.0018,-0.1636
1694,-2.60,500,0.00,0.0000,-0.0012,0.0020,1.6040,-0.0001,-0.1606
1695,-2.40,500,0.00,0.0000,-0.0005,0.0028,1.6038,0.0004,-0.1595
1696,-3.60,500,0.00,0.0000,-0.0044,0.0016,1.6036,-0.0020,-0.1640
1697,-0.80,500,0.00,0.0000,0.0050,0.0039,1.6034,0.0037,-0.1534
1698,3.56,137,0.00,0.0000,0.0504,0.0569,1.6034,0.0336,-0.0815
1699,-1.50,500,0.00,0.0000,0.0022,0.0040,1.6034,0.0021,-0.1561
1700,-3.80,500,0.00,0.0000,-0.0057,0.0016,1.6035,-0.0028,-0.1653
1701,-4.20,500,0.00,0.0000,-0.0071,0.0010,1.6035,-0.0037,-0.1669
1702,-2.70,500,0.00,0.0000,-0.0023,0.0019,1.6034,-0.0008,-0.1617
1703,-4.00,500,0.00,0.0000,-0.0068,0.0009,1.6034,-0.0035,-0.1666
1704,-2.40,500,0.00,0.0000,-0.0022,0.0040,1.6034,-0.0004,-0.1605
1705,-1.60,500,0.00,0.0000,0.0012,0.0011,1.6033,0.0012,-0.1586
1706,-1.60,500,0.00,0.0000,0.0004,0.0039,1.6033,0.0011,-0.1580
1707,-3.90,500,0.00,0.0000,-0.0068,0.0015,1.6033,-0.0036,-0.1664
1708,-3.80,500,0.00,0.0000,-0.0063,0.0009,1.6033,-0.0034,-0.1662
1709,-2.90,500,0.00,0.0000,-0.0036,0.0019,1.6033,-0.0016,-0.1630
1710,-2.30,500,0.00,0.0000,-0.0013,0.0012,1.6033,-0.0004,-0.1611
1711,-1.40,500,0.00,0.0000,0.0007,0.0044,1.6034,0.0014,-0.1574
1712,-2.90,500,0.00,0.0000,-0.0039,0.0019,1.6035,-0.0017,-0.1633
1713,-3.50,500,0.00,0.0000,-0.0058,0.0014,1.6035,-0.0029,-0.1654
1714,-2.90,500,0.00,0.0000,-0.0035,0.0013,1.6035,-0.0017,-0.1632
1715,-2.50,500,0.00,0.0000,-0.0024,0.0018,1.6036,-0.0009,-0.1619
1716,-3.60,500,0.00,0.0000,-0.0059,0.0014,1.6036,-0.0031,-0.1656
1717,-1.50,500,0.00,0.0000,0.0006,0.0038,1.6036,0.0012,-0.1579
1718,-3.30,500,0.00,0.0000,-0.0051,0.0020,1.6036,-0.0024,-0.1645
1719,-0.60,500,0.00,0.0000,0.0038,0.0037,1.6036,0.0030,-0.1548
1720,-3.70,500,0.00,0.0000,-0.0063,0.0015,1.6036,-0.0032,-0.1660
1721,-3.00,500,0.00,0.0000,-0.0039,0.0013,1.6036,-0.0018,-0.1636
1722,-2.50,500,0.00,0.0000,-0.0021,0.0012,1.6036,-0.0008,-0.1618
1723,-2.60,500,0.00,0.0000,-0.0023,0.0013,1.6036,-0.0009,-0.1620
1724,-2.80,500,0.00,0.0000,-0.0031,0.0013,1.6037,-0.0013,-0.1628
1725,-2.20,500,0.00,0.0000,-0.0012,0.0018,1.6037,-0.0001,-0.1606
1726,-2.80,500,0.00,0.0000,-0.0030,0.0013,1.6038,-0.0013,-0.1627
1727,-3.00,500,0.00,0.0000,-0.0037,0.0013,1.6039,-0.0017,-0.1634
1728,-2.80,500,0.00,0.0000,-0.0030,0.0013,1.6040,-0.0012,-0.1627
1729,-2.60,500,0.00,0.0000,-0.0024,0.0019,1.6041,-0.0008,-0.1619
1730,-2.90,500,0.00,0.0000,-0.0030,0.0013,1.6041,-0.0014,-0.1628
1731,-2.10,500,0.00,0.0000,-0.0004,0.0012,1.6042,0.0002,-0.1602
1732,-1.10,500,0.00,0.0000,0.0026,0.0038,1.6043,0.0023,-0.1560
1733,-2.80,500,0.00,0.0000,-0.0029,0.0019,1.6044,-0.0011,-0.1624
1734,-1.40,500,0.00,0.0000,0.0020,0.0017,1.6045,0.0017,-0.1576
1735,-3.40,500,0.00,0.0000,-0.0048,0.0014,1.6046,-0.0023,-0.1645
1736,-2.70,500,0.00,0.0000,-0.0023,0.0013,1.6047,-0.0009,-0.1621
1737,3.69,212,0.00,0.0000,0.0350,0.0352,1.6047,0.0229,-0.1079
1738,-2.70,500,0.00,0.0000,-0.0024,0.0013,1.6049,-0.0010,-0.1622
1739,-3.80,500,0.00,0.0000,-0.0063,0.0015,1.6050,-0.0033,-0.1661
1740,-3.40,500,0.00,0.0000,-0.0050,0.0014,1.6051,-0.0025,-0.1648
1741,-1.70,500,0.00,0.0000,0.0001,0.0045,1.6051,0.0009,-0.1582
1742,-4.80,500,0.00,0.0000,-0.0097,0.0011,1.6050,-0.0054,-0.1697
1743,-1.60,500,0.00,0.0000,0.0007,0.0037,1.6048,0.0011,-0.1579
1744,-2.50,500,0.00,0.0000,-0.0018,0.0012,1.6047,-0.0007,-0.1617
1745,-2.50,500,0.00,0.0000,-0.0021,0.0018,1.6046,-0.0007,-0.1617
1746,-3.50,500,0.00,0.0000,-0.0052,0.0008,1.6045,-0.0027,-0.1652
1747,-3.60,500,0.00,0.0000,-0.0055,0.0009,1.6043,-0.0029,-0.1655
1748,-3.30,500,0.00,0.0000,-0.0047,0.0020,1.6042,-0.0022,-0.1641
1749,-1.90,500,0.00,0.0000,0.0003,0.0011,1.6041,0.0006,-0.1595
1750,-2.80,500,0.00,0.0000,-0.0026,0.0013,1.6041,-0.0011,-0.1624
1751,1.05,454,0.00,0.0000,0.0092,0.0169,1.6040,0.0069,-0.1427
1752,-3.70,500,0.00,0.0000,-0.0055,0.0009,1.6040,-0.0029,-0.1654
1753,-3.30,500,0.00,0.0000,-0.0044,0.0014,1.6039,-0.0021,-0.1641
1754,-0.40,500,0.00,0.0000,0.0049,0.0043,1.6038,0.0037,-0.1534
1755,-2.80,500,0.00,0.0000,-0.0026,0.0013,1.6038,-0.0011,-0.1623
1756,-2.80,500,0.00,0.0000,-0.0025,0.0013,1.6038,-0.0011,-0.1622
1757,-1.70,500,0.00,0.0000,0.0014,0.0011,1.6039,0.0011,-0.1585
1758,-3.00,500,0.00,0.0000,-0.0031,0.0008,1.6041,-0.0015,-0.1632
1759,-2.10,500,0.00,0.0000,-0.0004,0.0018,1.6043,0.0003,-0.1599
1760,-2.70,500,0.00,0.0000,-0.0025,0.0019,1.6045,-0.0009,-0.1620
1761,-0.70,500,0.00,0.0000,0.0038,0.0043,1.6046,0.0031,-0.1545
1762,-4.00,500,0.00,0.0000,-0.0067,0.0015,1.6048,-0.0036,-0.1664
1763,-3.00,500,0.00,0.0000,-0.0034,0.0014,1.6048,-0.0016,-0.1632
1764,-3.00,500,0.00,0.0000,-0.0034,0.0020,1.6049,-0.0016,-0.1629
1765,-3.70,500,0.00,0.0000,-0.0056,0.0015,1.6049,-0.0029,-0.1654
1766,-3.10,500,0.00,0.0000,-0.0035,0.0014,1.6049,-0.0017,-0.1633
1767,-1.30,500,0.00,0.0000,0.0024,0.0016,1.6048,0.0019,-0.1573
1768,-3.20,500,0.00,0.0000,-0.0036,0.0008,1.6049,-0.0019,-0.1637
1769,-2.90,500,0.00,0.0000,-0.0029,0.0013,1.6049,-0.0012,-0.1627
1770,-2.00,500,0.00,0.0000,0.0001,0.0018,1.6050,0.0006,-0.1595
1771,-1.60,500,0.00,0.0000,0.0011,0.0039,1.6050,0.0014,-0.1574
1772,-1.50,500,0.00,0.0000,0.0015,0.0039,1.6051,0.0016,-0.1571
1773,-3.80,500,0.00,0.0000,-0.0059,0.0015,1.6050,-0.0030,-0.1656
1774,-4.00,500,0.00,0.0000,-0.0065,0.0016,1.6050,-0.0034,-0.1663
1775,-3.50,500,0.00,0.0000,-0.0045,0.0009,1.6048,-0.0023,-0.1646
1776,-2.20,500,0.00,0.0000,-0.0002,0.0018,1.6047,0.0004,-0.1597
1777,-2.40,500,0.00,0.0000,-0.0010,0.0019,1.6046,0.0000,-0.1605
1778,-2.80,500,0.00,0.0000,-0.0023,0.0020,1.6045,-0.0008,-0.1617
1779,-3.50,500,0.00,0.0000,-0.0047,0.0021,1.6044,-0.0021,-0.1641
1780,-2.90,500,0.00,0.0000,-0.0023,0.0014,1.6042,-0.0008,-0.1621
1781,-2.00,500,0.00,0.0000,0.0009,0.0012,1.6040,0.0010,-0.1589
1782,-2.60,500,0.00,0.0000,-0.0012,0.0020,1.6039,-0.0002,-0.1606
1783,-1.60,500,0.00,0.0000,0.0022,0.0018,1.6039,0.0019,-0.1573
1784,-0.30,500,0.00,0.0000,0.0061,0.0043,1.6039,0.0045,-0.1521
1785,-2.50,500,0.00,0.0000,-0.0008,0.0013,1.6040,0.0001,-0.1605
1786,-2.70,500,0.00,0.0000,-0.0015,0.0014,1.6041,-0.0004,-0.1612
1787,-3.80,500,0.00,0.0000,-0.0053,0.0022,1.6042,-0.0026,-0.1647
1788,-2.60,500,0.00,0.0000,-0.0012,0.0020,1.6042,-0.0002,-0.1606
1789,-2.90,500,0.00,0.0000,-0.0020,0.0014,1.6043,-0.0008,-0.1617
1790,-2.40,500,0.00,0.0000,-0.0000,0.0006,1.6044,0.0002,-0.1602
1791,-2.90,500,0.00,0.0000,-0.0021,0.0014,1.6046,-0.0008,-0.1619
1792,-4.20,500,0.00,0.0000,-0.0068,0.0023,1.6047,-0.0034,-0.1662
1793,-3.30,500,0.00,0.0000,-0.0033,0.0013,1.6048,-0.0015,-0.1631
1794,-1.70,500,0.00,0.0000,0.0021,0.0012,1.6048,0.0017,-0.1577
1795,-2.10,500,0.00,0.0000,0.0010,0.0013,1.6049,0.0009,-0.1589
1796,-3.30,500,0.00,0.0000,-0.0034,0.0021,1.6051,-0.0015,-0.1628
1797,-1.60,500,0.00,0.0000,0.0024,0.0018,1.6052,0.0019,-0.1572
1798,-4.50,500,0.00,0.0000,-0.0074,0.0017,1.6053,-0.0039,-0.1671
1799,-3.20,500,0.00,0.0000,-0.0027,0.0009,1.6053,-0.0012,-0.1628
1800,-2.70,500,0.00,0.0000,-0.0009,0.0014,1.6054,-0.0002,-0.1607
1801,-1.10,500,0.00,0.0000,0.0038,0.0045,1.6054,0.0031,-0.1545
1802,-4.00,500,0.00,0.0000,-0.0055,0.0017,1.6054,-0.0027,-0.1652
1803,-0.90,500,0.00,0.0000,0.0047,0.0043,1.6054,0.0035,-0.1537
1804,-3.40,500,0.00,0.0000,-0.0033,0.0015,1.6053,-0.0015,-0.1631
1805,-2.00,500,0.00,0.0000,0.0015,0.0013,1.6052,0.0014,-0.1584
1806,-3.70,500,0.00,0.0000,-0.0043,0.0016,1.6052,-0.0020,-0.1640
1807,-1.70,500,0.00,0.0000,0.0024,0.0018,1.6051,0.0020,-0.1571
1808,-3.80,500,0.00,0.0000,-0.0044,0.0010,1.6050,-0.0022,-0.1644
1809,-1.80,500,0.00,0.0000,0.0017,0.0041,1.6049,0.0018,-0.1567
1810,-4.80,500,0.00,0.0000,-0.0076,0.0012,1.6048,-0.0042,-0.1675
1811,-2.60,500,0.00,0.0000,-0.0004,0.0020,1.6047,0.0003,-0.1598
1812,-2.40,500,0.00,0.0000,-0.0002,0.0042,1.6046,0.0007,-0.1586
1813,-2.80,500,0.00,0.0000,-0.0010,0.0015,1.6044,-0.0000,-0.1607
1814,-2.70,500,0.00,0.0000,-0.0004,0.0015,1.6043,0.0002,-0.1601
1815,-2.80,500,0.00,0.0000,-0.0010,0.0015,1.6042,0.0000,-0.1606
1816,-3.90,500,0.00,0.0000,-0.0043,0.0009,1.6042,-0.0022,-0.1643
1817,-3.10,500,0.00,0.0000,-0.0021,0.0021,1.6041,-0.0005,-0.1614
1818,-2.70,500,0.00,0.0000,-0.0005,0.0015,1.6041,0.0003,-0.1601
1819,-0.70,500,0.00,0.0000,0.0061,0.0039,1.6041,0.0043,-0.1523
1820,-3.40,500,0.00,0.0000,-0.0027,0.0016,1.6042,-0.0011,-0.1623
1821,-2.10,500,0.00,0.0000,0.0015,0.0020,1.6043,0.0015,-0.1580
1822,-2.80,500,0.00,0.0000,-0.0008,0.0021,1.6044,0.0001,-0.1602
1823,-3.10,500,0.00,0.0000,-0.0017,0.0013,1.6045,-0.0006,-0.1615
1824,-3.60,500,0.00,0.0000,-0.0037,0.0016,1.6047,-0.0016,-0.1633
1825,-2.10,500,0.00,0.0000,0.0015,0.0013,1.6048,0.0014,-0.1583
1826,-2.40,500,0.00,0.0000,0.0004,0.0014,1.6049,0.0008,-0.1594
1827,-3.40,500,0.00,0.0000,-0.0030,0.0016,1.6050,-0.0013,-0.1627
1828,-2.70,500,0.00,0.0000,-0.0006,0.0020,1.6051,0.0001,-0.1601
1829,-3.70,500,0.00,0.0000,-0.0041,0.0016,1.6051,-0.0019,-0.1638
1830,-3.50,500,0.00,0.0000,-0.0034,0.0016,1.6051,-0.0015,-0.1631
1831,-0.70,500,0.00,0.0000,0.0058,0.0039,1.6051,0.0041,-0.1528
1832,-2.30,500,0.00,0.0000,0.0007,0.0014,1.6051,0.0009,-0.1591
1833,-3.10,500,0.00,0.0000,-0.0020,0.0015,1.6051,-0.0007,-0.1618
1834,-2.20,500,0.00,0.0000,0.0009,0.0019,1.6051,0.0011,-0.1587
1835,-1.50,500,0.00,0.0000,0.0031,0.0038,1.6051,0.0025,-0.1555
1836,-2.00,500,0.00,0.0000,0.0015,0.0019,1.6052,0.0014,-0.1581
1837,-2.50,500,0.00,0.0000,-0.0002,0.0014,1.6052,0.0004,-0.1600
1838,-1.70,500,0.00,0.0000,0.0022,0.0040,1.6053,0.0019,-0.1563
1839,-2.10,500,0.00,0.0000,0.0004,0.0047,1.6054,0.0011,-0.1578
1840,-1.80,500,0.00,0.0000,0.0016,0.0040,1.6053,0.0016,-0.1569
1841,-3.20,500,0.00,0.0000,-0.0027,0.0015,1.6052,-0.0012,-0.1625
1842,-0.60,500,0.00,0.0000,0.0055,0.0044,1.6052,0.0040,-0.1528
1843,-3.10,500,0.00,0.0000,-0.0025,0.0015,1.6052,-0.0011,-0.1623
1844,-2.60,500,0.00,0.0000,-0.0008,0.0014,1.6051,-0.0001,-0.1607
1845,-1.10,500,0.00,0.0000,0.0036,0.0039,1.6052,0.0028,-0.1550
1846,-3.70,500,0.00,0.0000,-0.0048,0.0016,1.6052,-0.0024,-0.1645
1847,-2.60,500,0.00,0.0000,-0.0012,0.0019,1.6052,-0.0003,-0.1608
1848,-3.20,500,0.00,0.0000,-0.0031,0.0015,1.6052,-0.0015,-0.1629
1849,-4.90,500,0.00,0.0000,-0.0092,0.0018,1.6052,-0.0049,-0.1688
1850,-2.20,500,0.00,0.0000,-0.0004,0.0041,1.6050,0.0005,-0.1589
1851,-2.60,500,0.00,0.0000,-0.0010,0.0013,1.6048,-0.0002,-0.1608
1852,1.22,278,0.00,0.0000,0.0135,0.0284,1.6047,0.0101,-0.1328
1853,-3.90,500,0.00,0.0000,-0.0055,0.0010,1.6043,-0.0028,-0.1654
1854,-2.60,500,0.00,0.0000,-0.0012,0.0014,1.6039,-0.0002,-0.1609
1855,-2.60,500,0.00,0.0000,-0.0016,0.0042,1.6036,-0.0002,-0.1599
1856,-1.80,500,0.00,0.0000,0.0011,0.0040,1.6033,0.0014,-0.1572
1857,-4.40,500,0.00,0.0000,-0.0071,0.0011,1.6030,-0.0038,-0.1668
1858,-3.10,500,0.00,0.0000,-0.0027,0.0015,1.6027,-0.0011,-0.1623
1859,-2.30,500,0.00,0.0000,-0.0004,0.0019,1.6024,0.0005,-0.1596
1860,-0.80,500,0.00,0.0000,0.0044,0.0038,1.6023,0.0035,-0.1539
1861,-2.20,500,0.00,0.0000,0.0002,0.0013,1.6023,0.0007,-0.1594
1862,-3.70,500,0.00,0.0000,-0.0049,0.0010,1.6024,-0.0023,-0.1646
1863,-2.00,500,0.00,0.0000,0.0008,0.0012,1.6025,0.0010,-0.1588
1864,-3.60,500,0.00,0.0000,-0.0048,0.0020,1.6027,-0.0022,-0.1641
1865,-3.40,500,0.00,0.0000,-0.0038,0.0009,1.6029,-0.0018,-0.1637
1866,-3.20,500,0.00,0.0000,-0.0033,0.0015,1.6031,-0.0014,-0.1629
1867,-2.90,500,0.00,0.0000,-0.0025,0.0020,1.6033,-0.0008,-0.1619
1868,-3.00,500,0.00,0.0000,-0.0025,0.0014,1.6034,-0.0010,-0.1621
1869,-2.50,500,0.00,0.0000,-0.0007,0.0013,1.6036,-0.0000,-0.1604
1870,-1.40,500,0.00,0.0000,0.0024,0.0039,1.6039,0.0022,-0.1560
1871,-1.00,500,0.00,0.0000,0.0037,0.0038,1.6041,0.0030,-0.1548
1872,-2.70,500,0.00,0.0000,-0.0017,0.0014,1.6044,-0.0005,-0.1614
1873,-0.70,500,0.00,0.0000,0.0048,0.0038,1.6046,0.0035,-0.1538
1874,-3.60,500,0.00,0.0000,-0.0049,0.0015,1.6049,-0.0024,-0.1646
1875,-2.80,500,0.00,0.0000,-0.0021,0.0014,1.6050,-0.0008,-0.1620
1876,-3.80,500,0.00,0.0000,-0.0053,0.0009,1.6052,-0.0029,-0.1653
1877,-2.70,500,0.00,0.0000,-0.0019,0.0013,1.6053,-0.0007,-0.1617
1878,-3.00,500,0.00,0.0000,-0.0027,0.0014,1.6054,-0.0013,-0.1626
1879,-2.90,500,0.00,0.0000,-0.0024,0.0014,1.6055,-0.0011,-0.1622
1880,-1.80,500,0.00,0.0000,0.0008,0.0040,1.6056,0.0011,-0.1578
1881,-4.50,500,0.00,0.0000,-0.0078,0.0017,1.6056,-0.0042,-0.1676
1882,-2.70,500,0.00,0.0000,-0.0018,0.0019,1.6055,-0.0006,-0.1613
1883,-2.20,500,0.00,0.0000,-0.0003,0.0041,1.6055,0.0004,-0.1588
1884,-1.70,500,0.00,0.0000,0.0018,0.0012,1.6054,0.0015,-0.1581
1885,-1.10,500,0.00,0.0000,0.0034,0.0039,1.6054,0.0027,-0.1553
1886,-3.00,500,0.00,0.0000,-0.0026,0.0020,1.6053,-0.0011,-0.1622
1887,-3.50,500,0.00,0.0000,-0.0042,0.0015,1.6053,-0.0021,-0.1640
1888,-3.70,500,0.00,0.0000,-0.0050,0.0015,1.6052,-0.0025,-0.1647
1889,-3.30,500,0.00,0.0000,-0.0036,0.0015,1.6051,-0.0016,-0.1633
1890,-3.00,500,0.00,0.0000,-0.0023,0.0014,1.6050,-0.0010,-0.1621
1891,-3.30,500,0.00,0.0000,-0.0034,0.0015,1.6048,-0.0015,-0.1631
1892,-2.30,500,0.00,0.0000,0.0003,0.0013,1.6047,0.0006,-0.1595
1893,-3.90,500,0.00,0.0000,-0.0052,0.0016,1.6046,-0.0026,-0.1648
1894,-2.10,500,0.00,0.0000,0.0012,0.0007,1.6045,0.0011,-0.1589
1895,-3.00,500,0.00,0.0000,-0.0020,0.0015,1.6045,-0.0007,-0.1618
1896,-2.40,500,0.00,0.0000,-0.0002,0.0020,1.6046,0.0005,-0.1596
1897,-2.40,500,0.00,0.0000,0.0001,0.0014,1.6046,0.0006,-0.1596
1898,-2.10,500,0.00,0.0000,0.0014,0.0013,1.6046,0.0012,-0.1584
1899,-4.10,500,0.00,0.0000,-0.0057,0.0017,1.6047,-0.0028,-0.1653
1900,-3.40,500,0.00,0.0000,-0.0031,0.0016,1.6048,-0.0014,-0.1627
1901,-3.00,500,0.00,0.0000,-0.0023,0.0043,1.6048,-0.0005,-0.1607
1902,-3.20,500,0.00,0.0000,-0.0024,0.0020,1.6047,-0.0009,-0.1619
1903,-2.90,500,0.00,0.0000,-0.0013,0.0015,1.6046,-0.0002,-0.1610
1904,-1.60,500,0.00,0.0000,0.0030,0.0019,1.6045,0.0024,-0.1565
1905,-3.50,500,0.00,0.0000,-0.0033,0.0016,1.6045,-0.0014,-0.1629
1906,-1.60,500,0.00,0.0000,0.0028,0.0041,1.6044,0.0025,-0.1557
1907,-3.60,500,0.00,0.0000,-0.0034,0.0014,1.6044,-0.0015,-0.1631
1908,-3.30,500,0.00,0.0000,-0.0025,0.0016,1.6043,-0.0009,-0.1622
1909,-1.80,500,0.00,0.0000,0.0024,0.0041,1.6042,0.0021,-0.1560
1910,-2.30,500,0.00,0.0000,0.0010,0.0020,1.6042,0.0011,-0.1584
1911,-2.90,500,0.00,0.0000,-0.0009,0.0015,1.6042,-0.0001,-0.1606
1912,-3.10,500,0.00,0.0000,-0.0018,0.0015,1.6043,-0.0005,-0.1615
1913,-3.70,500,0.00,0.0000,-0.0039,0.0023,1.6043,-0.0017,-0.1632
1914,-3.40,500,0.00,0.0000,-0.0026,0.0010,1.6043,-0.0011,-0.1625
1915,-3.50,500,0.00,0.0000,-0.0029,0.0010,1.6043,-0.0013,-0.1628
1916,-1.40,500,0.00,0.0000,0.0034,0.0046,1.6044,0.0030,-0.1547
1917,-2.60,500,0.00,0.0000,0.0001,0.0015,1.6044,0.0006,-0.1596
1918,-4.30,500,0.00,0.0000,-0.0058,0.0018,1.6044,-0.0028,-0.1654
1919,-1.70,500,0.00,0.0000,0.0032,0.0013,1.6043,0.0024,-0.1566
1920,-2.80,500,0.00,0.0000,-0.0004,0.0015,1.6044,0.0002,-0.1601
1921,-2.70,500,0.00,0.0000,-0.0002,0.0015,1.6044,0.0004,-0.1599
1922,-0.70,500,0.00,0.0000,0.0061,0.0039,1.6046,0.0044,-0.1524
1923,-2.00,500,0.00,0.0000,0.0021,0.0013,1.6047,0.0017,-0.1577
1924,-1.50,500,0.00,0.0000,0.0032,0.0040,1.6049,0.0027,-0.1553
1925,-2.70,500,0.00,0.0000,-0.0004,0.0013,1.6051,0.0002,-0.1602
1926,-2.40,500,0.00,0.0000,0.0002,0.0020,1.6052,0.0007,-0.1593
1927,-3.10,500,0.00,0.0000,-0.0019,0.0015,1.6054,-0.0008,-0.1617
1928,-4.40,500,0.00,0.0000,-0.0065,0.0017,1.6055,-0.0034,-0.1662
1929,-4.70,500,0.00,0.0000,-0.0075,0.0012,1.6055,-0.0040,-0.1675
1930,-3.10,500,0.00,0.0000,-0.0022,0.0015,1.6055,-0.0008,-0.1620
1931,-2.60,500,0.00,0.0000,-0.0003,0.0014,1.6054,0.0002,-0.1601
1932,-2.40,500,0.00,0.0000,0.0001,0.0020,1.6054,0.0006,-0.1594
1933,-2.30,500,0.00,0.0000,0.0005,0.0020,1.6054,0.0008,-0.1590
1934,-2.40,500,0.00,0.0000,0.0002,0.0020,1.6053,0.0006,-0.1594
1935,-1.70,500,0.00,0.0000,0.0022,0.0040,1.6053,0.0020,-0.1563
1936,-3.50,500,0.00,0.0000,-0.0035,0.0016,1.6053,-0.0016,-0.1633
1937,-2.70,500,0.00,0.0000,-0.0008,0.0014,1.6052,0.0000,-0.1606
1938,-3.10,500,0.00,0.0000,-0.0022,0.0015,1.6051,-0.0008,-0.1619
1939,-1.60,500,0.00,0.0000,0.0030,0.0018,1.6050,0.0022,-0.1566
1940,-3.40,500,0.00,0.0000,-0.0031,0.0016,1.6050,-0.0014,-0.1628
1941,-2.70,500,0.00,0.0000,-0.0007,0.0014,1.6050,-0.0000,-0.1605
1942,-2.20,500,0.00,0.0000,0.0008,0.0019,1.6050,0.0010,-0.1587
1943,-2.10,500,0.00,0.0000,0.0011,0.0019,1.6050,0.0011,-0.1585
1944,-2.40,500,0.00,0.0000,0.0000,0.0020,1.6051,0.0005,-0.1595
1945,-3.00,500,0.00,0.0000,-0.0021,0.0021,1.6052,-0.0007,-0.1616
1946,-2.50,500,0.00,0.0000,-0.0006,0.0020,1.6053,0.0003,-0.1601
1947,-2.00,500,0.00,0.0000,0.0015,0.0013,1.6053,0.0012,-0.1584
1948,-4.00,500,0.00,0.0000,-0.0054,0.0016,1.6054,-0.0028,-0.1651
1949,-2.90,500,0.00,0.0000,-0.0020,0.0020,1.6054,-0.0006,-0.1615
1950,-3.80,500,0.00,0.0000,-0.0049,0.0016,1.6054,-0.0024,-0.1646
1951,-3.60,500,0.00,0.0000,-0.0040,0.0016,1.6053,-0.0020,-0.1637
1952,-3.60,500,0.00,0.0000,-0.0038,0.0010,1.6052,-0.0019,-0.1638
1953,-3.80,500,0.00,0.0000,-0.0045,0.0014,1.6052,-0.0023,-0.1643
1954,-2.70,500,0.00,0.0000,-0.0010,0.0020,1.6051,-0.0000,-0.1605
1955,-3.00,500,0.00,0.0000,-0.0016,0.0013,1.6050,-0.0005,-0.1614
1956,-3.70,500,0.00,0.0000,-0.0041,0.0016,1.6049,-0.0019,-0.1638
1957,-3.00,500,0.00,0.0000,-0.0018,0.0021,1.6048,-0.0004,-0.1612
1958,-1.70,500,0.00,0.0000,0.0030,0.0019,1.6046,0.0023,-0.1565
1959,-4.10,500,0.00,0.0000,-0.0053,0.0017,1.6045,-0.0025,-0.1648
1960,-1.60,500,0.00,0.0000,0.0029,0.0041,1.6044,0.0026,-0.1555
1961,-1.00,500,0.00,0.0000,0.0051,0.0040,1.6042,0.0038,-0.1534
1962,-2.60,500,0.00,0.0000,0.0003,0.0015,1.6041,0.0006,-0.1594
1963,-0.70,500,0.00,0.0000,0.0063,0.0039,1.6041,0.0044,-0.1522
1964,-2.50,500,0.00,0.0000,0.0003,0.0014,1.6042,0.0007,-0.1594
1965,-1.10,500,0.00,0.0000,0.0046,0.0040,1.6044,0.0035,-0.1539
1966,-4.40,500,0.00,0.0000,-0.0064,0.0018,1.6046,-0.0032,-0.1660
1967,-4.60,500,0.00,0.0000,-0.0072,0.0018,1.6046,-0.0037,-0.1668
1968,-2.40,500,0.00,0.0000,0.0005,0.0014,1.6046,0.0008,-0.1593
1969,-3.40,500,0.00,0.0000,-0.0031,0.0016,1.6046,-0.0013,-0.1628
1970,-2.50,500,0.00,0.0000,0.0002,0.0014,1.6045,0.0005,-0.1595
1971,-3.60,500,0.00,0.0000,-0.0037,0.0016,1.6045,-0.0017,-0.1634
1972,-0.80,500,0.00,0.0000,0.0052,0.0045,1.6045,0.0040,-0.1530
1973,-0.10,500,0.00,0.0000,0.0075,0.0044,1.6045,0.0053,-0.1507
1974,-3.00,500,0.00,0.0000,-0.0018,0.0015,1.6045,-0.0005,-0.1615
1975,-1.70,500,0.00,0.0000,0.0021,0.0040,1.6046,0.0020,-0.1564
1976,-3.40,500,0.00,0.0000,-0.0034,0.0016,1.6046,-0.0014,-0.1631
1977,-0.40,500,0.00,0.0000,0.0063,0.0044,1.6045,0.0045,-0.1519
1978,-3.40,500,0.00,0.0000,-0.0035,0.0015,1.6046,-0.0016,-0.1632
1979,-2.30,500,0.00,0.0000,0.0000,0.0019,1.6046,0.0006,-0.1595
1980,-2.40,500,0.00,0.0000,-0.0002,0.0013,1.6046,0.0004,-0.1600
1981,-2.10,500,0.00,0.0000,0.0005,0.0019,1.6046,0.0009,-0.1590
1982,-1.50,500,0.00,0.0000,0.0019,0.0046,1.6047,0.0020,-0.1563
1983,-1.90,500,0.00,0.0000,0.0007,0.0040,1.6047,0.0012,-0.1578
1984,-3.30,500,0.00,0.0000,-0.0037,0.0015,1.6046,-0.0017,-0.1634
1985,-2.80,500,0.00,0.0000,-0.0020,0.0014,1.6045,-0.0007,-0.1618
1986,-3.30,500,0.00,0.0000,-0.0040,0.0021,1.6045,-0.0017,-0.1634
1987,-2.30,500,0.00,0.0000,-0.0004,0.0017,1.6043,0.0003,-0.1599
1988,-2.60,500,0.00,0.0000,-0.0014,0.0013,1.6043,-0.0003,-0.1612
1989,-1.90,500,0.00,0.0000,0.0004,0.0040,1.6042,0.0010,-0.1580
1990,-1.90,500,0.00,0.0000,0.0008,0.0018,1.6041,0.0010,-0.1587
1991,-2.90,500,0.00,0.0000,-0.0024,0.0014,1.6041,-0.0010,-0.1621
1992,-3.30,500,0.00,0.0000,-0.0039,0.0015,1.6042,-0.0018,-0.1636
1993,-2.90,500,0.00,0.0000,-0.0028,0.0020,1.6042,-0.0010,-0.1622
1994,-1.00,500,0.00,0.0000,0.0034,0.0038,1.6041,0.0028,-0.1551
1995,-3.50,500,0.00,0.0000,-0.0049,0.0021,1.6042,-0.0022,-0.1642
1996,-3.60,500,0.00,0.0000,-0.0055,0.0043,1.6041,-0.0024,-0.1637
1997,-2.60,500,0.00,0.0000,-0.0015,0.0013,1.6039,-0.0004,-0.1612
1998,-2.70,500,0.00,0.0000,-0.0018,0.0013,1.6037,-0.0006,-0.1615
1999,-1.70,500,0.00,0.0000,0.0019,0.0012,1.6036,0.0015,-0.1579
2000,-3.40,500,0.00,0.0000,-0.0044,0.0021,1.6037,-0.0019,-0.1637
2001,-3.10,500,0.00,0.0000,-0.0033,0.0020,1.6036,-0.0013,-0.1627
2002,-2.10,500,0.00,0.0000,0.0004,0.0012,1.6036,0.0007,-0.1594
2003,-3.60,500,0.00,0.0000,-0.0046,0.0015,1.6036,-0.0023,-0.1642
2004,0.30,398,0.00,0.0000,0.0072,0.0200,1.6036,0.0059,-0.1431
2005,-2.40,500,0.00,0.0000,-0.0006,0.0013,1.6035,0.0002,-0.1603
2006,-3.10,500,0.00,0.0000,-0.0030,0.0014,1.6034,-0.0012,-0.1626
2007,-2.20,500,0.00,0.0000,0.0003,0.0013,1.6034,0.0006,-0.1594
2008,-2.30,500,0.00,0.0000,-0.0000,0.0013,1.6035,0.0004,-0.1597
2009,-2.50,500,0.00,0.0000,-0.0010,0.0013,1.6036,-0.0000,-0.1607
2010,-0.80,500,0.00,0.0000,0.0043,0.0044,1.6038,0.0033,-0.1539
2011,-2.30,500,0.00,0.0000,-0.0001,0.0013,1.6040,0.0003,-0.1599
2012,-1.30,500,0.00,0.0000,0.0025,0.0039,1.6043,0.0022,-0.1560
2013,-3.00,500,0.00,0.0000,-0.0031,0.0020,1.6045,-0.0012,-0.1625
2014,-3.90,500,0.00,0.0000,-0.0062,0.0022,1.6047,-0.0031,-0.1656
2015,-4.10,500,0.00,0.0000,-0.0066,0.0016,1.6047,-0.0035,-0.1663
2016,-1.70,500,0.00,0.0000,0.0017,0.0011,1.6047,0.0014,-0.1582
2017,-3.10,500,0.00,0.0000,-0.0033,0.0014,1.6048,-0.0014,-0.1631
2018,-3.10,500,0.00,0.0000,-0.0033,0.0014,1.6048,-0.0014,-0.1630
2019,-3.20,500,0.00,0.0000,-0.0034,0.0008,1.6048,-0.0016,-0.1635
2020,-0.90,500,0.00,0.0000,0.0037,0.0044,1.6048,0.0030,-0.1546
2021,-3.60,500,0.00,0.0000,-0.0049,0.0015,1.6048,-0.0024,-0.1646
2022,-3.10,500,0.00,0.0000,-0.0030,0.0014,1.6048,-0.0014,-0.1628
2023,-2.70,500,0.00,0.0000,-0.0016,0.0013,1.6048,-0.0006,-0.1614
2024,-2.20,500,0.00,0.0000,0.0000,0.0013,1.6048,0.0005,-0.1598
2025,-0.50,500,0.00,0.0000,0.0054,0.0037,1.6048,0.0039,-0.1532
2026,-3.50,500,0.00,0.0000,-0.0043,0.0015,1.6049,-0.0021,-0.1640
2027,-3.50,500,0.00,0.0000,-0.0044,0.0015,1.6050,-0.0021,-0.1642
2028,-2.90,500,0.00,0.0000,-0.0025,0.0020,1.6050,-0.0009,-0.1620
2029,-2.80,500,0.00,0.0000,-0.0020,0.0020,1.6050,-0.0007,-0.1615
2030,-2.90,500,0.00,0.0000,-0.0023,0.0020,1.6050,-0.0009,-0.1618
2031,-2.20,500,0.00,0.0000,0.0000,0.0019,1.6050,0.0006,-0.1595
2032,-2.50,500,0.00,0.0000,-0.0008,0.0013,1.6050,-0.0000,-0.1606
2033,-4.70,500,0.00,0.0000,-0.0084,0.0017,1.6050,-0.0044,-0.1680
2034,-0.10,500,0.00,0.0000,0.0070,0.0037,1.6048,0.0048,-0.1516
2035,-2.60,500,0.00,0.0000,-0.0011,0.0020,1.6048,-0.0001,-0.1606
2036,-3.40,500,0.00,0.0000,-0.0038,0.0015,1.6048,-0.0017,-0.1635
2037,-4.10,500,0.00,0.0000,-0.0060,0.0016,1.6047,-0.0031,-0.1657
2038,-2.10,500,0.00,0.0000,0.0008,0.0019,1.6046,0.0009,-0.1587
2039,-3.70,500,0.00,0.0000,-0.0047,0.0016,1.6046,-0.0022,-0.1644
2040,-2.60,500,0.00,0.0000,-0.0007,0.0014,1.6045,0.0000,-0.1604
2041,-3.00,500,0.00,0.0000,-0.0024,0.0021,1.6044,-0.0008,-0.1618
2042,-1.90,500,0.00,0.0000,0.0009,0.0047,1.6044,0.0015,-0.1572
2043,-2.50,500,0.00,0.0000,-0.0004,0.0020,1.6042,0.0003,-0.1598
2044,-2.80,500,0.00,0.0000,-0.0013,0.0014,1.6041,-0.0003,-0.1610
2045,-3.00,500,0.00,0.0000,-0.0018,0.0015,1.6041,-0.0006,-0.1615
2046,-3.80,500,0.00,0.0000,-0.0043,0.0010,1.6040,-0.0022,-0.1642
2047,-4.50,500,0.00,0.0000,-0.0067,0.0012,1.6040,-0.0036,-0.1665
2048,-2.50,500,0.00,0.0000,0.0001,0.0014,1.6040,0.0005,-0.1596
2049,-3.50,500,0.00,0.0000,-0.0035,0.0022,1.6041,-0.0015,-0.1628
2050,-3.30,500,0.00,0.0000,-0.0025,0.0010,1.6041,-0.0010,-0.1624
2051,-4.20,500,0.00,0.0000,-0.0055,0.0017,1.6042,-0.0028,-0.1650
2052,-3.40,500,0.00,0.0000,-0.0028,0.0016,1.6042,-0.0011,-0.1624
2053,-0.90,500,0.00,0.0000,0.0052,0.0046,1.6041,0.0040,-0.1530
2054,-2.10,500,0.00,0.0000,0.0017,0.0020,1.6041,0.0017,-0.1577
2055,-2.40,500,0.00,0.0000,0.0011,0.0014,1.6041,0.0011,-0.1586
2056,-4.00,500,0.00,0.0000,-0.0046,0.0017,1.6043,-0.0021,-0.1642
2057,-3.00,500,0.00,0.0000,-0.0012,0.0022,1.6043,-0.0001,-0.1605
2058,-3.40,500,0.00,0.0000,-0.0025,0.0016,1.6043,-0.0009,-0.1621
2059,-0.80,500,0.00,0.0000,0.0058,0.0046,1.6043,0.0043,-0.1524
2060,-3.70,500,0.00,0.0000,-0.0035,0.0017,1.6044,-0.0015,-0.1631
2061,-2.50,500,0.00,0.0000,0.0007,0.0015,1.6043,0.0009,-0.1590
2062,-1.60,500,0.00,0.0000,0.0038,0.0013,1.6044,0.0027,-0.1560
2063,-3.20,500,0.00,0.0000,-0.0017,0.0016,1.6045,-0.0005,-0.1613
2064,-1.60,500,0.00,0.0000,0.0031,0.0041,1.6047,0.0026,-0.1553
2065,-3.50,500,0.00,0.0000,-0.0030,0.0016,1.6048,-0.0012,-0.1627
2066,-1.10,500,0.00,0.0000,0.0049,0.0040,1.6049,0.0036,-0.1536
2067,-1.70,500,0.00,0.0000,0.0029,0.0019,1.6050,0.0023,-0.1566
2068,-2.80,500,0.00,0.0000,-0.0006,0.0013,1.6051,0.0000,-0.1605
2069,-1.90,500,0.00,0.0000,0.0015,0.0047,1.6053,0.0017,-0.1567
2070,-2.20,500,0.00,0.0000,0.0010,0.0018,1.6053,0.0011,-0.1586
2071,-2.40,500,0.00,0.0000,0.0002,0.0014,1.6054,0.0006,-0.1596
2072,-2.80,500,0.00,0.0000,-0.0011,0.0014,1.6055,-0.0003,-0.1609
2073,-2.10,500,0.00,0.0000,0.0009,0.0019,1.6056,0.0011,-0.1588
2074,-2.50,500,0.00,0.0000,-0.0009,0.0042,1.6057,0.0002,-0.1594
2075,-3.20,500,0.00,0.0000,-0.0027,0.0013,1.6057,-0.0013,-0.1627
2076,-0.30,500,0.00,0.0000,0.0067,0.0037,1.6057,0.0045,-0.1520
2077,-2.80,500,0.00,0.0000,-0.0017,0.0014,1.6057,-0.0006,-0.1616
2078,-0.50,500,0.00,0.0000,0.0058,0.0038,1.6058,0.0040,-0.1529
2079,-2.00,500,0.00,0.0000,0.0009,0.0012,1.6059,0.0009,-0.1591
2080,-2.10,500,0.00,0.0000,0.0005,0.0012,1.6060,0.0006,-0.1594
2081,-4.70,500,0.00,0.0000,-0.0084,0.0011,1.6061,-0.0047,-0.1685
2082,-1.60,500,0.00,0.0000,0.0015,0.0044,1.6061,0.0015,-0.1570
2083,-3.60,500,0.00,0.0000,-0.0049,0.0015,1.6061,-0.0025,-0.1648
2084,-3.80,500,0.00,0.0000,-0.0056,0.0015,1.6061,-0.0029,-0.1655
2085,-4.80,500,0.00,0.0000,-0.0089,0.0017,1.6060,-0.0049,-0.1686
2086,-2.30,500,0.00,0.0000,-0.0008,0.0041,1.6058,0.0001,-0.1593
2087,-3.00,500,0.00,0.0000,-0.0026,0.0012,1.6056,-0.0012,-0.1625
2088,-3.40,500,0.00,0.0000,-0.0041,0.0021,1.6054,-0.0019,-0.1636
2089,-3.40,500,0.00,0.0000,-0.0040,0.0015,1.6051,-0.0019,-0.1638
2090,-2.60,500,0.00,0.0000,-0.0013,0.0019,1.6048,-0.0002,-0.1609
2091,-2.70,500,0.00,0.0000,-0.0013,0.0012,1.6046,-0.0003,-0.1611
2092,-2.40,500,0.00,0.0000,-0.0009,0.0041,1.6043,0.0003,-0.1592
2093,-1.30,500,0.00,0.0000,0.0031,0.0039,1.6041,0.0026,-0.1553
2094,-1.20,500,0.00,0.0000,0.0036,0.0037,1.6039,0.0028,-0.1550
2095,-0.60,500,0.00,0.0000,0.0054,0.0044,1.6037,0.0040,-0.1527
2096,-2.80,500,0.00,0.0000,-0.0016,0.0014,1.6037,-0.0004,-0.1613
2097,-2.90,500,0.00,0.0000,-0.0020,0.0014,1.6037,-0.0006,-0.1616
2098,-0.70,500,0.00,0.0000,0.0048,0.0044,1.6037,0.0038,-0.1534
2099,3.09,207,0.00,0.0000,0.0313,0.0375,1.6037,0.0213,-0.1103
2100,-3.90,500,0.00,0.0000,-0.0058,0.0016,1.6036,-0.0028,-0.1653
2101,-1.90,500,0.00,0.0000,0.0012,0.0012,1.6036,0.0011,-0.1586
2102,-2.70,500,0.00,0.0000,-0.0018,0.0013,1.6036,-0.0006,-0.1615
2103,-3.50,500,0.00,0.0000,-0.0047,0.0009,1.6037,-0.0023,-0.1646
2104,-2.90,500,0.00,0.0000,-0.0027,0.0014,1.6039,-0.0012,-0.1624
2105,-1.40,500,0.00,0.0000,0.0016,0.0039,1.6040,0.0017,-0.1569
2106,-3.20,500,0.00,0.0000,-0.0039,0.0008,1.6041,-0.0020,-0.1639
2107,-0.80,500,0.00,0.0000,0.0033,0.0043,1.6042,0.0028,-0.1550
2108,-3.20,500,0.00,0.0000,-0.0045,0.0020,1.6044,-0.0021,-0.1639
2109,-3.20,500,0.00,0.0000,-0.0042,0.0008,1.6044,-0.0021,-0.1642
2110,-4.00,500,0.00,0.0000,-0.0072,0.0015,1.6045,-0.0037,-0.1669
2111,-3.70,500,0.00,0.0000,-0.0060,0.0015,1.6045,-0.0032,-0.1658
2112,-3.60,500,0.00,0.0000,-0.0058,0.0014,1.6044,-0.0030,-0.1656
2113,-2.10,500,0.00,0.0000,-0.0005,0.0012,1.6044,0.0001,-0.1603
2114,-1.70,500,0.00,0.0000,0.0006,0.0017,1.6043,0.0009,-0.1590
2115,-3.00,500,0.00,0.0000,-0.0035,0.0013,1.6044,-0.0017,-0.1633
2116,-4.00,500,0.00,0.0000,-0.0072,0.0020,1.6044,-0.0037,-0.1666
2117,-2.20,500,0.00,0.0000,-0.0009,0.0018,1.6044,-0.0001,-0.1604
2118,-2.60,500,0.00,0.0000,-0.0024,0.0019,1.6044,-0.0009,-0.1619
2119,-2.30,500,0.00,0.0000,-0.0012,0.0012,1.6044,-0.0002,-0.1610
2120,-3.80,500,0.00,0.0000,-0.0062,0.0014,1.6044,-0.0032,-0.1659
2121,-3.80,500,0.00,0.0000,-0.0063,0.0015,1.6044,-0.0032,-0.1660
2122,-2.60,500,0.00,0.0000,-0.0019,0.0013,1.6043,-0.0008,-0.1617
2123,-3.20,500,0.00,0.0000,-0.0039,0.0008,1.6043,-0.0019,-0.1639
2124,-2.20,500,0.00,0.0000,-0.0005,0.0012,1.6043,0.0001,-0.1604
2125,-2.30,500,0.00,0.0000,-0.0009,0.0018,1.6044,-0.0000,-0.1604
2126,-3.20,500,0.00,0.0000,-0.0039,0.0014,1.6044,-0.0018,-0.1637
2127,-1.40,500,0.00,0.0000,0.0018,0.0039,1.6045,0.0018,-0.1567
2128,-1.70,500,0.00,0.0000,0.0010,0.0039,1.6045,0.0012,-0.1575
2129,-3.20,500,0.00,0.0000,-0.0036,0.0014,1.6045,-0.0017,-0.1634
2130,-2.60,500,0.00,0.0000,-0.0017,0.0013,1.6046,-0.0005,-0.1615
2131,-2.70,500,0.00,0.0000,-0.0018,0.0013,1.6046,-0.0007,-0.1616
2132,-3.10,500,0.00,0.0000,-0.0032,0.0013,1.6047,-0.0015,-0.1630
2133,-0.70,500,0.00,0.0000,0.0042,0.0044,1.6048,0.0034,-0.1541
2134,-3.40,500,0.00,0.0000,-0.0043,0.0015,1.6049,-0.0020,-0.1640
2135,-2.60,500,0.00,0.0000,-0.0015,0.0013,1.6049,-0.0004,-0.1613
2136,-0.90,500,0.00,0.0000,0.0039,0.0038,1.6049,0.0030,-0.1547
2137,-3.40,500,0.00,0.0000,-0.0042,0.0015,1.6049,-0.0020,-0.1640
2138,-3.10,500,0.00,0.0000,-0.0030,0.0008,1.6049,-0.0014,-0.1631
2139,-3.30,500,0.00,0.0000,-0.0036,0.0009,1.6050,-0.0018,-0.1637
2140,-3.60,500,0.00,0.0000,-0.0046,0.0009,1.6050,-0.0023,-0.1646
2141,-3.20,500,0.00,0.0000,-0.0034,0.0014,1.6050,-0.0015,-0.1631
2142,-2.90,500,0.00,0.0000,-0.0021,0.0014,1.6050,-0.0009,-0.1619
2143,-3.20,500,0.00,0.0000,-0.0032,0.0015,1.6050,-0.0014,-0.1630
2144,-2.20,500,0.00,0.0000,0.0001,0.0019,1.6049,0.0006,-0.1594
2145,-2.10,500,0.00,0.0000,0.0007,0.0013,1.6049,0.0009,-0.1591
2146,-3.20,500,0.00,0.0000,-0.0029,0.0013,1.6049,-0.0013,-0.1627
2147,-3.40,500,0.00,0.0000,-0.0037,0.0015,1.6049,-0.0017,-0.1634
2148,-2.40,500,0.00,0.0000,-0.0002,0.0013,1.6049,0.0004,-0.1600
2149,-3.10,500,0.00,0.0000,-0.0031,0.0043,1.6049,-0.0010,-0.1614
2150,-5.10,500,0.00,0.0000,-0.0092,0.0019,1.6048,-0.0050,-0.1687
2151,-3.80,500,0.00,0.0000,-0.0048,0.0016,1.6046,-0.0023,-0.1645
2152,-2.70,500,0.00,0.0000,-0.0007,0.0014,1.6043,0.0000,-0.1604
2153,-2.10,500,0.00,0.0000,0.0014,0.0013,1.6041,0.0013,-0.1584
2154,-2.00,500,0.00,0.0000,0.0018,0.0019,1.6040,0.0016,-0.1576
2155,-3.50,500,0.00,0.0000,-0.0034,0.0016,1.6040,-0.0014,-0.1630
2156,-2.50,500,0.00,0.0000,-0.0001,0.0020,1.6040,0.0006,-0.1594
2157,-3.50,500,0.00,0.0000,-0.0031,0.0016,1.6039,-0.0013,-0.1627
2158,-3.40,500,0.00,0.0000,-0.0029,0.0016,1.6039,-0.0011,-0.1624
2159,-2.20,500,0.00,0.0000,0.0014,0.0014,1.6039,0.0013,-0.1583
2160,-2.30,500,0.00,0.0000,0.0011,0.0014,1.6040,0.0012,-0.1586
2161,-2.70,500,0.00,0.0000,-0.0003,0.0015,1.6041,0.0004,-0.1600
2162,-2.60,500,0.00,0.0000,0.0000,0.0015,1.6042,0.0006,-0.1597
2163,-2.80,500,0.00,0.0000,-0.0005,0.0015,1.6044,0.0002,-0.1601
2164,-0.70,500,0.00,0.0000,0.0060,0.0039,1.6046,0.0043,-0.1525
2165,-2.60,500,0.00,0.0000,-0.0000,0.0021,1.6048,0.0005,-0.1595
2166,-2.90,500,0.00,0.0000,-0.0009,0.0015,1.6050,-0.0002,-0.1607
2167,-2.50,500,0.00,0.0000,-0.0000,0.0020,1.6052,0.0006,-0.1595
2168,-3.40,500,0.00,0.0000,-0.0028,0.0016,1.6053,-0.0012,-0.1625
2169,-3.10,500,0.00,0.0000,-0.0020,0.0015,1.6054,-0.0007,-0.1617
2170,-3.90,500,0.00,0.0000,-0.0047,0.0017,1.6055,-0.0023,-0.1644
2171,-3.30,500,0.00,0.0000,-0.0025,0.0016,1.6055,-0.0011,-0.1623
2172,-1.50,500,0.00,0.0000,0.0032,0.0040,1.6055,0.0025,-0.1553
2173,-3.70,500,0.00,0.0000,-0.0038,0.0014,1.6055,-0.0019,-0.1637
2174,-3.20,500,0.00,0.0000,-0.0019,0.0008,1.6055,-0.0009,-0.1621
2175,-4.20,500,0.00,0.0000,-0.0055,0.0017,1.6056,-0.0029,-0.1652
2176,-2.70,500,0.00,0.0000,-0.0007,0.0021,1.6056,0.0002,-0.1602
2177,0.10,500,0.00,0.0000,0.0085,0.0043,1.6055,0.0058,-0.1499
2178,-4.80,500,0.00,0.0000,-0.0075,0.0018,1.6055,-0.0040,-0.1671
2179,-3.20,500,0.00,0.0000,-0.0022,0.0020,1.6054,-0.0008,-0.1617
2180,-2.90,500,0.00,0.0000,-0.0011,0.0015,1.6052,-0.0001,-0.1608
2181,-2.70,500,0.00,0.0000,-0.0002,0.0015,1.6051,0.0003,-0.1600
2182,-2.60,500,0.00,0.0000,-0.0000,0.0015,1.6050,0.0005,-0.1598
2183,-2.50,500,0.00,0.0000,0.0002,0.0020,1.6050,0.0007,-0.1593
2184,-2.60,500,0.00,0.0000,0.0002,0.0013,1.6049,0.0005,-0.1596
2185,-3.60,500,0.00,0.0000,-0.0032,0.0010,1.6049,-0.0015,-0.1631
2186,-2.80,500,0.00,0.0000,-0.0004,0.0015,1.6049,0.0002,-0.1602
2187,-3.20,500,0.00,0.0000,-0.0020,0.0016,1.6049,-0.0006,-0.1617
2188,-2.50,500,0.00,0.0000,0.0003,0.0020,1.6050,0.0008,-0.1592
2189,-3.00,500,0.00,0.0000,-0.0012,0.0015,1.6050,-0.0002,-0.1609
2190,-2.90,500,0.00,0.0000,-0.0009,0.0015,1.6050,0.0000,-0.1606
2191,-2.60,500,0.00,0.0000,0.0003,0.0015,1.6050,0.0006,-0.1594
2192,-3.30,500,0.00,0.0000,-0.0018,0.0008,1.6050,-0.0008,-0.1619
2193,-3.00,500,0.00,0.0000,-0.0012,0.0015,1.6051,-0.0002,-0.1610
2194,-2.10,500,0.00,0.0000,0.0017,0.0020,1.6052,0.0016,-0.1578
2195,-0.70,500,0.00,0.0000,0.0060,0.0045,1.6053,0.0044,-0.1523
2196,-3.60,500,0.00,0.0000,-0.0032,0.0016,1.6053,-0.0014,-0.1629
2197,-2.00,500,0.00,0.0000,0.0016,0.0041,1.6053,0.0017,-0.1568
2198,-1.50,500,0.00,0.0000,0.0034,0.0039,1.6053,0.0027,-0.1552
2199,-4.00,500,0.00,0.0000,-0.0047,0.0017,1.6053,-0.0024,-0.1644
2200,-2.80,500,0.00,0.0000,-0.0010,0.0021,1.6052,0.0000,-0.1605
2201,-2.70,500,0.00,0.0000,-0.0004,0.0015,1.6051,0.0002,-0.1602
2202,-1.60,500,0.00,0.0000,0.0029,0.0040,1.6051,0.0024,-0.1556
2203,-0.50,500,0.00,0.0000,0.0064,0.0038,1.6050,0.0045,-0.1521
2204,-0.50,500,0.00,0.0000,0.0061,0.0044,1.6051,0.0045,-0.1521
2205,-1.60,500,0.00,0.0000,0.0027,0.0018,1.6051,0.0022,-0.1569
2206,-1.10,500,0.00,0.0000,0.0042,0.0039,1.6051,0.0031,-0.1544
2207,-3.60,500,0.00,0.0000,-0.0043,0.0016,1.6052,-0.0020,-0.1640
2208,-1.70,500,0.00,0.0000,0.0020,0.0018,1.6053,0.0017,-0.1576
2209,-2.60,500,0.00,0.0000,-0.0012,0.0020,1.6054,-0.0002,-0.1608
2210,-2.00,500,0.00,0.0000,0.0009,0.0012,1.6054,0.0009,-0.1590
2211,-4.10,500,0.00,0.0000,-0.0063,0.0010,1.6055,-0.0033,-0.1663
2212,-2.50,500,0.00,0.0000,-0.0010,0.0013,1.6055,-0.0002,-0.1609
2213,-2.70,500,0.00,0.0000,-0.0019,0.0019,1.6055,-0.0006,-0.1615
2214,-3.10,500,0.00,0.0000,-0.0030,0.0014,1.6055,-0.0014,-0.1629
2215,-1.40,500,0.00,0.0000,0.0023,0.0037,1.6055,0.0020,-0.1564
2216,-2.60,500,0.00,0.0000,-0.0017,0.0019,1.6055,-0.0005,-0.1613
2217,-2.80,500,0.00,0.0000,-0.0022,0.0014,1.6055,-0.0009,-0.1621
2218,-2.00,500,0.00,0.0000,0.0003,0.0018,1.6054,0.0007,-0.1593
2219,-4.10,500,0.00,0.0000,-0.0067,0.0016,1.6054,-0.0035,-0.1664
2220,-2.90,500,0.00,0.0000,-0.0026,0.0014,1.6053,-0.0011,-0.1624
2221,-3.20,500,0.00,0.0000,-0.0036,0.0020,1.6052,-0.0017,-0.1631
2222,-2.80,500,0.00,0.0000,-0.0022,0.0014,1.6051,-0.0008,-0.1620
2223,-2.80,500,0.00,0.0000,-0.0022,0.0018,1.6050,-0.0008,-0.1618
2224,-3.70,500,0.00,0.0000,-0.0050,0.0015,1.6048,-0.0026,-0.1648
2225,-2.00,500,0.00,0.0000,0.0007,0.0012,1.6047,0.0009,-0.1591
2226,-3.00,500,0.00,0.0000,-0.0025,0.0008,1.6046,-0.0011,-0.1625
2227,-2.50,500,0.00,0.0000,-0.0009,0.0013,1.6046,-0.0001,-0.1607
2228,-3.00,500,0.00,0.0000,-0.0026,0.0014,1.6046,-0.0010,-0.1623
2229,-2.60,500,0.00,0.0000,-0.0012,0.0013,1.6045,-0.0002,-0.1609
2230,-1.50,500,0.00,0.0000,0.0022,0.0039,1.6045,0.0020,-0.1562
2231,-2.70,500,0.00,0.0000,-0.0015,0.0014,1.6045,-0.0004,-0.1612
2232,-1.50,500,0.00,0.0000,0.0020,0.0046,1.6045,0.0020,-0.1562
2233,-2.90,500,0.00,0.0000,-0.0021,0.0014,1.6045,-0.0007,-0.1619
2234,-3.30,500,0.00,0.0000,-0.0035,0.0015,1.6045,-0.0015,-0.1632
2235,-2.10,500,0.00,0.0000,0.0007,0.0013,1.6044,0.0009,-0.1591
2236,-2.80,500,0.00,0.0000,-0.0019,0.0020,1.6044,-0.0005,-0.1613
2237,-3.60,500,0.00,0.0000,-0.0043,0.0015,1.6044,-0.0021,-0.1640
2238,-2.70,500,0.00,0.0000,-0.0012,0.0008,1.6044,-0.0003,-0.1612
2239,-0.10,500,0.00,0.0000,0.0069,0.0043,1.6044,0.0049,-0.1514
2240,-2.30,500,0.00,0.0000,0.0002,0.0013,1.6045,0.0005,-0.1596
2241,-2.50,500,0.00,0.0000,-0.0007,0.0013,1.6046,0.0001,-0.1605
2242,-3.00,500,0.00,0.0000,-0.0023,0.0014,1.6047,-0.0009,-0.1621
2243,-1.70,500,0.00,0.0000,0.0018,0.0018,1.6049,0.0016,-0.1577
2244,-2.40,500,0.00,0.0000,-0.0006,0.0019,1.6050,0.0002,-0.1601
2245,-3.10,500,0.00,0.0000,-0.0029,0.0014,1.6051,-0.0012,-0.1627
2246,-3.70,500,0.00,0.0000,-0.0050,0.0016,1.6052,-0.0024,-0.1647
2247,-1.70,500,0.00,0.0000,0.0018,0.0018,1.6052,0.0016,-0.1579
2248,-3.30,500,0.00,0.0000,-0.0036,0.0015,1.6053,-0.0016,-0.1634
2249,-2.60,500,0.00,0.0000,-0.0010,0.0012,1.6053,-0.0002,-0.1610
2250,-1.60,500,0.00,0.0000,0.0021,0.0018,1.6053,0.0018,-0.1575
2251,-3.90,500,0.00,0.0000,-0.0055,0.0016,1.6054,-0.0029,-0.1652
2252,-3.30,500,0.00,0.0000,-0.0036,0.0015,1.6054,-0.0016,-0.1634
2253,-2.50,500,0.00,0.0000,-0.0010,0.0019,1.6054,-0.0000,-0.1605
2254,-0.30,500,0.00,0.0000,0.0061,0.0043,1.6054,0.0044,-0.1522
2255,-2.70,500,0.00,0.0000,-0.0012,0.0008,1.6053,-0.0004,-0.1614
2256,-2.60,500,0.00,0.0000,-0.0010,0.0013,1.6054,-0.0002,-0.1608
2257,-2.40,500,0.00,0.0000,-0.0002,0.0007,1.6054,0.0002,-0.1604
2258,-2.50,500,0.00,0.0000,-0.0008,0.0013,1.6055,-0.0000,-0.1606
2259,-1.90,500,0.00,0.0000,0.0011,0.0018,1.6056,0.0012,-0.1585
2260,-1.20,500,0.00,0.0000,0.0032,0.0039,1.6057,0.0026,-0.1554
2261,-4.60,500,0.00,0.0000,-0.0078,0.0011,1.6058,-0.0043,-0.1678
2262,-2.80,500,0.00,0.0000,-0.0018,0.0014,1.6057,-0.0006,-0.1617
2263,-0.60,500,0.00,0.0000,0.0052,0.0044,1.6057,0.0038,-0.1532
2264,-3.80,500,0.00,0.0000,-0.0052,0.0016,1.6057,-0.0026,-0.1650
2265,-2.00,500,0.00,0.0000,0.0010,0.0018,1.6056,0.0010,-0.1587
2266,-2.90,500,0.00,0.0000,-0.0020,0.0014,1.6056,-0.0008,-0.1618
2267,-2.70,500,0.00,0.0000,-0.0013,0.0014,1.6056,-0.0004,-0.1612
2268,-4.20,500,0.00,0.0000,-0.0064,0.0010,1.6056,-0.0034,-0.1664
2269,-2.70,500,0.00,0.0000,-0.0012,0.0012,1.6056,-0.0004,-0.1612
2270,-2.30,500,0.00,0.0000,-0.0000,0.0019,1.6055,0.0004,-0.1596
2271,-2.80,500,0.00,0.0000,-0.0017,0.0020,1.6055,-0.0006,-0.1613
2272,-1.60,500,0.00,0.0000,0.0024,0.0012,1.6055,0.0019,-0.1575
2273,-2.50,500,0.00,0.0000,-0.0006,0.0013,1.6056,0.0001,-0.1605
2274,-2.60,500,0.00,0.0000,-0.0010,0.0020,1.6056,-0.0001,-0.1605
2275,-3.80,500,0.00,0.0000,-0.0052,0.0022,1.6056,-0.0025,-0.1647
2276,-3.80,500,0.00,0.0000,-0.0050,0.0016,1.6056,-0.0025,-0.1648
2277,-3.40,500,0.00,0.0000,-0.0038,0.0021,1.6055,-0.0017,-0.1633
2278,-2.60,500,0.00,0.0000,-0.0008,0.0014,1.6053,-0.0000,-0.1607
2279,-4.10,500,0.00,0.0000,-0.0058,0.0011,1.6051,-0.0030,-0.1657
2280,-3.20,500,0.00,0.0000,-0.0030,0.0021,1.6050,-0.0011,-0.1624
2281,-2.70,500,0.00,0.0000,-0.0010,0.0014,1.6047,-0.0001,-0.1607
2282,-1.20,500,0.00,0.0000,0.0037,0.0039,1.6045,0.0030,-0.1548
2283,-2.00,500,0.00,0.0000,0.0015,0.0019,1.6043,0.0014,-0.1580
2284,-2.70,500,0.00,0.0000,-0.0008,0.0014,1.6042,0.0000,-0.1606
2285,-3.20,500,0.00,0.0000,-0.0026,0.0021,1.6042,-0.0010,-0.1620
2286,-2.90,500,0.00,0.0000,-0.0016,0.0015,1.6041,-0.0003,-0.1612
2287,-2.30,500,0.00,0.0000,0.0004,0.0020,1.6040,0.0009,-0.1591
2288,-2.20,500,0.00,0.0000,0.0009,0.0019,1.6039,0.0011,-0.1585
2289,-1.80,500,0.00,0.0000,0.0021,0.0019,1.6039,0.0019,-0.1574
2290,-2.50,500,0.00,0.0000,-0.0001,0.0014,1.6040,0.0004,-0.1599
2291,-1.50,500,0.00,0.0000,0.0027,0.0040,1.6041,0.0024,-0.1558
2292,-3.30,500,0.00,0.0000,-0.0031,0.0015,1.6042,-0.0012,-0.1627
2293,-1.50,500,0.00,0.0000,0.0028,0.0038,1.6042,0.0023,-0.1557
2294,-2.50,500,0.00,0.0000,-0.0003,0.0020,1.6043,0.0003,-0.1597
2295,-2.90,500,0.00,0.0000,-0.0014,0.0008,1.6044,-0.0005,-0.1614
2296,-1.00,500,0.00,0.0000,0.0044,0.0039,1.6046,0.0032,-0.1541
2297,-0.90,500,0.00,0.0000,0.0043,0.0045,1.6048,0.0034,-0.1539
2298,-3.70,500,0.00,0.0000,-0.0047,0.0016,1.6050,-0.0023,-0.1644
2299,-2.80,500,0.00,0.0000,-0.0018,0.0020,1.6051,-0.0005,-0.1614
2300,-4.10,500,0.00,0.0000,-0.0060,0.0010,1.6052,-0.0031,-0.1660
2301,-3.90,500,0.00,0.0000,-0.0053,0.0016,1.6052,-0.0028,-0.1651
2302,-2.80,500,0.00,0.0000,-0.0015,0.0014,1.6052,-0.0005,-0.1614
2303,-3.10,500,0.00,0.0000,-0.0029,0.0021,1.6052,-0.0011,-0.1624
2304,-2.70,500,0.00,0.0000,-0.0011,0.0014,1.6051,-0.0003,-0.1609
2305,-2.80,500,0.00,0.0000,-0.0016,0.0014,1.6051,-0.0005,-0.1614
2306,-2.90,500,0.00,0.0000,-0.0019,0.0014,1.6051,-0.0006,-0.1617
2307,-1.10,500,0.00,0.0000,0.0038,0.0039,1.6051,0.0030,-0.1548
2308,-4.60,500,0.00,0.0000,-0.0073,0.0011,1.6050,-0.0040,-0.1673
2309,-2.80,500,0.00,0.0000,-0.0013,0.0014,1.6050,-0.0004,-0.1611
2310,-3.60,500,0.00,0.0000,-0.0043,0.0022,1.6049,-0.0019,-0.1637
2311,-3.30,500,0.00,0.0000,-0.0033,0.0021,1.6048,-0.0013,-0.1627
2312,-1.80,500,0.00,0.0000,0.0016,0.0041,1.6047,0.0018,-0.1568
2313,-1.20,500,0.00,0.0000,0.0035,0.0045,1.6045,0.0030,-0.1547
2314,-2.80,500,0.00,0.0000,-0.0012,0.0014,1.6043,-0.0002,-0.1609
2315,-2.30,500,0.00,0.0000,0.0004,0.0020,1.6041,0.0008,-0.1591
2316,-0.40,500,0.00,0.0000,0.0065,0.0044,1.6040,0.0046,-0.1517
2317,-2.40,500,0.00,0.0000,-0.0001,0.0020,1.6039,0.0006,-0.1595
2318,-1.30,500,0.00,0.0000,0.0030,0.0046,1.6039,0.0028,-0.1551
2319,-3.20,500,0.00,0.0000,-0.0026,0.0015,1.6038,-0.0011,-0.1622
2320,-3.40,500,0.00,0.0000,-0.0035,0.0015,1.6038,-0.0015,-0.1631
2321,-2.30,500,0.00,0.0000,0.0004,0.0013,1.6037,0.0007,-0.1593
2322,-2.30,500,0.00,0.0000,0.0004,0.0013,1.6038,0.0006,-0.1594
2323,-2.50,500,0.00,0.0000,-0.0007,0.0020,1.6039,0.0002,-0.1602
2324,-3.10,500,0.00,0.0000,-0.0027,0.0021,1.6041,-0.0011,-0.1621
2325,-3.20,500,0.00,0.0000,-0.0031,0.0021,1.6042,-0.0013,-0.1625
2326,-2.20,500,0.00,0.0000,-0.0002,0.0041,1.6043,0.0007,-0.1586
2327,-3.30,500,0.00,0.0000,-0.0035,0.0015,1.6043,-0.0015,-0.1632
2328,-3.90,500,0.00,0.0000,-0.0053,0.0010,1.6043,-0.0027,-0.1652
2329,-3.00,500,0.00,0.0000,-0.0024,0.0014,1.6043,-0.0009,-0.1621
2330,-2.40,500,0.00,0.0000,-0.0003,0.0013,1.6043,0.0003,-0.1601
2331,-2.90,500,0.00,0.0000,-0.0016,0.0008,1.6043,-0.0007,-0.1616
2332,-3.40,500,0.00,0.0000,-0.0033,0.0009,1.6044,-0.0016,-0.1633
2333,-2.10,500,0.00,0.0000,0.0006,0.0019,1.6045,0.0010,-0.1589
2334,-3.20,500,0.00,0.0000,-0.0030,0.0019,1.6046,-0.0012,-0.1625
2335,-2.60,500,0.00,0.0000,-0.0008,0.0014,1.6047,-0.0000,-0.1606
2336,-3.30,500,0.00,0.0000,-0.0031,0.0015,1.6048,-0.0014,-0.1628
2337,-3.70,500,0.00,0.0000,-0.0042,0.0008,1.6049,-0.0022,-0.1643
2338,-1.90,500,0.00,0.0000,0.0017,0.0013,1.6050,0.0015,-0.1582
2339,-1.80,500,0.00,0.0000,0.0016,0.0040,1.6052,0.0017,-0.1569
2340,-3.20,500,0.00,0.0000,-0.0027,0.0015,1.6052,-0.0011,-0.1625
2341,-2.00,500,0.00,0.0000,0.0013,0.0019,1.6053,0.0013,-0.1583
2342,-2.40,500,0.00,0.0000,0.0001,0.0014,1.6053,0.0005,-0.1598
2343,-3.50,500,0.00,0.0000,-0.0037,0.0016,1.6054,-0.0017,-0.1634
2344,-2.40,500,0.00,0.0000,-0.0000,0.0020,1.6054,0.0005,-0.1596
2345,-2.00,500,0.00,0.0000,0.0015,0.0019,1.6054,0.0013,-0.1581
2346,-5.00,500,0.00,0.0000,-0.0086,0.0018,1.6054,-0.0047,-0.1683
2347,-3.90,500,0.00,0.0000,-0.0048,0.0010,1.6054,-0.0024,-0.1648
2348,-2.70,500,0.00,0.0000,-0.0008,0.0014,1.6053,0.0000,-0.1606
2349,-3.20,500,0.00,0.0000,-0.0025,0.0015,1.6052,-0.0009,-0.1623
2350,-2.70,500,0.00,0.0000,-0.0007,0.0014,1.6051,0.0001,-0.1604
2351,-3.00,500,0.00,0.0000,-0.0014,0.0015,1.6049,-0.0005,-0.1612
2352,-1.90,500,0.00,0.0000,0.0024,0.0013,1.6049,0.0018,-0.1574
2353,-2.70,500,0.00,0.0000,-0.0005,0.0015,1.6049,0.0002,-0.1603
2354,-3.10,500,0.00,0.0000,-0.0019,0.0019,1.6050,-0.0006,-0.1614
2355,-1.40,500,0.00,0.0000,0.0038,0.0018,1.6050,0.0028,-0.1558
2356,-3.40,500,0.00,0.0000,-0.0029,0.0016,1.6051,-0.0012,-0.1626
2357,-1.80,500,0.00,0.0000,0.0021,0.0041,1.6051,0.0020,-0.1564
2358,-3.80,500,0.00,0.0000,-0.0041,0.0011,1.6051,-0.0020,-0.1641
2359,-3.30,500,0.00,0.0000,-0.0028,0.0022,1.6051,-0.0010,-0.1622
2360,-2.30,500,0.00,0.0000,0.0011,0.0014,1.6050,0.0010,-0.1588
2361,-3.60,500,0.00,0.0000,-0.0032,0.0010,1.6050,-0.0016,-0.1632
2362,-1.80,500,0.00,0.0000,0.0024,0.0028,1.6050,0.0020,-0.1567
2363,-3.60,500,0.00,0.0000,-0.0038,0.0022,1.6051,-0.0016,-0.1632
2364,-1.80,500,0.00,0.0000,0.0024,0.0019,1.6050,0.0020,-0.1571
2365,-2.60,500,0.00,0.0000,-0.0005,0.0042,1.6050,0.0004,-0.1589
2366,-3.80,500,0.00,0.0000,-0.0041,0.0017,1.6049,-0.0020,-0.1638
2367,-3.40,500,0.00,0.0000,-0.0029,0.0016,1.6049,-0.0012,-0.1626
2368,-2.50,500,0.00,0.0000,0.0000,0.0020,1.6047,0.0006,-0.1594
2369,-2.40,500,0.00,0.0000,0.0006,0.0014,1.6046,0.0009,-0.1592
2370,-2.80,500,0.00,0.0000,-0.0008,0.0015,1.6046,0.0001,-0.1605
2371,-2.30,500,0.00,0.0000,0.0007,0.0020,1.6045,0.0011,-0.1588
2372,-1.80,500,0.00,0.0000,0.0021,0.0041,1.6045,0.0020,-0.1563
2373,-3.90,500,0.00,0.0000,-0.0049,0.0023,1.6044,-0.0022,-0.1642
2374,-2.60,500,0.00,0.0000,-0.0002,0.0014,1.6042,0.0004,-0.1599
2375,-2.20,500,0.00,0.0000,0.0014,0.0014,1.6041,0.0012,-0.1584
2376,-4.50,500,0.00,0.0000,-0.0068,0.0018,1.6041,-0.0034,-0.1663
2377,-2.10,500,0.00,0.0000,0.0009,0.0042,1.6041,0.0014,-0.1574
2378,-4.60,500,0.00,0.0000,-0.0067,0.0012,1.6039,-0.0036,-0.1665
2379,-1.70,500,0.00,0.0000,0.0030,0.0019,1.6038,0.0023,-0.1565
2380,1.71,391,0.00,0.0000,0.0149,0.0208,1.6038,0.0103,-0.1351
2381,-2.30,500,0.00,0.0000,0.0009,0.0014,1.6038,0.0010,-0.1588
2382,-2.20,500,0.00,0.0000,0.0009,0.0020,1.6038,0.0012,-0.1585
2383,-0.20,500,0.00,0.0000,0.0071,0.0044,1.6039,0.0051,-0.1511
2384,-2.50,500,0.00,0.0000,0.0000,0.0014,1.6040,0.0004,-0.1597
2385,-2.80,500,0.00,0.0000,-0.0013,0.0014,1.6042,-0.0003,-0.1610
2386,-2.10,500,0.00,0.0000,0.0008,0.0019,1.6044,0.0011,-0.1587
2387,-2.30,500,0.00,0.0000,-0.0000,0.0019,1.6046,0.0006,-0.1595
2388,-3.30,500,0.00,0.0000,-0.0034,0.0015,1.6047,-0.0015,-0.1632
2389,-3.30,500,0.00,0.0000,-0.0035,0.0021,1.6048,-0.0016,-0.1630
2390,-3.70,500,0.00,0.0000,-0.0048,0.0016,1.6049,-0.0024,-0.1645
2391,-2.40,500,0.00,0.0000,-0.0005,0.0013,1.6049,0.0002,-0.1604
2392,-0.90,500,0.00,0.0000,0.0041,0.0038,1.6050,0.0031,-0.1545
2393,-2.00,500,0.00,0.0000,0.0008,0.0012,1.6051,0.0009,-0.1591
2394,-3.90,500,0.00,0.0000,-0.0058,0.0016,1.6052,-0.0029,-0.1655
2395,-4.30,500,0.00,0.0000,-0.0072,0.0016,1.6052,-0.0038,-0.1669
2396,-0.80,500,0.00,0.0000,0.0043,0.0038,1.6051,0.0033,-0.1543
2397,-3.90,500,0.00,0.0000,-0.0058,0.0016,1.6051,-0.0029,-0.1655
2398,-3.50,500,0.00,0.0000,-0.0044,0.0015,1.6050,-0.0021,-0.1642
2399,-2.80,500,0.00,0.0000,-0.0020,0.0014,1.6049,-0.0007,-0.1618
2400,-0.60,500,0.00,0.0000,0.0050,0.0044,1.6047,0.0037,-0.1532
2401,-1.10,500,0.00,0.0000,0.0035,0.0037,1.6047,0.0027,-0.1551
2402,-3.00,500,0.00,0.0000,-0.0025,0.0008,1.6046,-0.0011,-0.1625
2403,-2.50,500,0.00,0.0000,-0.0010,0.0019,1.6046,-0.0001,-0.1605
2404,-3.30,500,0.00,0.0000,-0.0037,0.0015,1.6046,-0.0017,-0.1635
2405,-3.10,500,0.00,0.0000,-0.0029,0.0014,1.6046,-0.0013,-0.1626
2406,-1.80,500,0.00,0.0000,0.0016,0.0012,1.6046,0.0013,-0.1582
2407,-2.30,500,0.00,0.0000,-0.0004,0.0019,1.6047,0.0003,-0.1600
2408,-3.60,500,0.00,0.0000,-0.0048,0.0015,1.6048,-0.0023,-0.1645
2409,-3.30,500,0.00,0.0000,-0.0037,0.0015,1.6048,-0.0017,-0.1635
2410,-2.50,500,0.00,0.0000,-0.0011,0.0019,1.6047,-0.0001,-0.1606
2411,-3.00,500,0.00,0.0000,-0.0025,0.0014,1.6047,-0.0011,-0.1622
2412,-2.10,500,0.00,0.0000,-0.0000,0.0041,1.6047,0.0008,-0.1585
2413,-3.50,500,0.00,0.0000,-0.0041,0.0009,1.6046,-0.0020,-0.1641
2414,-2.80,500,0.00,0.0000,-0.0019,0.0014,1.6046,-0.0006,-0.1616
2415,-2.00,500,0.00,0.0000,0.0006,0.0039,1.6045,0.0010,-0.1580
2416,-2.80,500,0.00,0.0000,-0.0016,0.0014,1.6045,-0.0006,-0.1614
2417,-4.20,500,0.00,0.0000,-0.0066,0.0017,1.6045,-0.0033,-0.1662
2418,-3.30,500,0.00,0.0000,-0.0034,0.0015,1.6044,-0.0015,-0.1631
2419,-3.00,500,0.00,0.0000,-0.0023,0.0014,1.6043,-0.0009,-0.1620
2420,-2.00,500,0.00,0.0000,0.0012,0.0019,1.6042,0.0012,-0.1583
2421,-3.50,500,0.00,0.0000,-0.0037,0.0009,1.6042,-0.0018,-0.1637
2422,-1.40,500,0.00,0.0000,0.0029,0.0040,1.6042,0.0024,-0.1555
2423,-2.00,500,0.00,0.0000,0.0007,0.0041,1.6043,0.0013,-0.1577
2424,-1.30,500,0.00,0.0000,0.0029,0.0045,1.6043,0.0027,-0.1552
2425,-3.40,500,0.00,0.0000,-0.0034,0.0015,1.6042,-0.0015,-0.1630
2426,-2.60,500,0.00,0.0000,-0.0006,0.0014,1.6042,0.0001,-0.1603
2427,-2.90,500,0.00,0.0000,-0.0016,0.0014,1.6042,-0.0005,-0.1613
2428,-3.60,500,0.00,0.0000,-0.0040,0.0010,1.6043,-0.0019,-0.1640
2429,-1.50,500,0.00,0.0000,0.0025,0.0040,1.6044,0.0023,-0.1559
2430,-2.60,500,0.00,0.0000,-0.0009,0.0020,1.6044,0.0001,-0.1604
2431,-4.00,500,0.00,0.0000,-0.0056,0.0017,1.6044,-0.0027,-0.1652
2432,-2.80,500,0.00,0.0000,-0.0012,0.0014,1.6044,-0.0003,-0.1609
2433,-3.90,500,0.00,0.0000,-0.0050,0.0010,1.6044,-0.0025,-0.1649
2434,-3.20,500,0.00,0.0000,-0.0025,0.0015,1.6044,-0.0011,-0.1622
2435,-2.50,500,0.00,0.0000,-0.0003,0.0020,1.6044,0.0004,-0.1597
2436,-3.80,500,0.00,0.0000,-0.0043,0.0010,1.6044,-0.0022,-0.1642
2437,-3.50,500,0.00,0.0000,-0.0034,0.0010,1.6045,-0.0016,-0.1634
2438,-1.50,500,0.00,0.0000,0.0028,0.0040,1.6045,0.0025,-0.1556
2439,-3.40,500,0.00,0.0000,-0.0029,0.0016,1.6046,-0.0013,-0.1626
2440,-2.50,500,0.00,0.0000,0.0000,0.0014,1.6046,0.0005,-0.1597
2441,-3.30,500,0.00,0.0000,-0.0029,0.0022,1.6047,-0.0011,-0.1623
2442,-2.90,500,0.00,0.0000,-0.0013,0.0015,1.6047,-0.0003,-0.1610
2443,-3.50,500,0.00,0.0000,-0.0032,0.0016,1.6047,-0.0014,-0.1628
2444,-3.50,500,0.00,0.0000,-0.0033,0.0016,1.6047,-0.0014,-0.1630
2445,-1.40,500,0.00,0.0000,0.0035,0.0040,1.6046,0.0028,-0.1550
2446,-4.00,500,0.00,0.0000,-0.0049,0.0017,1.6046,-0.0023,-0.1645
2447,-3.50,500,0.00,0.0000,-0.0029,0.0010,1.6045,-0.0013,-0.1629
2448,-2.80,500,0.00,0.0000,-0.0007,0.0015,1.6044,0.0001,-0.1604
2449,-1.50,500,0.00,0.0000,0.0035,0.0041,1.6043,0.0028,-0.1549
2450,2.81,285,0.00,0.0000,0.0244,0.0283,1.6043,0.0164,-0.1219
2451,-1.90,500,0.00,0.0000,0.0018,0.0041,1.6043,0.0019,-0.1566
2452,-3.20,500,0.00,0.0000,-0.0025,0.0022,1.6042,-0.0008,-0.1618
2453,-3.40,500,0.00,0.0000,-0.0029,0.0016,1.6041,-0.0012,-0.1625
2454,-2.60,500,0.00,0.0000,-0.0004,0.0014,1.6040,0.0003,-0.1601
2455,-1.80,500,0.00,0.0000,0.0021,0.0019,1.6040,0.0018,-0.1574
2456,-3.10,500,0.00,0.0000,-0.0025,0.0021,1.6040,-0.0008,-0.1619
2457,-1.50,500,0.00,0.0000,0.0025,0.0046,1.6040,0.0023,-0.1556
2458,-3.40,500,0.00,0.0000,-0.0036,0.0021,1.6040,-0.0016,-0.1629
2459,-3.00,500,0.00,0.0000,-0.0023,0.0015,1.6040,-0.0008,-0.1620
2460,-3.00,500,0.00,0.0000,-0.0024,0.0014,1.6039,-0.0008,-0.1620
2461,-3.30,500,0.00,0.0000,-0.0034,0.0021,1.6039,-0.0015,-0.1628
2462,-2.40,500,0.00,0.0000,-0.0005,0.0019,1.6039,0.0003,-0.1599
2463,-4.20,500,0.00,0.0000,-0.0064,0.0011,1.6039,-0.0033,-0.1662
2464,3.30,301,0.00,0.0000,0.0249,0.0257,1.6039,0.0166,-0.1226
2465,-2.90,500,0.00,0.0000,-0.0020,0.0014,1.6039,-0.0008,-0.1617
2466,-2.00,500,0.00,0.0000,0.0008,0.0017,1.6040,0.0009,-0.1588
2467,-2.50,500,0.00,0.0000,-0.0009,0.0013,1.6041,-0.0001,-0.1607
2468,-2.30,500,0.00,0.0000,-0.0003,0.0013,1.6043,0.0002,-0.1601
2469,-1.40,500,0.00,0.0000,0.0021,0.0039,1.6045,0.0019,-0.1564
2470,-2.40,500,0.00,0.0000,-0.0012,0.0019,1.6047,-0.0001,-0.1607
2471,-3.10,500,0.00,0.0000,-0.0033,0.0008,1.6049,-0.0016,-0.1634
2472,-3.50,500,0.00,0.0000,-0.0051,0.0021,1.6051,-0.0025,-0.1646
2473,-2.60,500,0.00,0.0000,-0.0019,0.0013,1.6052,-0.0007,-0.1618
2474,-2.90,500,0.00,0.0000,-0.0029,0.0013,1.6053,-0.0013,-0.1628
2475,-3.20,500,0.00,0.0000,-0.0042,0.0020,1.6053,-0.0019,-0.1637
2476,-2.60,500,0.00,0.0000,-0.0019,0.0013,1.6053,-0.0007,-0.1618
2477,-3.10,500,0.00,0.0000,-0.0034,0.0008,1.6053,-0.0017,-0.1636
2478,-5.10,500,0.00,0.0000,-0.0102,0.0012,1.6053,-0.0057,-0.1701
2479,-1.30,500,0.00,0.0000,0.0021,0.0038,1.6052,0.0019,-0.1565
2480,-3.10,500,0.00,0.0000,-0.0035,0.0014,1.6052,-0.0017,-0.1634
2481,-1.00,500,0.00,0.0000,0.0032,0.0038,1.6051,0.0026,-0.1554
2482,-2.60,500,0.00,0.0000,-0.0018,0.0019,1.6050,-0.0006,-0.1613
2483,-2.40,500,0.00,0.0000,-0.0010,0.0013,1.6049,-0.0002,-0.1609
2484,-2.60,500,0.00,0.0000,-0.0017,0.0019,1.6049,-0.0006,-0.1613
2485,-1.40,500,0.00,0.0000,0.0019,0.0039,1.6048,0.0019,-0.1567
2486,-4.40,500,0.00,0.0000,-0.0077,0.0010,1.6048,-0.0041,-0.1676
2487,-3.70,500,0.00,0.0000,-0.0054,0.0015,1.6047,-0.0027,-0.1652
2488,-2.50,500,0.00,0.0000,-0.0012,0.0013,1.6046,-0.0003,-0.1610
2489,-2.40,500,0.00,0.0000,-0.0010,0.0019,1.6045,-0.0000,-0.1605
2490,-2.00,500,0.00,0.0000,0.0007,0.0012,1.6044,0.0008,-0.1591
2491,-2.40,500,0.00,0.0000,-0.0006,0.0013,1.6044,0.0000,-0.1604
2492,-2.30,500,0.00,0.0000,-0.0005,0.0019,1.6044,0.0002,-0.1600
2493,-2.70,500,0.00,0.0000,-0.0018,0.0013,1.6045,-0.0006,-0.1616
2494,-2.00,500,0.00,0.0000,0.0006,0.0012,1.6046,0.0008,-0.1592
2495,-2.70,500,0.00,0.0000,-0.0020,0.0019,1.6048,-0.0006,-0.1615
2496,-4.80,500,0.00,0.0000,-0.0088,0.0011,1.6048,-0.0048,-0.1687
2497,-3.20,500,0.00,0.0000,-0.0035,0.0014,1.6048,-0.0016,-0.1632
2498,-4.10,500,0.00,0.0000,-0.0063,0.0010,1.6048,-0.0033,-0.1663
2499,-1.50,500,0.00,0.0000,0.0020,0.0039,1.6048,0.0019,-0.1566
2500,-4.20,500,0.00,0.0000,-0.0064,0.0010,1.6047,-0.0035,-0.1663
2501,-3.30,500,0.00,0.0000,-0.0036,0.0015,1.6047,-0.0016,-0.1633
2502,-3.30,500,0.00,0.0000,-0.0035,0.0015,1.6046,-0.0015,-0.1632
2503,-2.70,500,0.00,0.0000,-0.0015,0.0020,1.6045,-0.0003,-0.1610
2504,-2.00,500,0.00,0.0000,0.0012,0.0019,1.6043,0.0012,-0.1583
2505,-1.30,500,0.00,0.0000,0.0028,0.0045,1.6043,0.0026,-0.1553
2506,-0.70,500,0.00,0.0000,0.0054,0.0038,1.6042,0.0038,-0.1531
2507,-3.50,500,0.00,0.0000,-0.0039,0.0016,1.6042,-0.0018,-0.1636
2508,-2.20,500,0.00,0.0000,0.0006,0.0013,1.6042,0.0008,-0.1592
2509,-3.20,500,0.00,0.0000,-0.0029,0.0015,1.6043,-0.0012,-0.1626
2510,-1.90,500,0.00,0.0000,0.0016,0.0019,1.6043,0.0015,-0.1579
2511,-4.00,500,0.00,0.0000,-0.0058,0.0022,1.6044,-0.0028,-0.1651
2512,-3.00,500,0.00,0.0000,-0.0022,0.0015,1.6043,-0.0007,-0.1619
2513,-3.70,500,0.00,0.0000,-0.0043,0.0010,1.6043,-0.0021,-0.1643
2514,-2.50,500,0.00,0.0000,-0.0004,0.0014,1.6043,0.0003,-0.1601
2515,-2.90,500,0.00,0.0000,-0.0017,0.0021,1.6043,-0.0005,-0.1611
2516,-3.20,500,0.00,0.0000,-0.0025,0.0015,1.6043,-0.0011,-0.1622
2517,-4.10,500,0.00,0.0000,-0.0056,0.0017,1.6043,-0.0028,-0.1652
2518,-2.10,500,0.00,0.0000,0.0010,0.0019,1.6043,0.0012,-0.1585
2519,-1.30,500,0.00,0.0000,0.0036,0.0040,1.6043,0.0028,-0.1548
2520,-3.50,500,0.00,0.0000,-0.0036,0.0016,1.6044,-0.0016,-0.1633
2521,-0.80,500,0.00,0.0000,0.0054,0.0039,1.6044,0.0038,-0.1531
2522,-3.90,500,0.00,0.0000,-0.0048,0.0017,1.6045,-0.0024,-0.1644
2523,-3.20,500,0.00,0.0000,-0.0025,0.0015,1.6045,-0.0010,-0.1622
2524,-1.50,500,0.00,0.0000,0.0026,0.0046,1.6045,0.0025,-0.1556
2525,-4.30,500,0.00,0.0000,-0.0065,0.0023,1.6045,-0.0031,-0.1658
2526,-3.40,500,0.00,0.0000,-0.0032,0.0016,1.6043,-0.0013,-0.1628
2527,-3.60,500,0.00,0.0000,-0.0039,0.0016,1.6042,-0.0017,-0.1635
2528,-2.70,500,0.00,0.0000,-0.0007,0.0014,1.6040,0.0002,-0.1604
2529,-3.30,500,0.00,0.0000,-0.0025,0.0016,1.6038,-0.0010,-0.1621
2530,-3.30,500,0.00,0.0000,-0.0027,0.0016,1.6037,-0.0010,-0.1622
2531,-3.60,500,0.00,0.0000,-0.0037,0.0016,1.6036,-0.0015,-0.1632
2532,-2.70,500,0.00,0.0000,-0.0003,0.0009,1.6035,0.0003,-0.1602
2533,-3.40,500,0.00,0.0000,-0.0033,0.0044,1.6035,-0.0011,-0.1614
2534,-2.70,500,0.00,0.0000,-0.0007,0.0043,1.6034,0.0004,-0.1589
2535,-3.30,500,0.00,0.0000,-0.0024,0.0016,1.6033,-0.0008,-0.1619
2536,-3.10,500,0.00,0.0000,-0.0016,0.0022,1.6031,-0.0003,-0.1608
2537,-2.90,500,0.00,0.0000,-0.0008,0.0021,1.6031,0.0001,-0.1601
2538,-3.10,500,0.00,0.0000,-0.0013,0.0016,1.6030,-0.0002,-0.1608
2539,-3.30,500,0.00,0.0000,-0.0019,0.0010,1.6031,-0.0006,-0.1617
2540,-2.70,500,0.00,0.0000,0.0002,0.0015,1.6032,0.0006,-0.1593
2541,-2.80,500,0.00,0.0000,-0.0003,0.0015,1.6034,0.0004,-0.1599
2542,-1.30,500,0.00,0.0000,0.0045,0.0041,1.6036,0.0034,-0.1538
2543,-1.80,500,0.00,0.0000,0.0025,0.0042,1.6038,0.0024,-0.1558
2544,-1.80,500,0.00,0.0000,0.0031,0.0013,1.6040,0.0024,-0.1566
2545,-2.70,500,0.00,0.0000,0.0001,0.0013,1.6043,0.0005,-0.1596
2546,-3.60,500,0.00,0.0000,-0.0032,0.0021,1.6046,-0.0013,-0.1626
2547,-2.80,500,0.00,0.0000,-0.0005,0.0015,1.6048,0.0002,-0.1603
2548,-3.90,500,0.00,0.0000,-0.0042,0.0011,1.6050,-0.0020,-0.1641
2549,-2.90,500,0.00,0.0000,-0.0008,0.0015,1.6052,-0.0001,-0.1605
2550,-4.10,500,0.00,0.0000,-0.0049,0.0011,1.6054,-0.0025,-0.1649
2551,-2.60,500,0.00,0.0000,0.0001,0.0015,1.6055,0.0005,-0.1597
2552,-5.00,500,0.00,0.0000,-0.0080,0.0013,1.6056,-0.0043,-0.1679
2553,-1.50,500,0.00,0.0000,0.0034,0.0041,1.6056,0.0027,-0.1551
2554,-2.10,500,0.00,0.0000,0.0014,0.0042,1.6056,0.0016,-0.1571
2555,-2.20,500,0.00,0.0000,0.0015,0.0020,1.6055,0.0014,-0.1580
2556,-3.00,500,0.00,0.0000,-0.0014,0.0021,1.6055,-0.0002,-0.1609
2557,-2.10,500,0.00,0.0000,0.0019,0.0020,1.6054,0.0016,-0.1577
2558,-0.80,500,0.00,0.0000,0.0058,0.0039,1.6053,0.0041,-0.1528
2559,-2.90,500,0.00,0.0000,-0.0010,0.0015,1.6053,-0.0001,-0.1608
2560,-4.60,500,0.00,0.0000,-0.0067,0.0016,1.6053,-0.0035,-0.1665
2561,-0.80,500,0.00,0.0000,0.0058,0.0037,1.6052,0.0041,-0.1529
2562,-3.60,500,0.00,0.0000,-0.0034,0.0010,1.6052,-0.0016,-0.1634
2563,-1.80,500,0.00,0.0000,0.0024,0.0019,1.6051,0.0020,-0.1571
2564,-1.40,500,0.00,0.0000,0.0034,0.0040,1.6051,0.0028,-0.1551
2565,-2.50,500,0.00,0.0000,0.0002,0.0014,1.6051,0.0005,-0.1596
2566,-4.00,500,0.00,0.0000,-0.0050,0.0011,1.6051,-0.0025,-0.1649
2567,-2.70,500,0.00,0.0000,-0.0007,0.0014,1.6051,0.0001,-0.1605
2568,-1.50,500,0.00,0.0000,0.0032,0.0018,1.6051,0.0024,-0.1564
2569,-2.90,500,0.00,0.0000,-0.0013,0.0013,1.6052,-0.0004,-0.1612
2570,-3.80,500,0.00,0.0000,-0.0046,0.0016,1.6052,-0.0022,-0.1644
2571,-3.70,500,0.00,0.0000,-0.0043,0.0016,1.6052,-0.0020,-0.1640
2572,-3.50,500,0.00,0.0000,-0.0035,0.0016,1.6052,-0.0016,-0.1632
2573,-4.70,500,0.00,0.0000,-0.0078,0.0018,1.6051,-0.0040,-0.1674
2574,-2.80,500,0.00,0.0000,-0.0012,0.0014,1.6049,-0.0002,-0.1609
2575,-2.50,500,0.00,0.0000,-0.0000,0.0014,1.6047,0.0005,-0.1598
2576,-3.10,500,0.00,0.0000,-0.0021,0.0015,1.6046,-0.0007,-0.1618
2577,-3.90,500,0.00,0.0000,-0.0048,0.0017,1.6045,-0.0023,-0.1645
2578,-1.70,500,0.00,0.0000,0.0028,0.0019,1.6043,0.0022,-0.1567
2579,-3.40,500,0.00,0.0000,-0.0030,0.0016,1.6042,-0.0012,-0.1626
2580,-3.00,500,0.00,0.0000,-0.0016,0.0015,1.6041,-0.0004,-0.1612
2581,-3.50,500,0.00,0.0000,-0.0030,0.0010,1.6041,-0.0013,-0.1629
2582,-2.30,500,0.00,0.0000,0.0011,0.0014,1.6040,0.0011,-0.1586
2583,-2.50,500,0.00,0.0000,0.0005,0.0014,1.6041,0.0007,-0.1592
2584,-3.00,500,0.00,0.0000,-0.0014,0.0015,1.6042,-0.0003,-0.1611
2585,-2.90,500,0.00,0.0000,-0.0011,0.0015,1.6043,-0.0001,-0.1607
2586,-1.40,500,0.00,0.0000,0.0036,0.0040,1.6045,0.0029,-0.1549
2587,-1.70,500,0.00,0.0000,0.0025,0.0041,1.6046,0.0023,-0.1559
2588,-2.90,500,0.00,0.0000,-0.0011,0.0015,1.6046,-0.0001,-0.1608
2589,-3.70,500,0.00,0.0000,-0.0037,0.0017,1.6047,-0.0017,-0.1633
2590,-2.80,500,0.00,0.0000,-0.0008,0.0015,1.6048,0.0001,-0.1605
2591,-2.70,500,0.00,0.0000,-0.0004,0.0021,1.6048,0.0003,-0.1599
2592,-2.70,500,0.00,0.0000,-0.0003,0.0015,1.6049,0.0002,-0.1600
2593,-2.30,500,0.00,0.0000,0.0009,0.0014,1.6050,0.0010,-0.1589
2594,-1.60,500,0.00,0.0000,0.0029,0.0041,1.6051,0.0024,-0.1556
2595,-2.40,500,0.00,0.0000,0.0007,0.0014,1.6052,0.0008,-0.1592
2596,-2.20,500,0.00,0.0000,0.0011,0.0020,1.6053,0.0011,-0.1584
2597,-3.60,500,0.00,0.0000,-0.0037,0.0020,1.6055,-0.0017,-0.1633
2598,-0.80,500,0.00,0.0000,0.0053,0.0045,1.6056,0.0039,-0.1530
2599,-3.00,500,0.00,0.0000,-0.0019,0.0021,1.6057,-0.0006,-0.1615
2600,-3.40,500,0.00,0.0000,-0.0032,0.0022,1.6057,-0.0014,-0.1627
2601,-2.90,500,0.00,0.0000,-0.0015,0.0015,1.6057,-0.0005,-0.1614
2602,-3.30,500,0.00,0.0000,-0.0027,0.0009,1.6057,-0.0013,-0.1628
2603,-2.10,500,0.00,0.0000,0.0008,0.0041,1.6056,0.0011,-0.1577
2604,-3.40,500,0.00,0.0000,-0.0033,0.0015,1.6056,-0.0015,-0.1631
2605,-3.50,500,0.00,0.0000,-0.0034,0.0010,1.6055,-0.0017,-0.1635
2606,-3.40,500,0.00,0.0000,-0.0033,0.0015,1.6054,-0.0015,-0.1631
2607,-1.80,500,0.00,0.0000,0.0020,0.0019,1.6053,0.0018,-0.1576
2608,-2.20,500,0.00,0.0000,0.0003,0.0041,1.6052,0.0010,-0.1581
2609,-2.70,500,0.00,0.0000,-0.0008,0.0014,1.6051,-0.0000,-0.1606
2610,-1.40,500,0.00,0.0000,0.0031,0.0058,1.6050,0.0026,-0.1545
2611,-2.30,500,0.00,0.0000,0.0007,0.0013,1.6049,0.0008,-0.1591
2612,-3.10,500,0.00,0.0000,-0.0025,0.0021,1.6048,-0.0008,-0.1619
2613,-3.50,500,0.00,0.0000,-0.0037,0.0016,1.6047,-0.0016,-0.1633
2614,-3.10,500,0.00,0.0000,-0.0023,0.0015,1.6046,-0.0008,-0.1620
2615,-2.70,500,0.00,0.0000,-0.0009,0.0014,1.6045,-0.0000,-0.1606
2616,-2.80,500,0.00,0.0000,-0.0013,0.0014,1.6044,-0.0002,-0.1610
2617,-4.00,500,0.00,0.0000,-0.0052,0.0017,1.6043,-0.0026,-0.1648
2618,-1.80,500,0.00,0.0000,0.0019,0.0041,1.6042,0.0018,-0.1565
2619,-3.50,500,0.00,0.0000,-0.0036,0.0016,1.6041,-0.0016,-0.1633
2620,-3.80,500,0.00,0.0000,-0.0047,0.0016,1.6040,-0.0021,-0.1642
2621,-3.10,500,0.00,0.0000,-0.0020,0.0015,1.6039,-0.0007,-0.1616
2622,-2.30,500,0.00,0.0000,0.0000,0.0046,1.6038,0.0009,-0.1581
2623,-0.70,500,0.00,0.0000,0.0054,0.0045,1.6036,0.0042,-0.1527
2624,-3.20,500,0.00,0.0000,-0.0025,0.0015,1.6035,-0.0009,-0.1621
2625,-1.90,500,0.00,0.0000,0.0019,0.0019,1.6034,0.0017,-0.1575
2626,-1.30,500,0.00,0.0000,0.0033,0.0046,1.6033,0.0029,-0.1547
2627,-0.90,500,0.00,0.0000,0.0048,0.0039,1.6033,0.0037,-0.1536
2628,-2.90,500,0.00,0.0000,-0.0014,0.0015,1.6033,-0.0003,-0.1610
2629,-2.70,500,0.00,0.0000,-0.0010,0.0014,1.6034,0.0000,-0.1606
2630,-3.10,500,0.00,0.0000,-0.0027,0.0021,1.6035,-0.0008,-0.1620
2631,-0.30,500,0.00,0.0000,0.0064,0.0044,1.6036,0.0047,-0.1517
2632,-0.80,500,0.00,0.0000,0.0046,0.0045,1.6037,0.0037,-0.1536
2633,-3.30,500,0.00,0.0000,-0.0036,0.0021,1.6038,-0.0014,-0.1629
2634,-3.70,500,0.00,0.0000,-0.0048,0.0016,1.6038,-0.0023,-0.1644
2635,-2.40,500,0.00,0.0000,-0.0004,0.0013,1.6038,0.0003,-0.1601
2636,-2.80,500,0.00,0.0000,-0.0018,0.0014,1.6039,-0.0005,-0.1615
2637,-1.10,500,0.00,0.0000,0.0035,0.0039,1.6039,0.0028,-0.1550
2638,-3.80,500,0.00,0.0000,-0.0054,0.0016,1.6040,-0.0026,-0.1650
2639,-1.40,500,0.00,0.0000,0.0029,0.0017,1.6041,0.0022,-0.1567
2640,-2.90,500,0.00,0.0000,-0.0024,0.0020,1.6042,-0.0009,-0.1618
2641,-3.50,500,0.00,0.0000,-0.0043,0.0015,1.6043,-0.0021,-0.1640
2642,-3.60,500,0.00,0.0000,-0.0044,0.0009,1.6044,-0.0023,-0.1644
2643,-3.30,500,0.00,0.0000,-0.0040,0.0021,1.6045,-0.0017,-0.1634
2644,3.49,213,0.00,0.0000,0.0339,0.0359,1.6045,0.0224,-0.1086
2645,-4.70,500,0.00,0.0000,-0.0087,0.0017,1.6046,-0.0046,-0.1683
2646,-3.20,500,0.00,0.0000,-0.0038,0.0020,1.6045,-0.0016,-0.1632
2647,-1.20,500,0.00,0.0000,0.0025,0.0045,1.6044,0.0024,-0.1557
2648,-2.40,500,0.00,0.0000,-0.0011,0.0019,1.6043,-0.0001,-0.1606
2649,-1.20,500,0.00,0.0000,0.0024,0.0044,1.6041,0.0023,-0.1558
2650,-3.90,500,0.00,0.0000,-0.0060,0.0016,1.6040,-0.0031,-0.1657
2651,-1.00,500,0.00,0.0000,0.0032,0.0038,1.6038,0.0027,-0.1553
2652,-2.40,500,0.00,0.0000,-0.0009,0.0013,1.6037,-0.0002,-0.1607
2653,-3.10,500,0.00,0.0000,-0.0034,0.0014,1.6037,-0.0016,-0.1631
2654,-0.60,500,0.00,0.0000,0.0044,0.0043,1.6037,0.0034,-0.1538
2655,-2.30,500,0.00,0.0000,-0.0007,0.0012,1.6037,-0.0000,-0.1605
2656,-0.40,500,0.00,0.0000,0.0050,0.0037,1.6038,0.0037,-0.1535
2657,-2.10,500,0.00,0.0000,-0.0003,0.0018,1.6039,0.0003,-0.1598
2658,-2.90,500,0.00,0.0000,-0.0032,0.0013,1.6041,-0.0014,-0.1629
2659,-4.00,500,0.00,0.0000,-0.0069,0.0015,1.6043,-0.0036,-0.1666
2660,-2.60,500,0.00,0.0000,-0.0024,0.0019,1.6044,-0.0008,-0.1619
2661,-1.30,500,0.00,0.0000,0.0017,0.0038,1.6044,0.0017,-0.1568
2662,-3.20,500,0.00,0.0000,-0.0044,0.0020,1.6045,-0.0021,-0.1639
2663,-3.60,500,0.00,0.0000,-0.0056,0.0015,1.6045,-0.0029,-0.1653
2664,-1.70,500,0.00,0.0000,0.0007,0.0017,1.6046,0.0009,-0.1589
2665,-4.20,500,0.00,0.0000,-0.0077,0.0014,1.6046,-0.0041,-0.1674
2666,-3.60,500,0.00,0.0000,-0.0056,0.0015,1.6046,-0.0029,-0.1653
2667,-1.10,500,0.00,0.0000,0.0024,0.0038,1.6046,0.0021,-0.1562
2668,-2.00,500,0.00,0.0000,-0.0006,0.0040,1.6046,0.0003,-0.1591
2669,-3.70,500,0.00,0.0000,-0.0060,0.0015,1.6045,-0.0030,-0.1657
2670,-3.80,500,0.00,0.0000,-0.0063,0.0015,1.6044,-0.0032,-0.1660
2671,-3.80,500,0.00,0.0000,-0.0061,0.0015,1.6043,-0.0032,-0.1658
2672,-2.70,500,0.00,0.0000,-0.0022,0.0013,1.6042,-0.0009,-0.1620
2673,-3.40,500,0.00,0.0000,-0.0046,0.0008,1.6041,-0.0023,-0.1645
2674,-2.80,500,0.00,0.0000,-0.0026,0.0013,1.6040,-0.0010,-0.1623
2675,-2.90,500,0.00,0.0000,-0.0029,0.0020,1.6039,-0.0012,-0.1623
2676,-3.30,500,0.00,0.0000,-0.0040,0.0014,1.6039,-0.0019,-0.1637
2677,-3.70,500,0.00,0.0000,-0.0055,0.0015,1.6038,-0.0027,-0.1651
2678,-2.80,500,0.00,0.0000,-0.0025,0.0020,1.6038,-0.0008,-0.1619
2679,-2.00,500,0.00,0.0000,0.0004,0.0018,1.6037,0.0008,-0.1591
2680,-0.30,500,0.00,0.0000,0.0057,0.0043,1.6037,0.0043,-0.1525
2681,-3.80,500,0.00,0.0000,-0.0057,0.0016,1.6037,-0.0027,-0.1652
2682,-2.40,500,0.00,0.0000,-0.0007,0.0013,1.6037,0.0001,-0.1604
2683,-2.90,500,0.00,0.0000,-0.0024,0.0014,1.6037,-0.0009,-0.1621
2684,-3.80,500,0.00,0.0000,-0.0051,0.0010,1.6037,-0.0027,-0.1650
2685,-3.60,500,0.00,0.0000,-0.0043,0.0009,1.6037,-0.0022,-0.1642
2686,-3.00,500,0.00,0.0000,-0.0026,0.0014,1.6038,-0.0010,-0.1623
2687,-1.70,500,0.00,0.0000,0.0020,0.0012,1.6039,0.0016,-0.1578
2688,-2.50,500,0.00,0.0000,-0.0010,0.0019,1.6040,0.0001,-0.1604
2689,-2.70,500,0.00,0.0000,-0.0014,0.0014,1.6042,-0.0003,-0.1612
2690,-1.80,500,0.00,0.0000,0.0011,0.0040,1.6043,0.0015,-0.1573
2691,-3.00,500,0.00,0.0000,-0.0024,0.0014,1.6044,-0.0009,-0.1621
2692,-2.50,500,0.00,0.0000,-0.0008,0.0019,1.6045,0.0001,-0.1603
2693,-1.70,500,0.00,0.0000,0.0018,0.0038,1.6046,0.0017,-0.1568
2694,-1.60,500,0.00,0.0000,0.0023,0.0018,1.6046,0.0019,-0.1572
2695,-3.00,500,0.00,0.0000,-0.0023,0.0014,1.6047,-0.0009,-0.1621
2696,-3.30,500,0.00,0.0000,-0.0034,0.0021,1.6048,-0.0015,-0.1628
2697,-3.70,500,0.00,0.0000,-0.0049,0.0022,1.6049,-0.0023,-0.1643
2698,-0.80,500,0.00,0.0000,0.0047,0.0038,1.6049,0.0035,-0.1538
2699,-3.40,500,0.00,0.0000,-0.0037,0.0015,1.6049,-0.0017,-0.1634
2700,-1.40,500,0.00,0.0000,0.0025,0.0045,1.6048,0.0023,-0.1558
2701,-2.50,500,0.00,0.0000,-0.0006,0.0020,1.6047,0.0001,-0.1601
2702,-3.50,500,0.00,0.0000,-0.0038,0.0009,1.6047,-0.0019,-0.1638
2703,-3.20,500,0.00,0.0000,-0.0030,0.0015,1.6047,-0.0013,-0.1627
2704,-3.00,500,0.00,0.0000,-0.0023,0.0014,1.6046,-0.0008,-0.1620
2705,-2.50,500,0.00,0.0000,-0.0004,0.0012,1.6045,0.0002,-0.1602
2706,-0.70,500,0.00,0.0000,0.0049,0.0044,1.6045,0.0038,-0.1533
2707,-2.90,500,0.00,0.0000,-0.0017,0.0014,1.6045,-0.0006,-0.1615
2708,-1.20,500,0.00,0.0000,0.0034,0.0039,1.6046,0.0028,-0.1551
2709,-3.20,500,0.00,0.0000,-0.0028,0.0015,1.6046,-0.0012,-0.1625
2710,-2.10,500,0.00,0.0000,0.0006,0.0019,1.6046,0.0009,-0.1589
2711,-3.80,500,0.00,0.0000,-0.0047,0.0010,1.6047,-0.0025,-0.1647
2712,-2.10,500,0.00,0.0000,0.0008,0.0019,1.6047,0.0009,-0.1588
2713,-2.00,500,0.00,0.0000,0.0006,0.0041,1.6048,0.0011,-0.1579
2714,-3.50,500,0.00,0.0000,-0.0041,0.0021,1.6049,-0.0019,-0.1635
2715,-3.60,500,0.00,0.0000,-0.0042,0.0010,1.6048,-0.0021,-0.1642
2716,-0.50,500,0.00,0.0000,0.0059,0.0038,1.6048,0.0041,-0.1527
2717,-1.80,500,0.00,0.0000,0.0011,0.0046,1.6049,0.0015,-0.1571
2718,-4.20,500,0.00,0.0000,-0.0063,0.0011,1.6049,-0.0033,-0.1663
2719,-2.30,500,0.00,0.0000,-0.0005,0.0041,1.6048,0.0005,-0.1589
2720,-1.60,500,0.00,0.0000,0.0021,0.0040,1.6047,0.0019,-0.1564
2721,-3.70,500,0.00,0.0000,-0.0048,0.0016,1.6046,-0.0023,-0.1645
2722,-1.90,500,0.00,0.0000,0.0013,0.0018,1.6045,0.0013,-0.1583
2723,-4.00,500,0.00,0.0000,-0.0056,0.0010,1.6044,-0.0029,-0.1655
2724,-2.80,500,0.00,0.0000,-0.0016,0.0014,1.6043,-0.0005,-0.1613
2725,-2.60,500,0.00,0.0000,-0.0009,0.0014,1.6042,-0.0000,-0.1607
2726,-1.70,500,0.00,0.0000,0.0017,0.0040,1.6041,0.0018,-0.1568
2727,2.00,300,0.00,0.0000,0.0176,0.0263,1.6041,0.0124,-0.1296
2728,-2.30,500,0.00,0.0000,0.0000,0.0013,1.6039,0.0006,-0.1597
2729,-3.40,500,0.00,0.0000,-0.0038,0.0021,1.6038,-0.0017,-0.1631
2730,-0.70,500,0.00,0.0000,0.0049,0.0038,1.6037,0.0037,-0.1536
2731,-3.10,500,0.00,0.0000,-0.0029,0.0015,1.6037,-0.0011,-0.1625
2732,-2.70,500,0.00,0.0000,-0.0015,0.0014,1.6036,-0.0004,-0.1612
2733,-2.20,500,0.00,0.0000,-0.0000,0.0019,1.6036,0.0006,-0.1595
2734,-1.60,500,0.00,0.0000,0.0017,0.0040,1.6037,0.0017,-0.1567
2735,-3.90,500,0.00,0.0000,-0.0059,0.0016,1.6037,-0.0029,-0.1655
2736,-1.40,500,0.00,0.0000,0.0021,0.0039,1.6037,0.0021,-0.1563
2737,-3.40,500,0.00,0.0000,-0.0042,0.0015,1.6037,-0.0019,-0.1639
2738,-2.20,500,0.00,0.0000,-0.0001,0.0013,1.6037,0.0004,-0.1598
2739,-2.50,500,0.00,0.0000,-0.0012,0.0013,1.6038,-0.0002,-0.1609
2740,-3.70,500,0.00,0.0000,-0.0054,0.0021,1.6039,-0.0026,-0.1647
2741,-3.00,500,0.00,0.0000,-0.0030,0.0014,1.6039,-0.0012,-0.1626
2742,-1.90,500,0.00,0.0000,0.0007,0.0018,1.6039,0.0010,-0.1588
2743,-3.30,500,0.00,0.0000,-0.0041,0.0014,1.6040,-0.0018,-0.1637
2744,-3.10,500,0.00,0.0000,-0.0031,0.0008,1.6040,-0.0015,-0.1631
2745,-4.00,500,0.00,0.0000,-0.0063,0.0016,1.6041,-0.0033,-0.1659
2746,-3.90,500,0.00,0.0000,-0.0057,0.0010,1.6041,-0.0030,-0.1657
2747,-1.40,500,0.00,0.0000,0.0021,0.0039,1.6041,0.0020,-0.1564
2748,-3.80,500,0.00,0.0000,-0.0055,0.0015,1.6042,-0.0028,-0.1652
2749,-4.00,500,0.00,0.0000,-0.0063,0.0016,1.6042,-0.0032,-0.1659
2750,-3.90,500,0.00,0.0000,-0.0059,0.0016,1.6041,-0.0029,-0.1655
2751,-2.40,500,0.00,0.0000,-0.0006,0.0013,1.6040,0.0001,-0.1604
2752,-2.20,500,0.00,0.0000,0.0001,0.0013,1.6039,0.0006,-0.1597
2753,-3.40,500,0.00,0.0000,-0.0035,0.0009,1.6039,-0.0018,-0.1635
2754,-3.30,500,0.00,0.0000,-0.0036,0.0015,1.6040,-0.0016,-0.1632
2755,-3.70,500,0.00,0.0000,-0.0049,0.0016,1.6040,-0.0023,-0.1645
2756,-3.00,500,0.00,0.0000,-0.0026,0.0020,1.6040,-0.0009,-0.1619
2757,-2.10,500,0.00,0.0000,0.0006,0.0019,1.6040,0.0010,-0.1588
2758,-4.10,500,0.00,0.0000,-0.0061,0.0017,1.6040,-0.0030,-0.1657
2759,-2.40,500,0.00,0.0000,-0.0001,0.0013,1.6039,0.0005,-0.1598
2760,-1.70,500,0.00,0.0000,0.0018,0.0040,1.6039,0.0019,-0.1566
2761,-2.40,500,0.00,0.0000,-0.0000,0.0014,1.6039,0.0005,-0.1597
2762,-2.30,500,0.00,0.0000,0.0004,0.0013,1.6039,0.0007,-0.1593
2763,-3.10,500,0.00,0.0000,-0.0024,0.0015,1.6040,-0.0008,-0.1620
2764,-2.20,500,0.00,0.0000,0.0004,0.0041,1.6040,0.0010,-0.1580
2765,-3.30,500,0.00,0.0000,-0.0028,0.0015,1.6041,-0.0012,-0.1625
2766,-3.20,500,0.00,0.0000,-0.0024,0.0009,1.6042,-0.0010,-0.1624
2767,-4.00,500,0.00,0.0000,-0.0053,0.0017,1.6042,-0.0026,-0.1649
2768,-3.20,500,0.00,0.0000,-0.0027,0.0021,1.6043,-0.0009,-0.1621
2769,-2.90,500,0.00,0.0000,-0.0012,0.0009,1.6042,-0.0003,-0.1612
2770,-3.60,500,0.00,0.0000,-0.0038,0.0016,1.6043,-0.0017,-0.1634
2771,-2.50,500,0.00,0.0000,0.0002,0.0014,1.6042,0.0006,-0.1595
2772,-3.00,500,0.00,0.0000,-0.0016,0.0015,1.6043,-0.0004,-0.1613
2773,-3.20,500,0.00,0.0000,-0.0021,0.0015,1.6044,-0.0008,-0.1618
2774,-2.90,500,0.00,0.0000,-0.0014,0.0021,1.6044,-0.0002,-0.1608
2775,-3.10,500,0.00,0.0000,-0.0018,0.0021,1.6045,-0.0005,-0.1612
2776,-2.80,500,0.00,0.0000,-0.0006,0.0015,1.6045,0.0001,-0.1603
2777,-3.20,500,0.00,0.0000,-0.0021,0.0016,1.6046,-0.0007,-0.1618
2778,-3.70,500,0.00,0.0000,-0.0036,0.0017,1.6046,-0.0017,-0.1633
2779,-3.40,500,0.00,0.0000,-0.0026,0.0016,1.6047,-0.0011,-0.1622
2780,-3.70,500,0.00,0.0000,-0.0039,0.0023,1.6047,-0.0016,-0.1633
2781,-3.30,500,0.00,0.0000,-0.0023,0.0016,1.6047,-0.0008,-0.1619
2782,-2.70,500,0.00,0.0000,0.0000,0.0015,1.6046,0.0005,-0.1597
2783,-2.80,500,0.00,0.0000,-0.0006,0.0021,1.6046,0.0003,-0.1600
2784,-2.90,500,0.00,0.0000,-0.0009,0.0021,1.6046,0.0001,-0.1603
2785,-2.90,500,0.00,0.0000,-0.0007,0.0015,1.6046,0.0001,-0.1604
2786,-2.20,500,0.00,0.0000,0.0018,0.0014,1.6045,0.0016,-0.1580
2787,-1.90,500,0.00,0.0000,0.0028,0.0018,1.6045,0.0022,-0.1568
2788,-3.70,500,0.00,0.0000,-0.0032,0.0017,1.6046,-0.0014,-0.1628
2789,-3.40,500,0.00,0.0000,-0.0024,0.0016,1.6047,-0.0008,-0.1620
2790,-3.10,500,0.00,0.0000,-0.0011,0.0016,1.6047,-0.0002,-0.1608
2791,-1.50,500,0.00,0.0000,0.0042,0.0019,1.6048,0.0030,-0.1553
2792,-4.00,500,0.00,0.0000,-0.0043,0.0018,1.6049,-0.0021,-0.1639
2793,-3.50,500,0.00,0.0000,-0.0025,0.0017,1.6050,-0.0011,-0.1622
2794,-2.00,500,0.00,0.0000,0.0018,0.0048,1.6051,0.0019,-0.1564
2795,-3.00,500,0.00,0.0000,-0.0010,0.0022,1.6051,-0.0001,-0.1604
2796,-2.60,500,0.00,0.0000,0.0004,0.0021,1.6051,0.0007,-0.1591
2797,-1.40,500,0.00,0.0000,0.0043,0.0019,1.6051,0.0031,-0.1553
2798,-3.60,500,0.00,0.0000,-0.0031,0.0017,1.6052,-0.0013,-0.1628
2799,-2.10,500,0.00,0.0000,0.0018,0.0020,1.6052,0.0017,-0.1577
2800,-1.80,500,0.00,0.0000,0.0030,0.0019,1.6052,0.0022,-0.1566
2801,-0.90,500,0.00,0.0000,0.0054,0.0046,1.6052,0.0040,-0.1529
2802,-1.00,500,0.00,0.0000,0.0053,0.0040,1.6053,0.0037,-0.1533
2803,-3.50,500,0.00,0.0000,-0.0032,0.0016,1.6054,-0.0013,-0.1629
2804,-3.90,500,0.00,0.0000,-0.0043,0.0011,1.6054,-0.0022,-0.1643
2805,-3.90,500,0.00,0.0000,-0.0043,0.0011,1.6054,-0.0022,-0.1643
2806,-1.80,500,0.00,0.0000,0.0024,0.0019,1.6054,0.0020,-0.1572
2807,-2.90,500,0.00,0.0000,-0.0014,0.0021,1.6054,-0.0003,-0.1609
2808,-3.40,500,0.00,0.0000,-0.0030,0.0022,1.6054,-0.0013,-0.1624
2809,-2.60,500,0.00,0.0000,-0.0003,0.0014,1.6054,0.0003,-0.1601
2810,-4.60,500,0.00,0.0000,-0.0071,0.0018,1.6054,-0.0037,-0.1668
2811,-4.00,500,0.00,0.0000,-0.0053,0.0023,1.6053,-0.0025,-0.1647
2812,-2.50,500,0.00,0.0000,-0.0000,0.0020,1.6051,0.0006,-0.1595
2813,-2.70,500,0.00,0.0000,-0.0003,0.0015,1.6048,0.0002,-0.1601
2814,-3.50,500,0.00,0.0000,-0.0033,0.0016,1.6047,-0.0014,-0.1629
2815,-3.10,500,0.00,0.0000,-0.0016,0.0015,1.6045,-0.0005,-0.1613
2816,-2.40,500,0.00,0.0000,0.0006,0.0014,1.6044,0.0009,-0.1591
2817,-2.50,500,0.00,0.0000,0.0003,0.0014,1.6043,0.0007,-0.1595
2818,-2.30,500,0.00,0.0000,0.0008,0.0020,1.6043,0.0011,-0.1586
2819,-2.60,500,0.00,0.0000,-0.0002,0.0021,1.6042,0.0005,-0.1596
2820,-2.70,500,0.00,0.0000,-0.0010,0.0043,1.6042,0.0003,-0.1593
2821,-1.30,500,0.00,0.0000,0.0038,0.0040,1.6041,0.0031,-0.1546
2822,-3.00,500,0.00,0.0000,-0.0017,0.0021,1.6040,-0.0003,-0.1610
2823,-4.70,500,0.00,0.0000,-0.0072,0.0012,1.6039,-0.0037,-0.1670
2824,-2.30,500,0.00,0.0000,0.0007,0.0020,1.6037,0.0011,-0.1587
2825,-2.60,500,0.00,0.0000,0.0003,0.0007,1.6036,0.0005,-0.1597
2826,-1.90,500,0.00,0.0000,0.0021,0.0019,1.6036,0.0019,-0.1573
2827,-3.30,500,0.00,0.0000,-0.0026,0.0022,1.6037,-0.0009,-0.1619
2828,-3.10,500,0.00,0.0000,-0.0019,0.0015,1.6037,-0.0005,-0.1615
2829,-4.10,500,0.00,0.0000,-0.0050,0.0011,1.6038,-0.0025,-0.1648
2830,-3.40,500,0.00,0.0000,-0.0029,0.0022,1.6038,-0.0011,-0.1622
2831,-2.90,500,0.00,0.0000,-0.0012,0.0015,1.6039,-0.0001,-0.1608
2832,-3.00,500,0.00,0.0000,-0.0017,0.0021,1.6039,-0.0003,-0.1610
2833,-3.00,500,0.00,0.0000,-0.0014,0.0015,1.6040,-0.0003,-0.1611
2834,-2.90,500,0.00,0.0000,-0.0011,0.0015,1.6040,-0.0001,-0.1607
2835,2.28,318,0.00,0.0000,0.0196,0.0255,1.6041,0.0135,-0.1280
2836,-3.40,500,0.00,0.0000,-0.0029,0.0016,1.6041,-0.0011,-0.1625
2837,-1.00,500,0.00,0.0000,0.0052,0.0018,1.6040,0.0037,-0.1543
2838,-2.00,500,0.00,0.0000,0.0018,0.0013,1.6041,0.0016,-0.1579
2839,-2.80,500,0.00,0.0000,-0.0010,0.0015,1.6043,-0.0001,-0.1607
2840,-3.70,500,0.00,0.0000,-0.0038,0.0010,1.6044,-0.0019,-0.1638
2841,-2.10,500,0.00,0.0000,0.0013,0.0013,1.6045,0.0012,-0.1585
2842,-2.90,500,0.00,0.0000,-0.0018,0.0021,1.6047,-0.0004,-0.1612
2843,-2.50,500,0.00,0.0000,-0.0003,0.0014,1.6049,0.0003,-0.1601
2844,-3.10,500,0.00,0.0000,-0.0024,0.0015,1.6050,-0.0009,-0.1622
2845,-2.40,500,0.00,0.0000,-0.0002,0.0019,1.6051,0.0004,-0.1598
2846,-3.10,500,0.00,0.0000,-0.0025,0.0015,1.6052,-0.0010,-0.1623
2847,-3.50,500,0.00,0.0000,-0.0039,0.0015,1.6053,-0.0018,-0.1637
2848,-3.60,500,0.00,0.0000,-0.0043,0.0016,1.6053,-0.0021,-0.1641
2849,-0.70,500,0.00,0.0000,0.0049,0.0044,1.6053,0.0037,-0.1534
2850,-2.80,500,0.00,0.0000,-0.0016,0.0020,1.6053,-0.0005,-0.1612
2851,-3.00,500,0.00,0.0000,-0.0023,0.0014,1.6052,-0.0009,-0.1621
2852,-2.90,500,0.00,0.0000,-0.0018,0.0012,1.6052,-0.0007,-0.1617
2853,-1.60,500,0.00,0.0000,0.0021,0.0038,1.6052,0.0019,-0.1565
2854,-3.30,500,0.00,0.0000,-0.0034,0.0015,1.6052,-0.0015,-0.1632
2855,-4.20,500,0.00,0.0000,-0.0062,0.0011,1.6051,-0.0033,-0.1662
2856,-3.30,500,0.00,0.0000,-0.0033,0.0015,1.6050,-0.0015,-0.1630
2857,-3.60,500,0.00,0.0000,-0.0044,0.0015,1.6050,-0.0021,-0.1641
2858,-1.80,500,0.00,0.0000,0.0018,0.0018,1.6049,0.0015,-0.1577
2859,-3.20,500,0.00,0.0000,-0.0027,0.0009,1.6049,-0.0013,-0.1628
2860,-0.50,500,0.00,0.0000,0.0060,0.0038,1.6049,0.0042,-0.1526
2861,-4.60,500,0.00,0.0000,-0.0076,0.0011,1.6049,-0.0040,-0.1675
2862,-2.00,500,0.00,0.0000,0.0013,0.0013,1.6049,0.0012,-0.1585
2863,-4.40,500,0.00,0.0000,-0.0068,0.0011,1.6049,-0.0036,-0.1668
2864,-2.40,500,0.00,0.0000,-0.0001,0.0019,1.6049,0.0004,-0.1596
2865,-4.40,500,0.00,0.0000,-0.0066,0.0009,1.6050,-0.0036,-0.1666
2866,-2.00,500,0.00,0.0000,0.0014,0.0013,1.6050,0.0013,-0.1584
2867,-2.50,500,0.00,0.0000,-0.0001,0.0014,1.6050,0.0003,-0.1599
2868,-3.00,500,0.00,0.0000,-0.0019,0.0015,1.6051,-0.0007,-0.1617
2869,-4.30,500,0.00,0.0000,-0.0062,0.0011,1.6051,-0.0033,-0.1662
2870,-2.40,500,0.00,0.0000,0.0002,0.0014,1.6052,0.0006,-0.1596
2871,-3.30,500,0.00,0.0000,-0.0028,0.0020,1.6052,-0.0012,-0.1624
2872,-0.60,500,0.00,0.0000,0.0060,0.0044,1.6052,0.0042,-0.1523
2873,-2.00,500,0.00,0.0000,0.0009,0.0047,1.6052,0.0015,-0.1572
2874,-4.00,500,0.00,0.0000,-0.0052,0.0017,1.6052,-0.0025,-0.1649
2875,-1.50,500,0.00,0.0000,0.0032,0.0018,1.6051,0.0025,-0.1564
2876,-3.70,500,0.00,0.0000,-0.0038,0.0010,1.6050,-0.0019,-0.1638
2877,-2.60,500,0.00,0.0000,-0.0004,0.0014,1.6050,0.0003,-0.1602
2878,-3.00,500,0.00,0.0000,-0.0016,0.0015,1.6049,-0.0005,-0.1613
2879,-2.70,500,0.00,0.0000,-0.0005,0.0014,1.6049,0.0001,-0.1603
2880,-1.30,500,0.00,0.0000,0.0034,0.0046,1.6049,0.0029,-0.1548
2881,-2.90,500,0.00,0.0000,-0.0012,0.0015,1.6049,-0.0003,-0.1610
2882,-3.70,500,0.00,0.0000,-0.0040,0.0014,1.6049,-0.0020,-0.1638
2883,-3.50,500,0.00,0.0000,-0.0037,0.0022,1.6049,-0.0016,-0.1631
2884,-3.40,500,0.00,0.0000,-0.0033,0.0022,1.6049,-0.0013,-0.1627
2885,-2.10,500,0.00,0.0000,0.0008,0.0041,1.6048,0.0013,-0.1576
2886,-3.30,500,0.00,0.0000,-0.0028,0.0016,1.6046,-0.0011,-0.1624
2887,-3.50,500,0.00,0.0000,-0.0036,0.0022,1.6045,-0.0015,-0.1630
2888,-3.60,500,0.00,0.0000,-0.0035,0.0010,1.6043,-0.0016,-0.1634
2889,-3.00,500,0.00,0.0000,-0.0017,0.0015,1.6041,-0.0004,-0.1613
2890,-3.40,500,0.00,0.0000,-0.0030,0.0022,1.6039,-0.0012,-0.1623
2891,-2.60,500,0.00,0.0000,-0.0001,0.0015,1.6038,0.0005,-0.1598
2892,-1.60,500,0.00,0.0000,0.0027,0.0041,1.6037,0.0025,-0.1556
2893,-3.90,500,0.00,0.0000,-0.0046,0.0023,1.6035,-0.0021,-0.1638
2894,-2.40,500,0.00,0.0000,0.0004,0.0020,1.6034,0.0010,-0.1589
2895,-3.20,500,0.00,0.0000,-0.0021,0.0016,1.6033,-0.0006,-0.1616
2896,-1.00,500,0.00,0.0000,0.0049,0.0046,1.6032,0.0038,-0.1531
2897,-3.10,500,0.00,0.0000,-0.0018,0.0016,1.6031,-0.0004,-0.1613
2898,-2.60,500,0.00,0.0000,-0.0000,0.0015,1.6031,0.0006,-0.1596
2899,-2.20,500,0.00,0.0000,0.0016,0.0014,1.6031,0.0014,-0.1581
2900,-1.80,500,0.00,0.0000,0.0025,0.0019,1.6033,0.0021,-0.1569
2901,-2.20,500,0.00,0.0000,0.0015,0.0014,1.6035,0.0013,-0.1582
2902,-4.60,500,0.00,0.0000,-0.0067,0.0012,1.6038,-0.0036,-0.1665
2903,-2.30,500,0.00,0.0000,0.0008,0.0014,1.6040,0.0010,-0.1589
2904,-3.10,500,0.00,0.0000,-0.0018,0.0013,1.6043,-0.0006,-0.1616
2905,-1.20,500,0.00,0.0000,0.0040,0.0040,1.6045,0.0031,-0.1545
2906,-3.50,500,0.00,0.0000,-0.0033,0.0016,1.6047,-0.0015,-0.1629
2907,-2.40,500,0.00,0.0000,0.0003,0.0014,1.6049,0.0007,-0.1595
2908,-2.20,500,0.00,0.0000,0.0008,0.0019,1.6051,0.0011,-0.1587
2909,-3.00,500,0.00,0.0000,-0.0018,0.0015,1.6053,-0.0006,-0.1616
2910,-3.30,500,0.00,0.0000,-0.0028,0.0015,1.6054,-0.0012,-0.1626
2911,-3.00,500,0.00,0.0000,-0.0018,0.0015,1.6055,-0.0006,-0.1617
2912,1.79,313,0.00,0.0000,0.0169,0.0255,1.6056,0.0116,-0.1309
2913,-2.10,500,0.00,0.0000,0.0007,0.0041,1.6055,0.0011,-0.1578
2914,-2.20,500,0.00,0.0000,0.0006,0.0019,1.6055,0.0009,-0.1590
2915,-2.90,500,0.00,0.0000,-0.0019,0.0020,1.6054,-0.0006,-0.1614
2916,-3.10,500,0.00,0.0000,-0.0025,0.0015,1.6054,-0.0010,-0.1622
2917,-2.60,500,0.00,0.0000,-0.0008,0.0020,1.6053,-0.0000,-0.1603
2918,-2.90,500,0.00,0.0000,-0.0017,0.0008,1.6052,-0.0006,-0.1618
2919,-3.00,500,0.00,0.0000,-0.0021,0.0013,1.6051,-0.0009,-0.1620
2920,0.03,469,0.00,0.0000,0.0067,0.0171,1.6051,0.0053,-0.1453
2921,-2.90,500,0.00,0.0000,-0.0018,0.0014,1.6050,-0.0007,-0.1616
2922,-2.60,500,0.00,0.0000,-0.0012,0.0020,1.6049,-0.0001,-0.1607
2923,-1.00,500,0.00,0.0000,0.0037,0.0045,1.6048,0.0031,-0.1545
2924,-3.10,500,0.00,0.0000,-0.0028,0.0021,1.6046,-0.0011,-0.1622
2925,-1.80,500,0.00,0.0000,0.0018,0.0012,1.6045,0.0014,-0.1580
2926,-2.30,500,0.00,0.0000,0.0001,0.0013,1.6045,0.0004,-0.1598
2927,-3.10,500,0.00,0.0000,-0.0029,0.0014,1.6045,-0.0012,-0.1627
2928,-0.30,500,0.00,0.0000,0.0061,0.0043,1.6046,0.0043,-0.1522
2929,-2.70,500,0.00,0.0000,-0.0017,0.0014,1.6046,-0.0005,-0.1615
2930,-2.40,500,0.00,0.0000,-0.0005,0.0013,1.6047,0.0000,-0.1604
2931,-3.40,500,0.00,0.0000,-0.0041,0.0015,1.6048,-0.0020,-0.1638
2932,-1.50,500,0.00,0.0000,0.0021,0.0017,1.6049,0.0018,-0.1575
2933,-2.70,500,0.00,0.0000,-0.0021,0.0019,1.6050,-0.0007,-0.1616
2934,-2.70,500,0.00,0.0000,-0.0020,0.0019,1.6051,-0.0007,-0.1615
2935,-2.80,500,0.00,0.0000,-0.0023,0.0013,1.6051,-0.0009,-0.1622
2936,-1.40,500,0.00,0.0000,0.0018,0.0045,1.6052,0.0019,-0.1565
2937,-3.00,500,0.00,0.0000,-0.0032,0.0020,1.6052,-0.0014,-0.1628
2938,-2.20,500,0.00,0.0000,-0.0003,0.0012,1.6052,0.0002,-0.1602
2939,-2.50,500,0.00,0.0000,-0.0014,0.0013,1.6052,-0.0004,-0.1613
2940,-2.60,500,0.00,0.0000,-0.0017,0.0013,1.6052,-0.0006,-0.1616
2941,-2.40,500,0.00,0.0000,-0.0012,0.0019,1.6051,-0.0002,-0.1608
2942,-1.20,500,0.00,0.0000,0.0027,0.0037,1.6051,0.0022,-0.1560
2943,-1.90,500,0.00,0.0000,0.0005,0.0018,1.6051,0.0008,-0.1592
2944,1.49,413,0.00,0.0000,0.0119,0.0186,1.6051,0.0083,-0.1393
2945,-2.90,500,0.00,0.0000,-0.0029,0.0019,1.6051,-0.0013,-0.1624
2946,-2.60,500,0.00,0.0000,-0.0019,0.0013,1.6051,-0.0007,-0.1617
2947,-1.30,500,0.00,0.0000,0.0018,0.0044,1.6050,0.0019,-0.1565
2948,-2.40,500,0.00,0.0000,-0.0013,0.0012,1.6050,-0.0003,-0.1611
2949,-4.30,500,0.00,0.0000,-0.0076,0.0010,1.6049,-0.0041,-0.1676
2950,-2.90,500,0.00,0.0000,-0.0032,0.0019,1.6048,-0.0013,-0.1627
2951,-2.80,500,0.00,0.0000,-0.0029,0.0019,1.6047,-0.0011,-0.1624
2952,-3.60,500,0.00,0.0000,-0.0054,0.0015,1.6046,-0.0027,-0.1652
2953,-2.30,500,0.00,0.0000,-0.0011,0.0018,1.6045,-0.0001,-0.1606
2954,-2.80,500,0.00,0.0000,-0.0026,0.0019,1.6043,-0.0011,-0.1621
2955,-1.90,500,0.00,0.0000,0.0003,0.0018,1.6042,0.0008,-0.1592
2956,-2.70,500,0.00,0.0000,-0.0021,0.0013,1.6041,-0.0008,-0.1619
2957,-1.00,500,0.00,0.0000,0.0031,0.0038,1.6041,0.0026,-0.1554
2958,-3.80,500,0.00,0.0000,-0.0058,0.0009,1.6041,-0.0030,-0.1658
2959,-2.40,500,0.00,0.0000,-0.0012,0.0013,1.6040,-0.0002,-0.1609
2960,-1.40,500,0.00,0.0000,0.0017,0.0039,1.6040,0.0018,-0.1568
2961,-0.30,500,0.00,0.0000,0.0054,0.0043,1.6040,0.0040,-0.1529
2962,-1.50,500,0.00,0.0000,0.0013,0.0045,1.6041,0.0016,-0.1568
2963,-2.90,500,0.00,0.0000,-0.0027,0.0007,1.6041,-0.0012,-0.1628
2964,-2.70,500,0.00,0.0000,-0.0024,0.0019,1.6041,-0.0008,-0.1619
2965,-3.10,500,0.00,0.0000,-0.0034,0.0008,1.6042,-0.0017,-0.1634
2966,-3.60,500,0.00,0.0000,-0.0054,0.0015,1.6042,-0.0027,-0.1650
2967,-3.40,500,0.00,0.0000,-0.0045,0.0014,1.6042,-0.0023,-0.1642
2968,-2.80,500,0.00,0.0000,-0.0026,0.0013,1.6043,-0.0010,-0.1624
2969,-2.10,500,0.00,0.0000,-0.0007,0.0040,1.6043,0.0004,-0.1591
2970,-3.10,500,0.00,0.0000,-0.0038,0.0020,1.6043,-0.0016,-0.1632
2971,-3.60,500,0.00,0.0000,-0.0049,0.0007,1.6042,-0.0026,-0.1649
2972,-2.80,500,0.00,0.0000,-0.0022,0.0007,1.6042,-0.0010,-0.1623
2973,-2.30,500,0.00,0.0000,-0.0005,0.0013,1.6042,0.0001,-0.1603
2974,-3.20,500,0.00,0.0000,-0.0038,0.0014,1.6043,-0.0017,-0.1635
2975,-1.80,500,0.00,0.0000,0.0005,0.0040,1.6043,0.0011,-0.1579
2976,-2.50,500,0.00,0.0000,-0.0011,0.0013,1.6043,-0.0003,-0.1609
2977,-1.70,500,0.00,0.0000,0.0013,0.0017,1.6044,0.0014,-0.1582
2978,-3.80,500,0.00,0.0000,-0.0057,0.0015,1.6045,-0.0028,-0.1654
2979,-0.10,500,0.00,0.0000,0.0063,0.0042,1.6045,0.0046,-0.1520
2980,-0.60,500,0.00,0.0000,0.0048,0.0043,1.6045,0.0036,-0.1535
2981,-2.40,500,0.00,0.0000,-0.0010,0.0027,1.6046,-0.0001,-0.1602
2982,-1.90,500,0.00,0.0000,0.0006,0.0018,1.6047,0.0009,-0.1589
2983,-3.40,500,0.00,0.0000,-0.0044,0.0015,1.6047,-0.0021,-0.1641
2984,-3.30,500,0.00,0.0000,-0.0039,0.0014,1.6048,-0.0019,-0.1637
2985,-3.90,500,0.00,0.0000,-0.0061,0.0016,1.6048,-0.0031,-0.1658
2986,-4.10,500,0.00,0.0000,-0.0066,0.0016,1.6048,-0.0035,-0.1663
2987,-3.00,500,0.00,0.0000,-0.0030,0.0014,1.6047,-0.0013,-0.1627
2988,-1.30,500,0.00,0.0000,0.0026,0.0039,1.6047,0.0022,-0.1560
2989,-3.20,500,0.00,0.0000,-0.0034,0.0014,1.6046,-0.0016,-0.1632
2990,-3.30,500,0.00,0.0000,-0.0039,0.0019,1.6046,-0.0018,-0.1634
2991,-2.60,500,0.00,0.0000,-0.0015,0.0018,1.6046,-0.0004,-0.1610
2992,-2.20,500,0.00,0.0000,-0.0002,0.0019,1.6045,0.0005,-0.1598
2993,-3.60,500,0.00,0.0000,-0.0044,0.0009,1.6045,-0.0023,-0.1644
2994,-3.30,500,0.00,0.0000,-0.0037,0.0015,1.6045,-0.0017,-0.1635
2995,-2.90,500,0.00,0.0000,-0.0023,0.0014,1.6045,-0.0009,-0.1621
2996,-1.80,500,0.00,0.0000,0.0010,0.0040,1.6045,0.0014,-0.1575
2997,-3.40,500,0.00,0.0000,-0.0039,0.0015,1.6045,-0.0018,-0.1636
2998,-2.90,500,0.00,0.0000,-0.0022,0.0014,1.6044,-0.0008,-0.1619
2999,-3.80,500,0.00,0.0000,-0.0051,0.0016,1.6044,-0.0025,-0.1647
3000,-3.40,500,0.00,0.0000,-0.0036,0.0015,1.6043,-0.0017,-0.1633
